0.0,8.5,6.5,1.571,0.0,-0.0,-0.0,3.0,-1.0,-1.0
0.02,8.5,6.5,1.572,-0.02,0.01,0.125,0.0,-1.0,-1.0
0.04,8.499,6.5,1.576,-0.039,0.021,0.252,0.0,-1.0,-1.0
0.06,8.498,6.501,1.582,-0.059,0.031,0.378,0.0,-1.0,-1.0
0.08,8.497,6.502,1.591,-0.079,0.04,0.502,0.0,-1.0,-1.0
0.1,8.495,6.502,1.602,-0.098,0.048,0.623,0.0,-1.0,-1.0
0.12,8.493,6.503,1.615,-0.118,0.055,0.742,0.0,-1.0,-1.0
0.14,8.49,6.505,1.631,-0.138,0.062,0.863,0.0,-1.0,-1.0
0.16,8.487,6.506,1.65,-0.157,0.069,0.983,0.0,-1.0,-1.0
0.18,8.484,6.507,1.671,-0.177,0.076,1.102,0.0,-1.0,-1.0
0.2,8.48,6.509,1.694,-0.197,0.08,1.217,0.0,-1.0,-1.0
0.22,8.476,6.51,1.719,-0.216,0.082,1.328,0.0,-1.0,-1.0
0.24,8.472,6.512,1.747,-0.235,0.086,1.441,0.0,-1.0,-1.0
0.26,8.467,6.514,1.776,-0.255,0.089,1.554,0.0,-1.0,-1.0
0.28,8.462,6.515,1.808,-0.274,0.092,1.666,0.0,-1.0,-1.0
0.3,8.456,6.517,1.843,-0.294,0.092,1.773,0.0,-1.0,-1.0
0.32,8.45,6.519,1.879,-0.313,0.089,1.875,0.0,-1.0,-1.0
0.339,8.443,6.521,1.917,-0.333,0.086,1.978,0.0,-1.0,-1.0
0.359,8.436,6.522,1.958,-0.352,0.085,2.083,0.0,-1.0,-1.0
0.379,8.429,6.524,2.0,-0.371,0.083,2.186,0.0,-1.0,-1.0
0.399,8.422,6.525,2.044,-0.391,0.077,2.283,0.0,-1.0,-1.0
0.419,8.414,6.527,2.091,-0.412,0.066,2.37,0.0,-1.0,-1.0
0.439,8.405,6.528,2.139,-0.434,0.054,2.457,0.0,-1.0,-1.0
0.459,8.396,6.529,2.189,-0.455,0.046,2.549,0.0,-1.0,-1.0
0.479,8.387,6.529,2.24,-0.477,0.036,2.638,0.0,-1.0,-1.0
0.499,8.377,6.53,2.293,-0.498,0.021,2.719,0.0,-1.0,-1.0
0.519,8.367,6.53,2.348,-0.52,-0.002,2.783,0.0,-1.0,-1.0
0.539,8.356,6.529,2.404,-0.542,-0.032,2.836,0.0,-1.0,-1.0
0.559,8.345,6.528,2.461,-0.566,-0.058,2.895,0.0,-1.0,-1.0
0.579,8.334,6.527,2.519,-0.589,-0.085,2.953,0.0,-1.0,-1.0
0.599,8.322,6.524,2.578,-0.611,-0.116,3.004,0.0,-1.0,-1.0
0.619,8.31,6.522,2.638,-0.631,-0.154,3.04,0.0,-1.0,-1.0
0.639,8.297,6.518,2.699,-0.647,-0.202,3.059,0.0,-1.0,-1.0
0.659,8.284,6.513,2.76,-0.665,-0.253,3.081,0.0,-1.0,-1.0
0.679,8.271,6.508,2.821,-0.683,-0.304,3.104,0.0,-1.0,-1.0
0.699,8.257,6.502,2.883,-0.7,-0.353,3.123,0.0,-1.0,-1.0
0.719,8.243,6.494,2.945,-0.713,-0.399,3.132,0.0,-1.0,-1.0
0.739,8.229,6.486,3.008,-0.72,-0.441,3.128,0.0,-1.0,-1.0
0.759,8.214,6.477,3.07,-0.727,-0.481,3.124,0.0,-1.0,-1.0
0.779,8.2,6.467,3.132,-0.734,-0.52,3.122,0.0,-1.0,-1.0
0.799,8.185,6.456,3.195,-0.741,-0.56,3.117,0.0,-1.0,-1.0
0.819,8.17,6.444,3.256,-0.746,-0.601,3.107,0.0,-1.0,-1.0
0.839,8.155,6.432,3.318,-0.749,-0.644,3.086,0.0,-1.0,-1.0
0.859,8.14,6.418,3.38,-0.751,-0.688,3.064,0.0,-1.0,-1.0
0.879,8.125,6.404,3.44,-0.753,-0.731,3.043,0.0,-1.0,-1.0
0.899,8.11,6.389,3.501,-0.755,-0.775,3.021,0.0,-1.0,-1.0
0.919,8.095,6.373,3.561,-0.756,-0.819,2.996,0.0,-1.0,-1.0
0.939,8.08,6.356,3.62,-0.755,-0.865,2.964,0.0,-1.0,-1.0
0.959,8.065,6.338,3.679,-0.753,-0.911,2.928,0.0,-1.0,-1.0
0.978,8.05,6.32,3.737,-0.751,-0.956,2.896,0.0,-1.0,-1.0
0.998,8.035,6.3,3.794,-0.749,-1.001,2.863,0.0,-1.0,-1.0
1.018,8.02,6.28,3.851,-0.747,-1.047,2.826,0.0,-1.0,-1.0
1.038,8.005,6.258,3.907,-0.743,-1.098,2.782,0.0,-1.0,-1.0
1.058,7.991,6.236,3.962,-0.739,-1.152,2.729,0.0,-1.0,-1.0
1.078,7.976,6.212,4.016,-0.734,-1.209,2.676,0.0,-1.0,-1.0
1.098,7.961,6.187,4.069,-0.728,-1.266,2.624,0.0,-1.0,-1.0
1.118,7.947,6.162,4.12,-0.723,-1.323,2.572,0.0,-1.0,-1.0
1.138,7.932,6.135,4.171,-0.718,-1.379,2.52,0.0,-1.0,-1.0
1.158,7.918,6.107,4.221,-0.713,-1.434,2.466,0.0,-1.0,-1.0
1.178,7.904,6.078,4.269,-0.709,-1.487,2.411,0.0,-1.0,-1.0
1.198,7.89,6.048,4.317,-0.705,-1.536,2.353,0.0,-1.0,-1.0
1.218,7.876,6.017,4.363,-0.701,-1.585,2.295,0.0,-1.0,-1.0
1.238,7.862,5.985,4.408,-0.697,-1.634,2.239,0.0,-1.0,-1.0
1.258,7.848,5.952,4.453,-0.693,-1.685,2.183,0.0,-1.0,-1.0
1.278,7.834,5.918,4.495,-0.69,-1.735,2.126,0.0,-1.0,-1.0
1.298,7.82,5.883,4.537,-0.686,-1.784,2.069,0.0,-1.0,-1.0
1.318,7.807,5.847,4.578,-0.682,-1.831,2.01,0.0,-1.0,-1.0
1.338,7.793,5.81,4.617,-0.679,-1.874,1.947,0.0,-1.0,-1.0
1.358,7.78,5.772,4.655,-0.675,-1.914,1.881,0.0,-1.0,-1.0
1.378,7.766,5.734,4.692,-0.672,-1.953,1.814,0.0,-1.0,-1.0
1.398,7.753,5.694,4.728,-0.669,-1.993,1.747,0.0,-1.0,-1.0
1.418,7.739,5.654,4.762,-0.666,-2.034,1.681,0.0,-1.0,-1.0
1.438,7.726,5.613,4.795,-0.663,-2.074,1.614,0.0,-1.0,-1.0
1.458,7.713,5.572,4.826,-0.66,-2.113,1.547,0.0,-1.0,-1.0
1.478,7.7,5.529,4.856,-0.657,-2.149,1.478,0.0,-1.0,-1.0
1.498,7.687,5.486,4.885,-0.653,-2.182,1.408,0.0,-1.0,-1.0
1.518,7.674,5.443,4.912,-0.649,-2.21,1.337,0.0,-1.0,-1.0
1.538,7.661,5.398,4.938,-0.645,-2.239,1.265,0.0,-1.0,-1.0
1.558,7.648,5.353,4.963,-0.64,-2.27,1.194,0.0,-1.0,-1.0
1.578,7.635,5.308,4.986,-0.636,-2.301,1.122,0.0,-1.0,-1.0
1.598,7.622,5.262,5.008,-0.632,-2.331,1.051,0.0,-1.0,-1.0
1.617,7.61,5.215,5.028,-0.627,-2.359,0.979,0.0,-1.0,-1.0
1.637,7.597,5.168,5.047,-0.624,-2.383,0.907,0.0,-1.0,-1.0
1.657,7.585,5.121,5.064,-0.621,-2.402,0.834,0.0,-1.0,-1.0
1.677,7.573,5.073,5.08,-0.618,-2.416,0.759,0.0,-1.0,-1.0
1.697,7.56,5.024,5.094,-0.615,-2.432,0.685,0.0,-1.0,-1.0
1.717,7.548,4.976,5.107,-0.612,-2.45,0.61,0.0,-1.0,-1.0
1.737,7.536,4.927,5.119,-0.609,-2.467,0.535,0.0,-1.0,-1.0
1.757,7.524,4.877,5.129,-0.606,-2.483,0.46,0.0,-1.0,-1.0
1.777,7.511,4.828,5.137,-0.604,-2.497,0.386,0.0,-1.0,-1.0
1.797,7.499,4.778,5.144,-0.601,-2.507,0.313,0.0,-1.0,-1.0
1.817,7.487,4.728,5.15,-0.6,-2.511,0.24,0.0,-1.0,-1.0
1.837,7.475,4.678,5.154,-0.599,-2.513,0.169,0.0,-1.0,-1.0
1.857,7.463,4.628,5.157,-0.597,-2.516,0.097,0.0,-1.0,-1.0
1.877,7.452,4.578,5.158,-0.596,-2.521,0.025,0.0,-1.0,-1.0
1.897,7.44,4.528,5.158,-0.594,-2.525,-0.047,0.0,-1.0,-1.0
1.917,7.428,4.478,5.156,-0.593,-2.528,-0.119,0.0,-1.0,-1.0
1.937,7.416,4.427,5.153,-0.592,-2.528,-0.19,0.0,-1.0,-1.0
1.957,7.404,4.377,5.149,-0.591,-2.524,-0.26,0.0,-1.0,-1.0
1.977,7.392,4.327,5.143,-0.592,-2.514,-0.329,0.0,-1.0,-1.0
1.997,7.38,4.277,5.135,-0.592,-2.502,-0.398,0.0,-1.0,-1.0
2.017,7.369,4.227,5.127,-0.591,-2.492,-0.467,0.0,-1.0,-1.0
2.037,7.357,4.178,5.117,-0.591,-2.483,-0.536,0.0,-1.0,-1.0
2.057,7.345,4.128,5.105,-0.591,-2.473,-0.605,0.0,-1.0,-1.0
2.077,7.333,4.079,5.093,-0.591,-2.462,-0.673,0.0,-1.0,-1.0
2.097,7.321,4.031,5.079,-0.592,-2.448,-0.742,0.0,-1.0,-1.0
2.117,7.309,3.982,5.063,-0.594,-2.429,-0.809,0.0,-1.0,-1.0
2.137,7.297,3.934,5.046,-0.598,-2.405,-0.876,0.0,-1.0,-1.0
2.157,7.285,3.886,5.028,-0.602,-2.38,-0.943,0.0,-1.0,-1.0
2.177,7.273,3.839,5.009,-0.607,-2.358,-1.012,0.0,-1.0,-1.0
2.197,7.261,3.792,4.988,-0.611,-2.335,-1.082,0.0,-1.0,-1.0
2.217,7.249,3.746,4.966,-0.615,-2.312,-1.15,0.0,-1.0,-1.0
2.237,7.237,3.7,4.942,-0.62,-2.287,-1.217,0.0,-1.0,-1.0
2.257,7.224,3.655,4.918,-0.624,-2.259,-1.282,0.0,-1.0,-1.0
2.276,7.212,3.611,4.892,-0.628,-2.227,-1.343,0.0,-1.0,-1.0
2.296,7.199,3.567,4.864,-0.632,-2.19,-1.401,0.0,-1.0,-1.0
2.316,7.186,3.523,4.836,-0.636,-2.154,-1.459,0.0,-1.0,-1.0
2.336,7.174,3.481,4.806,-0.64,-2.119,-1.518,0.0,-1.0,-1.0
2.356,7.161,3.439,4.775,-0.644,-2.084,-1.578,0.0,-1.0,-1.0
2.376,7.148,3.398,4.743,-0.648,-2.048,-1.637,0.0,-1.0,-1.0
2.396,7.135,3.357,4.71,-0.652,-2.011,-1.694,0.0,-1.0,-1.0
2.416,7.122,3.318,4.676,-0.656,-1.97,-1.748,0.0,-1.0,-1.0
2.436,7.109,3.279,4.641,-0.66,-1.925,-1.799,0.0,-1.0,-1.0
2.456,7.096,3.241,4.605,-0.663,-1.876,-1.847,0.0,-1.0,-1.0
2.476,7.082,3.204,4.567,-0.667,-1.826,-1.898,0.0,-1.0,-1.0
2.496,7.069,3.168,4.529,-0.671,-1.775,-1.951,0.0,-1.0,-1.0
2.516,7.056,3.133,4.49,-0.675,-1.724,-2.004,0.0,-1.0,-1.0
2.536,7.042,3.099,4.45,-0.679,-1.674,-2.055,0.0,-1.0,-1.0
2.556,7.029,3.066,4.409,-0.682,-1.625,-2.102,0.0,-1.0,-1.0
2.576,7.015,3.034,4.367,-0.685,-1.578,-2.143,0.0,-1.0,-1.0
2.596,7.001,3.003,4.324,-0.687,-1.535,-2.176,0.0,-1.0,-1.0
2.616,6.987,2.972,4.28,-0.689,-1.493,-2.205,0.0,-1.0,-1.0
2.636,6.974,2.943,4.236,-0.691,-1.452,-2.235,0.0,-1.0,-1.0
2.656,6.96,2.915,4.191,-0.692,-1.411,-2.264,0.0,-1.0,-1.0
2.676,6.946,2.887,4.145,-0.693,-1.369,-2.289,0.0,-1.0,-1.0
2.696,6.932,2.86,4.099,-0.693,-1.326,-2.311,0.0,-1.0,-1.0
2.716,6.918,2.834,4.053,-0.693,-1.284,-2.334,0.0,-1.0,-1.0
2.736,6.905,2.809,4.006,-0.693,-1.241,-2.357,0.0,-1.0,-1.0
2.756,6.891,2.784,3.959,-0.692,-1.199,-2.376,0.0,-1.0,-1.0
2.776,6.877,2.761,3.912,-0.69,-1.155,-2.39,0.0,-1.0,-1.0
2.796,6.863,2.738,3.864,-0.688,-1.112,-2.406,0.0,-1.0,-1.0
2.816,6.85,2.716,3.816,-0.686,-1.069,-2.421,0.0,-1.0,-1.0
2.836,6.836,2.695,3.767,-0.683,-1.026,-2.433,0.0,-1.0,-1.0
2.856,6.822,2.675,3.718,-0.679,-0.981,-2.442,0.0,-1.0,-1.0
2.876,6.809,2.656,3.67,-0.676,-0.937,-2.451,0.0,-1.0,-1.0
2.896,6.795,2.638,3.621,-0.672,-0.893,-2.459,0.0,-1.0,-1.0
2.915,6.782,2.621,3.572,-0.667,-0.848,-2.466,0.0,-1.0,-1.0
2.935,6.769,2.604,3.522,-0.661,-0.802,-2.469,0.0,-1.0,-1.0
2.955,6.756,2.589,3.473,-0.656,-0.756,-2.472,0.0,-1.0,-1.0
2.975,6.743,2.574,3.424,-0.65,-0.711,-2.475,0.0,-1.0,-1.0
2.995,6.73,2.56,3.374,-0.644,-0.664,-2.477,0.0,-1.0,-1.0
3.015,6.717,2.547,3.325,-0.636,-0.617,-2.475,0.0,-1.0,-1.0
3.035,6.704,2.536,3.275,-0.629,-0.57,-2.473,0.0,-1.0,-1.0
3.055,6.692,2.525,3.226,-0.621,-0.523,-2.471,0.0,-1.0,-1.0
3.075,6.68,2.515,3.177,-0.613,-0.476,-2.467,0.0,-1.0,-1.0
3.095,6.667,2.506,3.128,-0.604,-0.427,-2.461,0.0,-1.0,-1.0
3.115,6.655,2.498,3.079,-0.595,-0.378,-2.453,0.0,-1.0,-1.0
3.135,6.644,2.491,3.03,-0.586,-0.33,-2.447,0.0,-1.0,-1.0
3.155,6.632,2.485,2.981,-0.576,-0.281,-2.439,0.0,-1.0,-1.0
3.175,6.621,2.479,2.932,-0.565,-0.231,-2.428,0.0,-1.0,-1.0
3.195,6.61,2.475,2.884,-0.554,-0.181,-2.415,0.0,-1.0,-1.0
3.215,6.599,2.472,2.836,-0.543,-0.132,-2.404,0.0,-1.0,-1.0
3.235,6.588,2.47,2.788,-0.532,-0.082,-2.391,0.0,-1.0,-1.0
3.255,6.577,2.469,2.741,-0.519,-0.031,-2.376,0.0,-1.0,-1.0
3.275,6.567,2.469,2.693,-0.506,0.02,-2.359,0.0,-1.0,-1.0
3.295,6.557,2.47,2.646,-0.494,0.071,-2.343,0.0,-1.0,-1.0
3.315,6.547,2.472,2.6,-0.481,0.123,-2.326,0.0,-1.0,-1.0
3.335,6.538,2.475,2.554,-0.467,0.174,-2.306,0.0,-1.0,-1.0
3.355,6.529,2.479,2.508,-0.452,0.226,-2.285,0.0,-1.0,-1.0
3.375,6.52,2.484,2.462,-0.439,0.275,-2.266,0.0,-1.0,-1.0
3.395,6.511,2.49,2.418,-0.425,0.326,-2.246,0.0,-1.0,-1.0
3.415,6.503,2.497,2.373,-0.409,0.381,-2.221,0.0,-1.0,-1.0
3.435,6.495,2.505,2.329,-0.391,0.441,-2.19,0.0,-1.0,-1.0
3.455,6.487,2.515,2.286,-0.373,0.503,-2.16,0.0,-1.0,-1.0
3.475,6.48,2.525,2.243,-0.354,0.565,-2.13,0.0,-1.0,-1.0
3.495,6.473,2.537,2.201,-0.336,0.627,-2.1,0.0,-1.0,-1.0
3.515,6.467,2.55,2.159,-0.318,0.687,-2.069,0.0,-1.0,-1.0
3.535,6.461,2.564,2.118,-0.3,0.746,-2.036,0.0,-1.0,-1.0
3.554,6.455,2.58,2.078,-0.283,0.802,-2.001,0.0,-1.0,-1.0
3.574,6.449,2.596,2.038,-0.265,0.859,-1.966,0.0,-1.0,-1.0
3.594,6.444,2.614,1.999,-0.248,0.916,-1.932,0.0,-1.0,-1.0
3.614,6.439,2.633,1.961,-0.23,0.973,-1.898,0.0,-1.0,-1.0
3.634,6.435,2.653,1.924,-0.213,1.029,-1.863,0.0,-1.0,-1.0
3.654,6.431,2.674,1.887,-0.196,1.083,-1.825,0.0,-1.0,-1.0
3.674,6.427,2.696,1.851,-0.18,1.135,-1.786,0.0,-1.0,-1.0
3.694,6.424,2.719,1.816,-0.163,1.187,-1.748,0.0,-1.0,-1.0
3.714,6.421,2.743,1.781,-0.146,1.24,-1.711,0.0,-1.0,-1.0
3.734,6.418,2.768,1.747,-0.13,1.292,-1.673,0.0,-1.0,-1.0
3.754,6.415,2.795,1.715,-0.114,1.343,-1.634,0.0,-1.0,-1.0
3.774,6.413,2.822,1.682,-0.098,1.392,-1.591,0.0,-1.0,-1.0
3.794,6.411,2.85,1.651,-0.083,1.438,-1.545,0.0,-1.0,-1.0
3.814,6.41,2.879,1.621,-0.068,1.484,-1.501,0.0,-1.0,-1.0
3.834,6.409,2.909,1.591,-0.053,1.532,-1.458,0.0,-1.0,-1.0
3.854,6.408,2.94,1.563,-0.037,1.579,-1.414,0.0,-1.0,-1.0
3.874,6.407,2.972,1.535,-0.023,1.624,-1.368,0.0,-1.0,-1.0
3.894,6.407,3.005,1.509,-0.009,1.667,-1.317,0.0,-1.0,-1.0
3.914,6.407,3.038,1.483,0.003,1.704,-1.26,0.0,-1.0,-1.0
3.934,6.407,3.073,1.458,0.015,1.743,-1.203,0.0,-1.0,-1.0
3.954,6.407,3.108,1.435,0.028,1.783,-1.148,0.0,-1.0,-1.0
3.974,6.408,3.144,1.413,0.041,1.823,-1.093,0.0,-1.0,-1.0
3.994,6.409,3.18,1.392,0.053,1.861,-1.035,0.0,-1.0,-1.0
4.014,6.41,3.218,1.372,0.063,1.894,-0.971,0.0,-1.0,-1.0
4.034,6.411,3.256,1.354,0.073,1.921,-0.899,0.0,-1.0,-1.0
4.054,6.413,3.294,1.336,0.081,1.948,-0.826,0.0,-1.0,-1.0
4.074,6.414,3.333,1.321,0.091,1.976,-0.754,0.0,-1.0,-1.0
4.094,6.416,3.373,1.306,0.1,2.005,-0.681,0.0,-1.0,-1.0
4.114,6.418,3.413,1.294,0.108,2.031,-0.607,0.0,-1.0,-1.0
4.134,6.42,3.454,1.283,0.116,2.052,-0.529,0.0,-1.0,-1.0
4.154,6.423,3.495,1.273,0.122,2.066,-0.445,0.0,-1.0,-1.0
4.174,6.425,3.536,1.265,0.128,2.079,-0.36,0.0,-1.0,-1.0
4.194,6.428,3.578,1.259,0.134,2.093,-0.274,0.0,-1.0,-1.0
4.213,6.431,3.619,1.254,0.141,2.108,-0.189,0.0,-1.0,-1.0
4.233,6.433,3.661,1.251,0.146,2.12,-0.103,0.0,-1.0,-1.0
4.253,6.436,3.704,1.25,0.151,2.129,-0.015,0.0,-1.0,-1.0
4.273,6.439,3.746,1.251,0.155,2.131,0.074,0.0,-1.0,-1.0
4.293,6.443,3.789,1.253,0.159,2.132,0.164,0.0,-1.0,-1.0
4.313,6.446,3.831,1.257,0.164,2.134,0.254,0.0,-1.0,-1.0
4.333,6.449,3.874,1.263,0.168,2.137,0.345,0.0,-1.0,-1.0
4.353,6.452,3.916,1.271,0.172,2.138,0.435,0.0,-1.0,-1.0
4.373,6.456,3.959,1.28,0.174,2.135,0.525,0.0,-1.0,-1.0
4.393,6.459,4.001,1.292,0.175,2.127,0.613,0.0,-1.0,-1.0
4.413,6.463,4.044,1.305,0.175,2.116,0.701,0.0,-1.0,-1.0
4.433,6.466,4.086,1.32,0.176,2.108,0.791,0.0,-1.0,-1.0
4.453,6.47,4.128,1.336,0.177,2.1,0.88,0.0,-1.0,-1.0
4.473,6.473,4.169,1.355,0.177,2.09,0.969,0.0,-1.0,-1.0
4.493,6.477,4.211,1.375,0.176,2.077,1.055,0.0,-1.0,-1.0
4.513,6.48,4.252,1.397,0.173,2.057,1.139,0.0,-1.0,-1.0
4.533,6.483,4.293,1.42,0.169,2.034,1.222,0.0,-1.0,-1.0
4.553,6.487,4.333,1.445,0.166,2.013,1.31,0.0,-1.0,-1.0
4.573,6.49,4.373,1.472,0.162,1.991,1.4,0.0,-1.0,-1.0
4.593,6.493,4.412,1.5,0.158,1.969,1.486,0.0,-1.0,-1.0
4.613,6.496,4.451,1.53,0.153,1.944,1.563,0.0,-1.0,-1.0
4.633,6.499,4.489,1.562,0.147,1.914,1.627,0.0,-1.0,-1.0
4.653,6.502,4.527,1.595,0.14,1.881,1.68,0.0,-1.0,-1.0
4.673,6.505,4.565,1.629,0.135,1.848,1.737,0.0,-1.0,-1.0
4.693,6.507,4.601,1.664,0.129,1.815,1.795,0.0,-1.0,-1.0
4.713,6.51,4.637,1.7,0.123,1.781,1.848,0.0,-1.0,-1.0
4.733,6.512,4.672,1.737,0.112,1.746,1.89,0.0,-1.0,-1.0
4.753,6.514,4.707,1.775,0.098,1.708,1.918,0.0,-1.0,-1.0
4.773,6.516,4.74,1.813,0.084,1.67,1.948,0.0,-1.0,-1.0
4.793,6.517,4.773,1.852,0.07,1.632,1.979,0.0,-1.0,-1.0
4.813,6.518,4.805,1.892,0.056,1.594,2.008,0.0,-1.0,-1.0
4.833,6.519,4.837,1.932,0.039,1.555,2.028,0.0,-1.0,-1.0
4.852,6.52,4.868,1.972,0.019,1.517,2.036,0.0,-1.0,-1.0
4.872,6.52,4.898,2.013,-0.003,1.479,2.04,0.0,-1.0,-1.0
4.892,6.52,4.927,2.054,-0.024,1.44,2.047,0.0,-1.0,-1.0
4.912,6.519,4.955,2.094,-0.045,1.401,2.053,0.0,-1.0,-1.0
4.932,6.518,4.983,2.135,-0.068,1.363,2.054,0.0,-1.0,-1.0
4.952,6.516,5.01,2.176,-0.092,1.325,2.046,0.0,-1.0,-1.0
4.972,6.514,5.036,2.216,-0.119,1.288,2.03,0.0,-1.0,-1.0
4.992,6.511,5.061,2.257,-0.145,1.251,2.017,0.0,-1.0,-1.0
5.012,6.508,5.086,2.297,-0.171,1.213,2.004,0.0,-1.0,-1.0
5.032,6.504,5.109,2.336,-0.197,1.176,1.988,0.0,-1.0,-1.0
5.052,6.5,5.133,2.376,-0.226,1.14,1.965,0.0,-1.0,-1.0
5.072,6.495,5.155,2.415,-0.256,1.103,1.935,0.0,-1.0,-1.0
5.092,6.49,5.177,2.453,-0.286,1.067,1.905,0.0,-1.0,-1.0
5.112,6.484,5.198,2.49,-0.316,1.031,1.876,0.0,-1.0,-1.0
5.132,6.477,5.218,2.527,-0.346,0.995,1.846,0.0,-1.0,-1.0
5.152,6.47,5.237,2.564,-0.377,0.959,1.811,0.0,-1.0,-1.0
5.172,6.462,5.256,2.599,-0.409,0.924,1.769,0.0,-1.0,-1.0
5.192,6.454,5.274,2.634,-0.441,0.888,1.725,0.0,-1.0,-1.0
5.212,6.445,5.292,2.668,-0.473,0.853,1.682,0.0,-1.0,-1.0
5.232,6.435,5.308,2.701,-0.506,0.818,1.639,0.0,-1.0,-1.0
5.252,6.424,5.324,2.733,-0.538,0.783,1.593,0.0,-1.0,-1.0
5.272,6.413,5.34,2.765,-0.572,0.747,1.543,0.0,-1.0,-1.0
5.292,6.401,5.354,2.795,-0.605,0.712,1.489,0.0,-1.0,-1.0
5.312,6.389,5.368,2.824,-0.639,0.677,1.437,0.0,-1.0,-1.0
5.332,6.376,5.381,2.852,-0.672,0.642,1.384,0.0,-1.0,-1.0
5.352,6.362,5.394,2.879,-0.706,0.607,1.33,0.0,-1.0,-1.0
5.372,6.348,5.405,2.905,-0.741,0.571,1.274,0.0,-1.0,-1.0
5.392,6.333,5.417,2.93,-0.777,0.536,1.214,0.0,-1.0,-1.0
5.412,6.317,5.427,2.954,-0.812,0.5,1.155,0.0,-1.0,-1.0
5.432,6.3,5.437,2.976,-0.847,0.465,1.097,0.0,-1.0,-1.0
5.452,6.283,5.445,2.997,-0.882,0.429,1.037,0.0,-1.0,-1.0
5.472,6.265,5.454,3.017,-0.919,0.394,0.975,0.0,-1.0,-1.0
5.491,6.246,5.461,3.036,-0.957,0.36,0.907,0.0,-1.0,-1.0
5.511,6.226,5.468,3.053,-0.996,0.326,0.842,0.0,-1.0,-1.0
5.531,6.206,5.474,3.069,-1.035,0.292,0.781,0.0,-1.0,-1.0
5.551,6.185,5.48,3.084,-1.074,0.258,0.718,0.0,-1.0,-1.0
5.571,6.163,5.485,3.097,-1.113,0.224,0.647,0.0,-1.0,-1.0
5.591,6.141,5.489,3.109,-1.152,0.191,0.564,0.0,-1.0,-1.0
5.611,6.117,5.492,3.119,-1.19,0.156,0.459,0.0,-1.0,-1.0
5.631,6.093,5.495,3.128,-1.223,0.115,0.334,0.0,-1.0,-1.0
5.651,6.068,5.497,3.134,-1.256,0.074,0.21,0.0,-1.0,-1.0
5.671,6.042,5.499,3.139,-1.294,0.039,0.103,0.0,-1.0,-1.0
5.691,6.016,5.5,3.141,-1.339,0.016,0.035,0.0,-1.0,-1.0
5.711,5.988,5.5,3.142,-1.396,0.009,0.017,0.0,-1.0,-1.0
5.731,5.96,5.5,3.142,-1.457,0.004,0.008,0.0,-1.0,-1.0
5.751,5.93,5.5,3.142,-1.519,-0.002,-0.003,0.0,-1.0,-1.0
5.771,5.9,5.5,3.142,-1.58,-0.007,-0.013,0.0,-1.0,-1.0
5.791,5.868,5.5,3.142,-1.639,-0.01,-0.021,0.0,-1.0,-1.0
5.811,5.834,5.5,3.142,-1.696,-0.011,-0.023,0.0,-1.0,-1.0
5.831,5.8,5.5,3.141,-1.748,-0.009,-0.018,0.0,-1.0,-1.0
5.851,5.765,5.5,3.141,-1.802,-0.005,-0.009,0.0,-1.0,-1.0
5.871,5.728,5.5,3.141,-1.856,0.001,0.002,0.0,-1.0,-1.0
5.891,5.691,5.5,3.141,-1.91,0.006,0.012,0.0,-1.0,-1.0
5.911,5.652,5.5,3.141,-1.962,0.01,0.02,0.0,-1.0,-1.0
5.931,5.613,5.5,3.141,-2.011,0.011,0.023,0.0,-1.0,-1.0
5.951,5.572,5.5,3.142,-2.056,0.01,0.019,0.0,-1.0,-1.0
5.971,5.531,5.5,3.142,-2.1,0.005,0.011,0.0,-1.0,-1.0
5.991,5.488,5.5,3.142,-2.146,-0.0,-0.0,0.0,-1.0,-1.0
6.011,5.445,5.5,3.142,-2.191,-0.005,-0.011,0.0,-1.0,-1.0
6.031,5.401,5.5,3.142,-2.235,-0.009,-0.019,0.0,-1.0,-1.0
6.051,5.356,5.5,3.142,-2.276,-0.011,-0.023,0.0,-1.0,-1.0
6.071,5.31,5.5,3.142,-2.311,-0.01,-0.02,0.0,-1.0,-1.0
6.091,5.264,5.5,3.141,-2.346,-0.006,-0.012,0.0,-1.0,-1.0
6.111,5.217,5.5,3.141,-2.382,-0.001,-0.001,0.0,-1.0,-1.0
6.131,5.169,5.5,3.141,-2.418,0.005,0.009,0.0,-1.0,-1.0
6.15,5.121,5.5,3.141,-2.452,0.009,0.018,0.0,-1.0,-1.0
6.17,5.071,5.5,3.141,-2.484,0.011,0.023,0.0,-1.0,-1.0
6.19,5.022,5.5,3.142,-2.509,0.011,0.021,0.0,-1.0,-1.0
6.21,4.971,5.5,3.142,-2.532,0.007,0.013,0.0,-1.0,-1.0
6.23,4.921,5.5,3.142,-2.556,0.001,0.003,0.0,-1.0,-1.0
6.25,4.869,5.5,3.142,-2.581,-0.004,-0.008,0.0,-1.0,-1.0
6.27,4.818,5.5,3.142,-2.604,-0.008,-0.017,0.0,-1.0,-1.0
6.29,4.766,5.5,3.142,-2.625,-0.011,-0.022,0.0,-1.0,-1.0
6.31,4.713,5.5,3.142,-2.642,-0.011,-0.022,0.0,-1.0,-1.0
6.33,4.66,5.5,3.141,-2.655,-0.007,-0.015,0.0,-1.0,-1.0
6.35,4.607,5.5,3.141,-2.67,-0.002,-0.004,0.0,-1.0,-1.0
6.37,4.554,5.5,3.141,-2.684,0.003,0.006,0.0,-1.0,-1.0
6.39,4.5,5.5,3.141,-2.698,0.008,0.016,0.0,-1.0,-1.0
6.41,4.446,5.5,3.141,-2.711,0.011,0.022,0.0,-1.0,-1.0
6.43,4.392,5.5,3.141,-2.722,0.011,0.022,0.0,-1.0,-1.0
6.45,4.338,5.5,3.142,-2.731,0.008,0.016,0.0,-1.0,-1.0
6.47,4.283,5.5,3.142,-2.741,0.003,0.006,0.0,-1.0,-1.0
6.49,4.228,5.5,3.142,-2.751,-0.002,-0.005,0.0,-1.0,-1.0
6.51,4.173,5.5,3.142,-2.76,-0.007,-0.015,0.0,-1.0,-1.0
6.53,4.118,5.5,3.142,-2.769,-0.011,-0.021,0.0,-1.0,-1.0
6.55,4.063,5.5,3.142,-2.775,-0.011,-0.023,0.0,-1.0,-1.0
6.57,4.007,5.5,3.141,-2.78,-0.009,-0.017,0.0,-1.0,-1.0
6.59,3.952,5.5,3.141,-2.785,-0.004,-0.008,0.0,-1.0,-1.0
6.61,3.896,5.5,3.141,-2.79,0.002,0.003,0.0,-1.0,-1.0
6.63,3.84,5.5,3.141,-2.794,0.007,0.013,0.0,-1.0,-1.0
6.65,3.785,5.5,3.141,-2.799,0.01,0.021,0.0,-1.0,-1.0
6.67,3.729,5.5,3.141,-2.802,0.011,0.023,0.0,-1.0,-1.0
6.69,3.673,5.5,3.142,-2.804,0.009,0.018,0.0,-1.0,-1.0
6.71,3.617,5.5,3.142,-2.807,0.004,0.009,0.0,-1.0,-1.0
6.73,3.561,5.5,3.142,-2.81,-0.001,-0.002,0.0,-1.0,-1.0
6.75,3.505,5.5,3.142,-2.813,-0.006,-0.012,0.0,-1.0,-1.0
6.77,3.448,5.5,3.142,-2.816,-0.01,-0.02,0.0,-1.0,-1.0
6.789,3.392,5.5,3.142,-2.816,-0.011,-0.023,0.0,-1.0,-1.0
6.809,3.336,5.5,3.142,-2.814,-0.01,-0.019,0.0,-1.0,-1.0
6.829,3.28,5.5,3.141,-2.811,-0.006,-0.013,0.0,-1.0,-1.0
6.849,3.224,5.5,3.141,-2.808,-0.003,-0.006,0.0,-1.0,-1.0
6.869,3.168,5.5,3.141,-2.805,0.0,0.0,0.0,-1.0,-1.0
6.889,3.112,5.5,3.141,-2.803,0.004,0.007,0.0,-1.0,-1.0
6.909,3.056,5.5,3.141,-2.8,0.007,0.014,0.0,-1.0,-1.0
6.929,3.0,5.5,3.142,-2.797,0.01,0.02,1.0,-1.0,-1.0
