0.0,8.5,6.5,1.571,-0.0,0.0,-0.0,7.0,-1.0,-1.0
0.02,8.5,6.5,1.568,-0.002,0.04,-0.23,0.0,-1.0,-1.0
0.04,8.5,6.502,1.562,-0.003,0.08,-0.461,0.0,-1.0,-1.0
0.06,8.5,6.504,1.55,-0.005,0.12,-0.692,0.0,-1.0,-1.0
0.08,8.5,6.506,1.534,-0.006,0.159,-0.923,0.0,-1.0,-1.0
0.1,8.5,6.51,1.513,-0.007,0.198,-1.155,0.0,-1.0,-1.0
0.12,8.499,6.514,1.488,-0.008,0.237,-1.386,0.0,-1.0,-1.0
0.14,8.499,6.519,1.458,-0.009,0.275,-1.619,0.0,-1.0,-1.0
0.16,8.499,6.525,1.423,-0.009,0.313,-1.852,0.0,-1.0,-1.0
0.18,8.499,6.532,1.384,-0.009,0.351,-2.085,0.0,-1.0,-1.0
0.2,8.499,6.539,1.34,-0.007,0.388,-2.319,0.0,-1.0,-1.0
0.22,8.499,6.547,1.291,-0.006,0.424,-2.552,0.0,-1.0,-1.0
0.24,8.499,6.556,1.237,-0.004,0.462,-2.785,0.0,-1.0,-1.0
0.26,8.498,6.566,1.179,-0.002,0.498,-3.019,0.0,-1.0,-1.0
0.28,8.498,6.576,1.117,-0.001,0.538,-3.247,0.0,-1.0,-1.0
0.3,8.498,6.587,1.05,-0.0,0.586,-3.481,0.0,-1.0,-1.0
0.32,8.498,6.599,0.978,-0.0,0.624,-3.696,0.0,-1.0,-1.0
0.34,8.498,6.612,0.902,-0.002,0.651,-3.889,0.0,-1.0,-1.0
0.36,8.498,6.625,0.823,-0.003,0.673,-4.074,0.0,-1.0,-1.0
0.38,8.498,6.638,0.741,-0.003,0.657,-4.199,0.0,-1.0,-1.0
0.4,8.498,6.651,0.656,-0.004,0.641,-4.325,0.0,-1.0,-1.0
0.42,8.498,6.663,0.569,-0.002,0.586,-4.383,0.0,-1.0,-1.0
0.44,8.498,6.674,0.481,0.001,0.518,-4.425,0.0,-1.0,-1.0
0.46,8.498,6.684,0.393,0.004,0.435,-4.426,0.0,-1.0,-1.0
0.48,8.498,6.691,0.305,0.009,0.329,-4.379,0.0,-1.0,-1.0
0.5,8.499,6.697,0.218,0.014,0.223,-4.32,0.0,-1.0,-1.0
0.52,8.499,6.7,0.133,0.02,0.124,-4.21,0.0,-1.0,-1.0
0.54,8.499,6.702,0.05,0.026,0.024,-4.097,0.0,-1.0,-1.0
0.56,8.5,6.702,-0.03,0.029,-0.062,-3.948,0.0,-1.0,-1.0
0.58,8.501,6.7,-0.108,0.032,-0.146,-3.791,0.0,-1.0,-1.0
0.6,8.501,6.696,-0.182,0.032,-0.221,-3.616,0.0,-1.0,-1.0
0.62,8.502,6.691,-0.252,0.028,-0.288,-3.427,0.0,-1.0,-1.0
0.64,8.502,6.685,-0.319,0.024,-0.352,-3.233,0.0,-1.0,-1.0
0.66,8.503,6.677,-0.381,0.016,-0.406,-3.024,0.0,-1.0,-1.0
0.68,8.503,6.668,-0.439,0.008,-0.459,-2.814,0.0,-1.0,-1.0
0.7,8.503,6.659,-0.493,0.001,-0.505,-2.593,0.0,-1.0,-1.0
0.72,8.503,6.648,-0.543,-0.007,-0.549,-2.371,0.0,-1.0,-1.0
0.74,8.503,6.637,-0.588,-0.012,-0.589,-2.144,0.0,-1.0,-1.0
0.76,8.502,6.625,-0.629,-0.017,-0.626,-1.914,0.0,-1.0,-1.0
0.78,8.502,6.612,-0.665,-0.02,-0.663,-1.683,0.0,-1.0,-1.0
0.8,8.502,6.598,-0.696,-0.02,-0.697,-1.449,0.0,-1.0,-1.0
0.82,8.501,6.584,-0.723,-0.021,-0.731,-1.215,0.0,-1.0,-1.0
0.84,8.501,6.569,-0.745,-0.018,-0.763,-0.98,0.0,-1.0,-1.0
0.86,8.501,6.554,-0.762,-0.016,-0.796,-0.744,0.0,-1.0,-1.0
0.88,8.5,6.537,-0.774,-0.012,-0.828,-0.507,0.0,-1.0,-1.0
0.9,8.5,6.52,-0.782,-0.007,-0.836,-0.206,0.0,-1.0,-1.0
0.92,8.5,6.503,-0.785,-0.003,-0.882,-0.005,0.0,-1.0,-1.0
0.94,8.5,6.484,-0.785,-0.001,-1.001,-0.0,0.0,-1.0,-1.0
0.96,8.5,6.463,-0.785,0.0,-1.121,0.0,0.0,-1.0,-1.0
0.98,8.5,6.439,-0.785,0.002,-1.242,0.0,0.0,-1.0,-1.0
1.0,8.5,6.413,-0.785,0.003,-1.363,0.0,0.0,-1.0,-1.0
1.02,8.5,6.385,-0.785,0.002,-1.484,0.0,0.0,-1.0,-1.0
1.04,8.5,6.354,-0.785,0.001,-1.605,0.0,0.0,-1.0,-1.0
1.06,8.5,6.32,-0.785,-0.001,-1.725,-0.0,0.0,-1.0,-1.0
1.08,8.5,6.285,-0.785,-0.002,-1.846,-0.0,0.0,-1.0,-1.0
1.1,8.5,6.247,-0.785,-0.003,-1.967,-0.0,0.0,-1.0,-1.0
1.12,8.5,6.206,-0.785,-0.002,-2.088,-0.0,0.0,-1.0,-1.0
1.14,8.5,6.163,-0.785,-0.001,-2.226,-0.0,0.0,-1.0,-1.0
1.16,8.5,6.118,-0.785,0.001,-2.373,0.0,0.0,-1.0,-1.0
1.18,8.5,6.07,-0.785,0.002,-2.508,0.0,0.0,-1.0,-1.0
1.2,8.5,6.02,-0.785,0.003,-2.609,0.0,0.0,-1.0,-1.0
1.22,8.5,5.967,-0.785,0.002,-2.661,0.0,0.0,-1.0,-1.0
1.24,8.5,5.914,-0.785,0.0,-2.708,0.0,0.0,-1.0,-1.0
1.26,8.5,5.859,-0.785,-0.001,-2.758,-0.0,0.0,-1.0,-1.0
1.28,8.5,5.804,-0.785,-0.002,-2.801,-0.0,0.0,-1.0,-1.0
1.3,8.5,5.748,-0.785,-0.003,-2.826,-0.0,0.0,-1.0,-1.0
1.32,8.5,5.692,-0.785,-0.002,-2.829,-0.0,0.0,-1.0,-1.0
1.34,8.5,5.635,-0.785,-0.0,-2.829,-0.0,0.0,-1.0,-1.0
1.36,8.5,5.579,-0.785,0.001,-2.829,0.0,0.0,-1.0,-1.0
1.38,8.5,5.522,-0.785,0.002,-2.829,0.0,0.0,-1.0,-1.0
1.4,8.5,5.466,-0.785,0.003,-2.829,0.0,0.0,-1.0,-1.0
1.42,8.5,5.409,-0.785,0.001,-2.829,0.0,0.0,-1.0,-1.0
1.44,8.5,5.352,-0.785,-0.0,-2.829,-0.0,0.0,-1.0,-1.0
1.46,8.5,5.296,-0.785,-0.002,-2.829,-0.0,0.0,-1.0,-1.0
1.48,8.5,5.239,-0.785,-0.003,-2.829,-0.0,0.0,-1.0,-1.0
1.5,8.5,5.183,-0.785,-0.002,-2.829,-0.0,0.0,-1.0,-1.0
1.52,8.5,5.126,-0.785,-0.001,-2.829,-0.0,0.0,-1.0,-1.0
1.54,8.5,5.07,-0.785,0.0,-2.829,0.0,0.0,-1.0,-1.0
1.56,8.5,5.013,-0.785,0.002,-2.829,0.0,0.0,-1.0,-1.0
1.58,8.5,4.956,-0.785,0.003,-2.829,0.0,0.0,-1.0,-1.0
1.6,8.5,4.9,-0.785,0.002,-2.829,0.0,0.0,-1.0,-1.0
1.62,8.5,4.843,-0.785,0.001,-2.829,0.0,0.0,-1.0,-1.0
1.64,8.5,4.787,-0.785,-0.001,-2.829,-0.0,0.0,-1.0,-1.0
1.66,8.5,4.73,-0.785,-0.002,-2.829,-0.0,0.0,-1.0,-1.0
1.68,8.5,4.673,-0.785,-0.003,-2.829,-0.0,0.0,-1.0,-1.0
1.7,8.5,4.617,-0.785,-0.002,-2.829,-0.0,0.0,-1.0,-1.0
1.72,8.5,4.56,-0.785,-0.001,-2.829,-0.0,0.0,-1.0,-1.0
1.74,8.5,4.504,-0.785,0.001,-2.829,0.0,0.0,-1.0,-1.0
1.76,8.5,4.447,-0.785,0.002,-2.829,0.0,0.0,-1.0,-1.0
1.78,8.5,4.391,-0.785,0.003,-2.829,0.0,0.0,-1.0,-1.0
1.8,8.5,4.334,-0.785,0.002,-2.829,0.0,0.0,-1.0,-1.0
1.82,8.5,4.277,-0.785,0.0,-2.829,0.0,0.0,-1.0,-1.0
1.84,8.5,4.221,-0.785,-0.001,-2.829,-0.0,0.0,-1.0,-1.0
1.86,8.5,4.164,-0.785,-0.002,-2.829,-0.0,0.0,-1.0,-1.0
1.88,8.5,4.108,-0.785,-0.003,-2.829,-0.0,0.0,-1.0,-1.0
1.9,8.5,4.051,-0.785,-0.002,-2.829,-0.0,0.0,-1.0,-1.0
1.92,8.5,3.994,-0.785,-0.0,-2.829,-0.0,0.0,-1.0,-1.0
1.94,8.5,3.938,-0.785,0.001,-2.829,0.0,0.0,-1.0,-1.0
1.96,8.5,3.881,-0.785,0.003,-2.829,0.0,0.0,-1.0,-1.0
1.98,8.5,3.825,-0.785,0.003,-2.829,0.0,0.0,-1.0,-1.0
2.0,8.5,3.768,-0.785,0.001,-2.829,0.0,0.0,-1.0,-1.0
2.02,8.5,3.712,-0.785,-0.0,-2.829,-0.0,0.0,-1.0,-1.0
2.04,8.5,3.655,-0.785,-0.002,-2.829,-0.0,0.0,-1.0,-1.0
2.06,8.5,3.598,-0.785,-0.003,-2.829,-0.0,0.0,-1.0,-1.0
2.08,8.5,3.542,-0.785,-0.002,-2.829,-0.0,0.0,-1.0,-1.0
2.1,8.5,3.485,-0.785,-0.001,-2.829,-0.0,0.0,-1.0,-1.0
2.12,8.5,3.429,-0.785,0.0,-2.829,0.0,0.0,-1.0,-1.0
2.14,8.5,3.372,-0.785,0.002,-2.829,0.0,0.0,-1.0,-1.0
2.16,8.5,3.315,-0.785,0.003,-2.829,0.0,0.0,-1.0,-1.0
2.18,8.5,3.259,-0.785,0.002,-2.829,0.0,0.0,-1.0,-1.0
2.2,8.5,3.202,-0.785,0.001,-2.829,0.0,0.0,-1.0,-1.0
2.22,8.5,3.146,-0.785,-0.001,-2.829,-0.0,0.0,-1.0,-1.0
2.24,8.5,3.089,-0.785,-0.002,-2.829,-0.0,0.0,-1.0,-1.0
2.26,8.5,3.033,-0.785,-0.003,-2.829,-0.0,0.0,-1.0,-1.0
2.28,8.5,2.976,-0.785,-0.002,-2.829,-0.0,0.0,-1.0,-1.0
2.3,8.5,2.919,-0.785,-0.001,-2.829,-0.0,0.0,-1.0,-1.0
2.32,8.5,2.863,-0.785,0.001,-2.829,0.0,0.0,-1.0,-1.0
2.34,8.5,2.806,-0.785,0.002,-2.829,0.0,0.0,-1.0,-1.0
2.36,8.5,2.75,-0.785,0.003,-2.829,0.0,0.0,-1.0,-1.0
2.38,8.5,2.693,-0.785,0.002,-2.829,0.0,0.0,-1.0,-1.0
2.4,8.5,2.636,-0.785,0.0,-2.829,0.0,0.0,-1.0,-1.0
2.42,8.5,2.58,-0.785,-0.001,-2.829,-0.0,0.0,-1.0,-1.0
2.44,8.5,2.523,-0.785,-0.002,-2.829,-0.0,0.0,-1.0,-1.0
2.46,8.5,2.467,-0.785,-0.003,-2.829,-0.0,0.0,-1.0,-1.0
2.48,8.5,2.41,-0.785,-0.002,-2.831,-0.0,0.0,-1.0,-1.0
2.5,8.5,2.354,-0.785,-0.0,-2.84,-0.0,0.0,-1.0,-1.0
2.52,8.5,2.297,-0.785,0.002,-2.848,0.0,0.0,-1.0,-1.0
2.54,8.5,2.24,-0.785,0.003,-2.849,0.0,0.0,-1.0,-1.0
2.56,8.5,2.184,-0.785,0.003,-2.834,0.0,0.0,-1.0,-1.0
2.58,8.5,2.127,-0.785,0.001,-2.816,0.0,0.0,-1.0,-1.0
2.6,8.5,2.072,-0.785,-0.0,-2.816,-0.0,0.0,-1.0,-1.0
2.62,8.5,2.016,-0.785,-0.002,-2.811,-0.0,0.0,-1.0,-1.0
2.64,8.5,1.962,-0.785,-0.003,-2.777,-0.0,0.0,-1.0,-1.0
2.66,8.5,1.908,-0.785,-0.002,-2.691,-0.0,0.0,-1.0,-1.0
2.68,8.5,1.855,-0.785,-0.001,-2.571,-0.0,0.0,-1.0,-1.0
2.7,8.5,1.805,-0.785,0.001,-2.451,0.0,0.0,-1.0,-1.0
2.72,8.5,1.757,-0.785,0.002,-2.33,0.0,0.0,-1.0,-1.0
2.74,8.5,1.712,-0.785,0.003,-2.21,0.0,0.0,-1.0,-1.0
2.76,8.5,1.669,-0.785,0.002,-2.089,-0.001,0.0,-1.0,-1.0
2.78,8.5,1.628,-0.785,0.003,-1.949,-0.051,0.0,-1.0,-1.0
2.8,8.5,1.59,-0.785,0.004,-1.799,-0.128,0.0,-1.0,-1.0
2.82,8.5,1.554,-0.785,0.004,-1.662,-0.171,0.0,-1.0,-1.0
2.84,8.5,1.521,-0.785,0.002,-1.561,-0.118,0.0,-1.0,-1.0
2.86,8.5,1.49,-0.785,-0.005,-1.516,0.081,0.0,-1.0,-1.0
2.88,8.5,1.46,-0.781,-0.013,-1.487,0.32,0.0,-1.0,-1.0
2.9,8.499,1.43,-0.772,-0.021,-1.456,0.557,0.0,-1.0,-1.0
2.92,8.499,1.401,-0.759,-0.029,-1.425,0.794,0.0,-1.0,-1.0
2.94,8.498,1.373,-0.741,-0.036,-1.39,1.025,0.0,-1.0,-1.0
2.96,8.498,1.346,-0.718,-0.043,-1.354,1.257,0.0,-1.0,-1.0
2.98,8.497,1.319,-0.691,-0.045,-1.311,1.475,0.0,-1.0,-1.0
3.0,8.496,1.294,-0.659,-0.045,-1.268,1.691,0.0,-1.0,-1.0
3.02,8.495,1.269,-0.623,-0.037,-1.211,1.882,0.0,-1.0,-1.0
3.04,8.494,1.245,-0.584,-0.025,-1.15,2.067,0.0,-1.0,-1.0
3.06,8.494,1.223,-0.541,-0.012,-1.075,2.224,0.0,-1.0,-1.0
3.08,8.494,1.202,-0.495,0.003,-0.993,2.371,0.0,-1.0,-1.0
3.1,8.494,1.183,-0.447,0.013,-0.901,2.494,0.0,-1.0,-1.0
3.12,8.494,1.166,-0.396,0.021,-0.802,2.607,0.0,-1.0,-1.0
3.14,8.495,1.151,-0.343,0.025,-0.697,2.699,0.0,-1.0,-1.0
3.16,8.495,1.139,-0.288,0.027,-0.588,2.781,0.0,-1.0,-1.0
3.18,8.496,1.128,-0.232,0.028,-0.475,2.843,0.0,-1.0,-1.0
3.2,8.496,1.12,-0.175,0.028,-0.358,2.895,0.0,-1.0,-1.0
3.22,8.497,1.114,-0.116,0.028,-0.24,2.929,0.0,-1.0,-1.0
3.24,8.498,1.11,-0.058,0.028,-0.12,2.951,0.0,-1.0,-1.0
3.26,8.498,1.109,0.001,0.029,0.0,2.958,0.0,-1.0,-1.0
3.28,8.499,1.11,0.06,0.03,0.121,2.952,0.0,-1.0,-1.0
3.3,8.499,1.114,0.119,0.032,0.241,2.931,0.0,-1.0,-1.0
3.32,8.5,1.12,0.177,0.034,0.36,2.896,0.0,-1.0,-1.0
3.34,8.501,1.128,0.235,0.036,0.476,2.847,0.0,-1.0,-1.0
3.36,8.501,1.139,0.291,0.037,0.59,2.781,0.0,-1.0,-1.0
3.38,8.502,1.152,0.346,0.037,0.699,2.702,0.0,-1.0,-1.0
3.4,8.503,1.167,0.399,0.035,0.804,2.604,0.0,-1.0,-1.0
3.42,8.504,1.184,0.449,0.031,0.903,2.494,0.0,-1.0,-1.0
3.44,8.504,1.203,0.498,0.021,0.995,2.363,0.0,-1.0,-1.0
3.46,8.504,1.223,0.544,0.01,1.08,2.22,0.0,-1.0,-1.0
3.48,8.504,1.246,0.586,-0.005,1.153,2.053,0.0,-1.0,-1.0
3.5,8.504,1.269,0.625,-0.019,1.22,1.876,0.0,-1.0,-1.0
3.52,8.504,1.294,0.661,-0.03,1.273,1.674,0.0,-1.0,-1.0
3.54,8.503,1.32,0.692,-0.037,1.322,1.466,0.0,-1.0,-1.0
3.56,8.502,1.347,0.719,-0.036,1.362,1.241,0.0,-1.0,-1.0
3.58,8.502,1.374,0.742,-0.034,1.4,1.014,0.0,-1.0,-1.0
3.6,8.501,1.403,0.76,-0.028,1.433,0.78,0.0,-1.0,-1.0
3.62,8.501,1.432,0.773,-0.021,1.465,0.544,0.0,-1.0,-1.0
3.64,8.5,1.461,0.781,-0.012,1.479,0.264,0.0,-1.0,-1.0
3.66,8.5,1.491,0.785,-0.004,1.505,0.017,0.0,-1.0,-1.0
3.68,8.5,1.523,0.785,-0.002,1.619,-0.0,0.0,-1.0,-1.0
3.7,8.5,1.556,0.785,0.0,1.74,0.0,0.0,-1.0,-1.0
3.72,8.5,1.592,0.785,0.002,1.861,0.0,0.0,-1.0,-1.0
3.74,8.5,1.631,0.785,0.003,1.982,0.0,0.0,-1.0,-1.0
3.76,8.5,1.672,0.785,0.003,2.102,0.0,0.0,-1.0,-1.0
3.78,8.5,1.715,0.785,0.001,2.238,0.0,0.0,-1.0,-1.0
3.8,8.5,1.76,0.785,-0.001,2.385,-0.0,0.0,-1.0,-1.0
3.82,8.5,1.809,0.785,-0.003,2.522,-0.0,0.0,-1.0,-1.0
3.84,8.5,1.859,0.785,-0.003,2.624,-0.0,0.0,-1.0,-1.0
3.86,8.5,1.912,0.785,-0.002,2.674,-0.0,0.0,-1.0,-1.0
3.88,8.5,1.966,0.785,-0.001,2.72,-0.0,0.0,-1.0,-1.0
3.9,8.5,2.02,0.785,0.002,2.767,0.0,0.0,-1.0,-1.0
3.92,8.5,2.075,0.785,0.003,2.806,0.0,0.0,-1.0,-1.0
3.94,8.5,2.131,0.785,0.003,2.828,0.0,0.0,-1.0,-1.0
3.96,8.5,2.188,0.785,0.002,2.829,0.0,0.0,-1.0,-1.0
3.98,8.5,2.245,0.785,-0.0,2.829,-0.0,0.0,-1.0,-1.0
4.0,8.5,2.301,0.785,-0.002,2.829,-0.0,0.0,-1.0,-1.0
4.02,8.5,2.358,0.785,-0.003,2.829,-0.0,0.0,-1.0,-1.0
4.04,8.5,2.414,0.785,-0.003,2.829,-0.0,0.0,-1.0,-1.0
4.06,8.5,2.471,0.785,-0.001,2.829,-0.0,0.0,-1.0,-1.0
4.08,8.5,2.527,0.785,0.001,2.829,0.0,0.0,-1.0,-1.0
4.1,8.5,2.584,0.785,0.003,2.829,0.0,0.0,-1.0,-1.0
4.12,8.5,2.641,0.785,0.003,2.829,0.0,0.0,-1.0,-1.0
4.14,8.5,2.697,0.785,0.002,2.829,0.0,0.0,-1.0,-1.0
4.16,8.5,2.754,0.785,0.001,2.829,0.0,0.0,-1.0,-1.0
4.18,8.5,2.81,0.785,-0.001,2.829,-0.0,0.0,-1.0,-1.0
4.2,8.5,2.867,0.785,-0.003,2.829,-0.0,0.0,-1.0,-1.0
4.22,8.5,2.924,0.785,-0.003,2.829,-0.0,0.0,-1.0,-1.0
4.24,8.5,2.98,0.785,-0.002,2.829,-0.0,0.0,-1.0,-1.0
4.26,8.5,3.037,0.785,0.0,2.829,0.0,0.0,-1.0,-1.0
4.28,8.5,3.093,0.785,0.002,2.829,0.0,0.0,-1.0,-1.0
4.3,8.5,3.15,0.785,0.003,2.829,0.0,0.0,-1.0,-1.0
4.32,8.5,3.206,0.785,0.003,2.829,0.0,0.0,-1.0,-1.0
4.34,8.5,3.263,0.785,0.001,2.829,0.0,0.0,-1.0,-1.0
4.36,8.5,3.32,0.785,-0.001,2.829,-0.0,0.0,-1.0,-1.0
4.38,8.5,3.376,0.785,-0.003,2.829,-0.0,0.0,-1.0,-1.0
4.4,8.5,3.433,0.785,-0.003,2.829,-0.0,0.0,-1.0,-1.0
4.42,8.5,3.489,0.785,-0.002,2.829,-0.0,0.0,-1.0,-1.0
4.44,8.5,3.546,0.785,-0.001,2.829,-0.0,0.0,-1.0,-1.0
4.46,8.5,3.603,0.785,0.001,2.829,0.0,0.0,-1.0,-1.0
4.48,8.5,3.659,0.785,0.003,2.829,0.0,0.0,-1.0,-1.0
4.5,8.5,3.716,0.785,0.003,2.829,0.0,0.0,-1.0,-1.0
4.52,8.5,3.772,0.785,0.002,2.829,0.0,0.0,-1.0,-1.0
4.54,8.5,3.829,0.785,-0.0,2.829,-0.0,0.0,-1.0,-1.0
4.56,8.5,3.885,0.785,-0.002,2.829,-0.0,0.0,-1.0,-1.0
4.58,8.5,3.942,0.785,-0.003,2.829,-0.0,0.0,-1.0,-1.0
4.6,8.5,3.999,0.785,-0.003,2.829,-0.0,0.0,-1.0,-1.0
4.62,8.5,4.055,0.785,-0.001,2.829,-0.0,0.0,-1.0,-1.0
4.64,8.5,4.112,0.785,0.001,2.829,0.0,0.0,-1.0,-1.0
4.66,8.5,4.168,0.785,0.002,2.829,0.0,0.0,-1.0,-1.0
4.68,8.5,4.225,0.785,0.003,2.829,0.0,0.0,-1.0,-1.0
4.7,8.5,4.282,0.785,0.003,2.829,0.0,0.0,-1.0,-1.0
4.72,8.5,4.338,0.785,0.001,2.829,0.0,0.0,-1.0,-1.0
4.74,8.5,4.395,0.785,-0.001,2.829,-0.0,0.0,-1.0,-1.0
4.76,8.5,4.451,0.785,-0.003,2.829,-0.0,0.0,-1.0,-1.0
4.78,8.5,4.508,0.785,-0.003,2.829,-0.0,0.0,-1.0,-1.0
4.8,8.5,4.564,0.785,-0.002,2.829,-0.0,0.0,-1.0,-1.0
4.82,8.5,4.621,0.785,-0.0,2.829,-0.0,0.0,-1.0,-1.0
4.84,8.5,4.678,0.785,0.002,2.829,0.0,0.0,-1.0,-1.0
4.86,8.5,4.734,0.785,0.003,2.829,0.0,0.0,-1.0,-1.0
4.88,8.5,4.791,0.785,0.003,2.829,0.0,0.0,-1.0,-1.0
4.9,8.5,4.847,0.785,0.001,2.829,0.0,0.0,-1.0,-1.0
4.92,8.5,4.904,0.785,-0.001,2.829,-0.0,0.0,-1.0,-1.0
4.94,8.5,4.961,0.785,-0.002,2.829,-0.0,0.0,-1.0,-1.0
4.96,8.5,5.017,0.785,-0.003,2.829,-0.0,0.0,-1.0,-1.0
4.98,8.5,5.074,0.785,-0.003,2.829,-0.0,0.0,-1.0,-1.0
5.0,8.5,5.13,0.785,-0.001,2.829,-0.0,0.0,-1.0,-1.0
5.02,8.5,5.187,0.785,0.001,2.829,0.0,0.0,-1.0,-1.0
5.04,8.5,5.243,0.785,0.003,2.829,0.0,0.0,-1.0,-1.0
5.06,8.5,5.3,0.785,0.003,2.829,0.0,0.0,-1.0,-1.0
5.08,8.5,5.357,0.785,0.002,2.829,0.0,0.0,-1.0,-1.0
5.1,8.5,5.413,0.785,0.0,2.829,0.0,0.0,-1.0,-1.0
5.12,8.5,5.47,0.785,-0.002,2.829,-0.0,0.0,-1.0,-1.0
5.14,8.5,5.526,0.785,-0.003,2.829,-0.0,0.0,-1.0,-1.0
5.16,8.5,5.583,0.785,-0.003,2.829,-0.0,0.0,-1.0,-1.0
5.18,8.5,5.64,0.785,-0.001,2.835,-0.0,0.0,-1.0,-1.0
5.2,8.5,5.696,0.785,0.001,2.847,0.0,0.0,-1.0,-1.0
5.22,8.5,5.753,0.785,0.002,2.855,0.0,0.0,-1.0,-1.0
5.24,8.5,5.809,0.785,0.003,2.85,0.0,0.0,-1.0,-1.0
5.26,8.5,5.866,0.785,0.003,2.822,0.0,0.0,-1.0,-1.0
5.28,8.5,5.922,0.785,0.001,2.802,0.0,0.0,-1.0,-1.0
5.3,8.5,5.977,0.785,-0.001,2.789,-0.0,0.0,-1.0,-1.0
5.32,8.5,6.032,0.785,-0.003,2.762,-0.0,0.0,-1.0,-1.0
5.34,8.5,6.085,0.785,-0.003,2.698,-0.0,0.0,-1.0,-1.0
5.36,8.5,6.138,0.785,-0.002,2.584,-0.0,0.0,-1.0,-1.0
5.38,8.5,6.189,0.785,-0.0,2.464,-0.0,0.0,-1.0,-1.0
5.4,8.5,6.237,0.785,0.002,2.344,0.0,0.0,-1.0,-1.0
5.42,8.5,6.282,0.785,0.003,2.223,0.0,0.0,-1.0,-1.0
5.44,8.5,6.326,0.785,0.003,2.103,0.0,0.0,-1.0,-1.0
5.46,8.5,6.366,0.785,0.003,1.97,0.031,0.0,-1.0,-1.0
5.48,8.5,6.405,0.785,0.004,1.821,0.107,0.0,-1.0,-1.0
5.5,8.5,6.441,0.785,0.004,1.679,0.162,0.0,-1.0,-1.0
5.52,8.5,6.474,0.785,0.002,1.569,0.132,0.0,-1.0,-1.0
5.54,8.5,6.506,0.785,-0.004,1.516,-0.045,0.0,-1.0,-1.0
5.56,8.5,6.536,0.782,-0.012,1.487,-0.285,0.0,-1.0,-1.0
5.58,8.5,6.565,0.774,-0.02,1.456,-0.522,0.0,-1.0,-1.0
5.6,8.499,6.594,0.761,-0.028,1.426,-0.759,0.0,-1.0,-1.0
5.62,8.498,6.622,0.744,-0.035,1.391,-0.992,0.0,-1.0,-1.0
5.64,8.498,6.65,0.722,-0.043,1.356,-1.224,0.0,-1.0,-1.0
5.66,8.497,6.676,0.695,-0.045,1.315,-1.444,0.0,-1.0,-1.0
5.68,8.496,6.702,0.664,-0.045,1.271,-1.661,0.0,-1.0,-1.0
5.7,8.495,6.727,0.629,-0.039,1.217,-1.858,0.0,-1.0,-1.0
5.72,8.494,6.751,0.59,-0.027,1.157,-2.043,0.0,-1.0,-1.0
5.74,8.494,6.773,0.548,-0.015,1.085,-2.207,0.0,-1.0,-1.0
5.76,8.494,6.794,0.502,0.0,1.003,-2.354,0.0,-1.0,-1.0
5.78,8.494,6.813,0.454,0.012,0.914,-2.483,0.0,-1.0,-1.0
5.8,8.494,6.83,0.403,0.019,0.815,-2.596,0.0,-1.0,-1.0
5.82,8.495,6.845,0.35,0.025,0.712,-2.693,0.0,-1.0,-1.0
5.84,8.495,6.859,0.296,0.027,0.603,-2.774,0.0,-1.0,-1.0
5.86,8.496,6.869,0.24,0.028,0.49,-2.842,0.0,-1.0,-1.0
5.88,8.496,6.878,0.182,0.028,0.374,-2.892,0.0,-1.0,-1.0
5.9,8.497,6.884,0.124,0.028,0.256,-2.931,0.0,-1.0,-1.0
5.92,8.497,6.888,0.065,0.029,0.136,-2.953,0.0,-1.0,-1.0
5.94,8.498,6.89,0.006,0.029,0.016,-2.964,0.0,-1.0,-1.0
5.96,8.499,6.889,-0.053,0.03,-0.105,-2.957,0.0,-1.0,-1.0
5.98,8.499,6.886,-0.112,0.032,-0.225,-2.94,0.0,-1.0,-1.0
6.0,8.5,6.88,-0.17,0.034,-0.344,-2.904,0.0,-1.0,-1.0
6.02,8.501,6.872,-0.228,0.036,-0.461,-2.858,0.0,-1.0,-1.0
6.04,8.501,6.862,-0.284,0.037,-0.574,-2.792,0.0,-1.0,-1.0
6.06,8.502,6.849,-0.339,0.038,-0.685,-2.716,0.0,-1.0,-1.0
6.08,8.503,6.834,-0.392,0.036,-0.789,-2.618,0.0,-1.0,-1.0
6.1,8.503,6.818,-0.443,0.032,-0.89,-2.511,0.0,-1.0,-1.0
6.12,8.504,6.799,-0.492,0.022,-0.981,-2.38,0.0,-1.0,-1.0
6.14,8.504,6.779,-0.538,0.012,-1.068,-2.24,0.0,-1.0,-1.0
6.16,8.504,6.756,-0.581,-0.004,-1.141,-2.073,0.0,-1.0,-1.0
6.18,8.504,6.733,-0.621,-0.018,-1.21,-1.899,0.0,-1.0,-1.0
6.2,8.504,6.708,-0.657,-0.028,-1.263,-1.698,0.0,-1.0,-1.0
6.22,8.503,6.683,-0.689,-0.037,-1.314,-1.492,0.0,-1.0,-1.0
6.24,8.502,6.656,-0.716,-0.036,-1.353,-1.268,0.0,-1.0,-1.0
6.26,8.502,6.629,-0.739,-0.034,-1.392,-1.041,0.0,-1.0,-1.0
6.28,8.501,6.6,-0.758,-0.028,-1.425,-0.807,0.0,-1.0,-1.0
6.3,8.501,6.572,-0.772,-0.022,-1.458,-0.572,0.0,-1.0,-1.0
6.32,8.5,6.542,-0.781,-0.013,-1.475,-0.301,0.0,-1.0,-1.0
6.34,8.5,6.512,-0.785,-0.004,-1.494,-0.033,0.0,-1.0,-1.0
6.36,8.5,6.481,-0.785,-0.002,-1.602,0.0,0.0,-1.0,-1.0
6.38,8.5,6.448,-0.785,-0.0,-1.722,0.0,0.0,-1.0,-1.0
6.4,8.5,6.412,-0.785,0.002,-1.843,-0.0,0.0,-1.0,-1.0
6.42,8.5,6.374,-0.785,0.003,-1.964,-0.0,0.0,-1.0,-1.0
6.44,8.5,6.334,-0.785,0.003,-2.085,-0.0,0.0,-1.0,-1.0
6.46,8.5,6.291,-0.785,0.001,-2.217,-0.0,0.0,-1.0,-1.0
6.48,8.5,6.245,-0.785,-0.001,-2.364,0.0,0.0,-1.0,-1.0
6.5,8.5,6.198,-0.785,-0.002,-2.503,0.0,0.0,-1.0,-1.0
6.52,8.5,6.148,-0.785,-0.003,-2.61,0.0,0.0,-1.0,-1.0
6.54,8.5,6.095,-0.785,-0.003,-2.666,0.0,0.0,-1.0,-1.0
6.56,8.5,6.041,-0.785,-0.001,-2.712,0.0,0.0,-1.0,-1.0
6.58,8.5,5.987,-0.785,0.001,-2.76,-0.0,0.0,-1.0,-1.0
6.6,8.5,5.932,-0.785,0.003,-2.802,-0.0,0.0,-1.0,-1.0
6.62,8.5,5.876,-0.785,0.003,-2.826,-0.0,0.0,-1.0,-1.0
6.64,8.5,5.819,-0.785,0.002,-2.829,-0.0,0.0,-1.0,-1.0
6.66,8.5,5.763,-0.785,0.0,-2.829,-0.0,0.0,-1.0,-1.0
6.68,8.5,5.706,-0.785,-0.002,-2.829,0.0,0.0,-1.0,-1.0
6.7,8.5,5.65,-0.785,-0.003,-2.829,0.0,0.0,-1.0,-1.0
6.72,8.5,5.593,-0.785,-0.003,-2.829,0.0,0.0,-1.0,-1.0
6.74,8.5,5.537,-0.785,-0.001,-2.829,0.0,0.0,-1.0,-1.0
6.76,8.5,5.48,-0.785,0.001,-2.829,-0.0,0.0,-1.0,-1.0
6.78,8.5,5.423,-0.785,0.002,-2.829,-0.0,0.0,-1.0,-1.0
6.8,8.5,5.367,-0.785,0.003,-2.829,-0.0,0.0,-1.0,-1.0
6.82,8.5,5.31,-0.785,0.003,-2.829,-0.0,0.0,-1.0,-1.0
6.84,8.5,5.254,-0.785,0.001,-2.829,-0.0,0.0,-1.0,-1.0
6.86,8.5,5.197,-0.785,-0.001,-2.829,0.0,0.0,-1.0,-1.0
6.88,8.5,5.14,-0.785,-0.003,-2.829,0.0,0.0,-1.0,-1.0
6.9,8.5,5.084,-0.785,-0.003,-2.829,0.0,0.0,-1.0,-1.0
6.92,8.5,5.027,-0.785,-0.002,-2.829,0.0,0.0,-1.0,-1.0
6.94,8.5,4.971,-0.785,-0.0,-2.829,0.0,0.0,-1.0,-1.0
6.96,8.5,4.914,-0.785,0.002,-2.829,-0.0,0.0,-1.0,-1.0
6.98,8.5,4.858,-0.785,0.003,-2.829,-0.0,0.0,-1.0,-1.0
7.0,8.5,4.801,-0.785,0.003,-2.829,-0.0,0.0,-1.0,-1.0
7.02,8.5,4.744,-0.785,0.002,-2.829,-0.0,0.0,-1.0,-1.0
7.04,8.5,4.688,-0.785,-0.001,-2.829,0.0,0.0,-1.0,-1.0
7.06,8.5,4.631,-0.785,-0.002,-2.829,0.0,0.0,-1.0,-1.0
7.08,8.5,4.575,-0.785,-0.003,-2.829,0.0,0.0,-1.0,-1.0
7.1,8.5,4.518,-0.785,-0.003,-2.829,0.0,0.0,-1.0,-1.0
7.12,8.5,4.461,-0.785,-0.001,-2.829,0.0,0.0,-1.0,-1.0
7.14,8.5,4.405,-0.785,0.001,-2.829,-0.0,0.0,-1.0,-1.0
7.16,8.5,4.348,-0.785,0.003,-2.829,-0.0,0.0,-1.0,-1.0
7.18,8.5,4.292,-0.785,0.003,-2.829,-0.0,0.0,-1.0,-1.0
7.2,8.5,4.235,-0.785,0.002,-2.829,-0.0,0.0,-1.0,-1.0
7.22,8.5,4.179,-0.785,0.0,-2.829,-0.0,0.0,-1.0,-1.0
7.24,8.5,4.122,-0.785,-0.002,-2.829,0.0,0.0,-1.0,-1.0
7.26,8.5,4.065,-0.785,-0.003,-2.829,0.0,0.0,-1.0,-1.0
7.28,8.5,4.009,-0.785,-0.003,-2.829,0.0,0.0,-1.0,-1.0
7.3,8.5,3.952,-0.785,-0.002,-2.829,0.0,0.0,-1.0,-1.0
7.32,8.5,3.896,-0.785,0.0,-2.829,-0.0,0.0,-1.0,-1.0
7.34,8.5,3.839,-0.785,0.002,-2.829,-0.0,0.0,-1.0,-1.0
7.36,8.5,3.782,-0.785,0.003,-2.829,-0.0,0.0,-1.0,-1.0
7.38,8.5,3.726,-0.785,0.003,-2.829,-0.0,0.0,-1.0,-1.0
7.4,8.5,3.669,-0.785,0.001,-2.829,-0.0,0.0,-1.0,-1.0
7.42,8.5,3.613,-0.785,-0.001,-2.829,0.0,0.0,-1.0,-1.0
7.44,8.5,3.556,-0.785,-0.003,-2.829,0.0,0.0,-1.0,-1.0
7.46,8.5,3.5,-0.785,-0.003,-2.829,0.0,0.0,-1.0,-1.0
7.48,8.5,3.443,-0.785,-0.002,-2.829,0.0,0.0,-1.0,-1.0
7.5,8.5,3.386,-0.785,-0.0,-2.829,0.0,0.0,-1.0,-1.0
7.52,8.5,3.33,-0.785,0.002,-2.829,-0.0,0.0,-1.0,-1.0
7.54,8.5,3.273,-0.785,0.003,-2.829,-0.0,0.0,-1.0,-1.0
7.56,8.5,3.217,-0.785,0.003,-2.829,-0.0,0.0,-1.0,-1.0
7.58,8.5,3.16,-0.785,0.002,-2.829,-0.0,0.0,-1.0,-1.0
7.6,8.5,3.103,-0.785,-0.0,-2.829,0.0,0.0,-1.0,-1.0
7.62,8.5,3.047,-0.785,-0.002,-2.829,0.0,0.0,-1.0,-1.0
7.64,8.5,2.99,-0.785,-0.003,-2.829,0.0,0.0,-1.0,-1.0
7.66,8.5,2.934,-0.785,-0.003,-2.829,0.0,0.0,-1.0,-1.0
7.68,8.5,2.877,-0.785,-0.001,-2.829,0.0,0.0,-1.0,-1.0
7.7,8.5,2.821,-0.785,0.001,-2.829,-0.0,0.0,-1.0,-1.0
7.72,8.5,2.764,-0.785,0.003,-2.829,-0.0,0.0,-1.0,-1.0
7.74,8.5,2.707,-0.785,0.003,-2.829,-0.0,0.0,-1.0,-1.0
7.76,8.5,2.651,-0.785,0.002,-2.829,-0.0,0.0,-1.0,-1.0
7.78,8.5,2.594,-0.785,0.0,-2.829,-0.0,0.0,-1.0,-1.0
7.8,8.5,2.538,-0.785,-0.002,-2.829,0.0,0.0,-1.0,-1.0
7.82,8.5,2.481,-0.785,-0.003,-2.829,0.0,0.0,-1.0,-1.0
7.84,8.5,2.424,-0.785,-0.003,-2.829,0.0,0.0,-1.0,-1.0
7.86,8.5,2.368,-0.785,-0.002,-2.833,0.0,0.0,-1.0,-1.0
7.88,8.5,2.311,-0.785,0.0,-2.845,-0.0,0.0,-1.0,-1.0
7.9,8.5,2.255,-0.785,0.002,-2.855,-0.0,0.0,-1.0,-1.0
7.92,8.5,2.198,-0.785,0.003,-2.852,-0.0,0.0,-1.0,-1.0
7.94,8.5,2.142,-0.785,0.003,-2.826,-0.0,0.0,-1.0,-1.0
7.96,8.5,2.085,-0.785,0.001,-2.803,-0.0,0.0,-1.0,-1.0
7.98,8.5,2.03,-0.785,-0.001,-2.791,0.0,0.0,-1.0,-1.0
8.0,8.5,1.975,-0.785,-0.003,-2.768,0.0,0.0,-1.0,-1.0
8.02,8.5,1.922,-0.785,-0.003,-2.709,0.0,0.0,-1.0,-1.0
8.04,8.5,1.869,-0.785,-0.002,-2.6,0.0,0.0,-1.0,-1.0
8.06,8.5,1.818,-0.785,-0.0,-2.48,0.0,0.0,-1.0,-1.0
8.08,8.5,1.77,-0.785,0.002,-2.36,-0.0,0.0,-1.0,-1.0
8.1,8.5,1.724,-0.785,0.003,-2.239,-0.0,0.0,-1.0,-1.0
8.12,8.5,1.68,-0.785,0.003,-2.119,-0.0,0.0,-1.0,-1.0
8.14,8.5,1.639,-0.785,0.003,-1.989,-0.023,0.0,-1.0,-1.0
8.16,8.5,1.6,-0.785,0.003,-1.84,-0.097,0.0,-1.0,-1.0
8.18,8.5,1.564,-0.785,0.004,-1.696,-0.159,0.0,-1.0,-1.0
8.2,8.5,1.53,-0.785,0.002,-1.581,-0.144,0.0,-1.0,-1.0
8.22,8.5,1.498,-0.785,-0.003,-1.52,0.013,0.0,-1.0,-1.0
8.24,8.5,1.468,-0.783,-0.011,-1.491,0.253,0.0,-1.0,-1.0
8.26,8.5,1.439,-0.775,-0.019,-1.461,0.491,0.0,-1.0,-1.0
8.28,8.499,1.41,-0.763,-0.027,-1.43,0.728,0.0,-1.0,-1.0
8.3,8.498,1.382,-0.746,-0.034,-1.396,0.962,0.0,-1.0,-1.0
8.32,8.498,1.354,-0.725,-0.042,-1.361,1.194,0.0,-1.0,-1.0
8.34,8.497,1.327,-0.699,-0.045,-1.321,1.417,0.0,-1.0,-1.0
8.36,8.496,1.301,-0.668,-0.045,-1.277,1.633,0.0,-1.0,-1.0
8.38,8.495,1.276,-0.634,-0.04,-1.226,1.835,0.0,-1.0,-1.0
8.4,8.495,1.252,-0.595,-0.029,-1.165,2.019,0.0,-1.0,-1.0
8.42,8.494,1.23,-0.553,-0.016,-1.096,2.188,0.0,-1.0,-1.0
8.44,8.494,1.209,-0.508,-0.002,-1.014,2.335,0.0,-1.0,-1.0
8.46,8.494,1.189,-0.46,0.011,-0.927,2.469,0.0,-1.0,-1.0
8.48,8.494,1.172,-0.41,0.018,-0.828,2.581,0.0,-1.0,-1.0
8.5,8.495,1.156,-0.357,0.025,-0.726,2.683,0.0,-1.0,-1.0
8.52,8.495,1.143,-0.303,0.027,-0.617,2.763,0.0,-1.0,-1.0
8.54,8.496,1.132,-0.247,0.028,-0.505,2.835,0.0,-1.0,-1.0
8.56,8.496,1.123,-0.19,0.028,-0.389,2.885,0.0,-1.0,-1.0
8.58,8.497,1.116,-0.132,0.028,-0.272,2.928,0.0,-1.0,-1.0
8.6,8.497,1.112,-0.073,0.028,-0.152,2.95,0.0,-1.0,-1.0
8.62,8.498,1.11,-0.014,0.029,-0.031,2.964,0.0,-1.0,-1.0
8.64,8.499,1.111,0.045,0.03,0.089,2.957,0.0,-1.0,-1.0
8.66,8.499,1.114,0.104,0.031,0.21,2.944,0.0,-1.0,-1.0
8.68,8.5,1.119,0.162,0.034,0.328,2.908,0.0,-1.0,-1.0
8.7,8.501,1.127,0.22,0.036,0.446,2.866,0.0,-1.0,-1.0
8.72,8.501,1.137,0.277,0.037,0.559,2.8,0.0,-1.0,-1.0
8.74,8.502,1.149,0.332,0.038,0.671,2.728,0.0,-1.0,-1.0
8.76,8.503,1.164,0.385,0.036,0.775,2.63,0.0,-1.0,-1.0
8.78,8.503,1.18,0.437,0.033,0.878,2.527,0.0,-1.0,-1.0
8.8,8.504,1.198,0.486,0.023,0.969,2.397,0.0,-1.0,-1.0
8.82,8.504,1.219,0.532,0.013,1.058,2.261,0.0,-1.0,-1.0
8.84,8.504,1.241,0.576,-0.001,1.131,2.095,0.0,-1.0,-1.0
8.86,8.504,1.264,0.616,-0.017,1.202,1.924,0.0,-1.0,-1.0
8.88,8.504,1.288,0.653,-0.027,1.256,1.724,0.0,-1.0,-1.0
8.9,8.503,1.314,0.685,-0.036,1.308,1.52,0.0,-1.0,-1.0
8.92,8.502,1.34,0.713,-0.036,1.348,1.297,0.0,-1.0,-1.0
8.94,8.502,1.368,0.737,-0.035,1.387,1.071,0.0,-1.0,-1.0
8.96,8.501,1.396,0.756,-0.029,1.421,0.838,0.0,-1.0,-1.0
8.98,8.501,1.425,0.77,-0.023,1.454,0.603,0.0,-1.0,-1.0
9.0,8.5,1.454,0.78,-0.014,1.475,0.342,0.0,-1.0,-1.0
9.02,8.5,1.484,0.785,-0.005,1.487,0.057,0.0,-1.0,-1.0
9.04,8.5,1.515,0.785,-0.002,1.586,-0.0,0.0,-1.0,-1.0
9.06,8.5,1.548,0.785,-0.0,1.707,-0.0,0.0,-1.0,-1.0
9.08,8.5,1.583,0.785,0.002,1.827,0.0,0.0,-1.0,-1.0
9.1,8.5,1.621,0.785,0.003,1.948,0.0,0.0,-1.0,-1.0
9.12,8.5,1.661,0.785,0.003,2.069,0.0,0.0,-1.0,-1.0
9.14,8.5,1.703,0.785,0.002,2.199,0.0,0.0,-1.0,-1.0
9.16,8.5,1.748,0.785,-0.0,2.345,-0.0,0.0,-1.0,-1.0
9.18,8.5,1.796,0.785,-0.002,2.486,-0.0,0.0,-1.0,-1.0
9.2,8.5,1.846,0.785,-0.003,2.599,-0.0,0.0,-1.0,-1.0
9.22,8.5,1.898,0.785,-0.003,2.661,-0.0,0.0,-1.0,-1.0
9.24,8.5,1.951,0.785,-0.001,2.705,-0.0,0.0,-1.0,-1.0
9.26,8.5,2.006,0.785,0.001,2.754,0.0,0.0,-1.0,-1.0
9.28,8.5,2.061,0.785,0.003,2.797,0.0,0.0,-1.0,-1.0
9.3,8.5,2.117,0.785,0.003,2.825,0.0,0.0,-1.0,-1.0
9.32,8.5,2.173,0.785,0.002,2.829,0.0,0.0,-1.0,-1.0
9.34,8.5,2.23,0.785,0.0,2.829,0.0,0.0,-1.0,-1.0
9.36,8.5,2.286,0.785,-0.002,2.829,-0.0,0.0,-1.0,-1.0
9.38,8.5,2.343,0.785,-0.003,2.829,-0.0,0.0,-1.0,-1.0
9.4,8.5,2.399,0.785,-0.003,2.829,-0.0,0.0,-1.0,-1.0
9.42,8.5,2.456,0.785,-0.002,2.829,-0.0,0.0,-1.0,-1.0
9.44,8.5,2.513,0.785,0.0,2.829,0.0,0.0,-1.0,-1.0
9.46,8.5,2.569,0.785,0.002,2.829,0.0,0.0,-1.0,-1.0
9.48,8.5,2.626,0.785,0.003,2.829,0.0,0.0,-1.0,-1.0
9.5,8.5,2.682,0.785,0.003,2.829,0.0,0.0,-1.0,-1.0
9.52,8.5,2.739,0.785,0.001,2.829,0.0,0.0,-1.0,-1.0
9.54,8.5,2.796,0.785,-0.001,2.829,-0.0,0.0,-1.0,-1.0
9.56,8.5,2.852,0.785,-0.003,2.829,-0.0,0.0,-1.0,-1.0
9.58,8.5,2.909,0.785,-0.003,2.829,-0.0,0.0,-1.0,-1.0
9.6,8.5,2.965,0.785,-0.002,2.829,-0.0,0.0,-1.0,-1.0
9.62,8.5,3.022,0.785,-0.0,2.829,-0.0,0.0,-1.0,-1.0
9.64,8.5,3.078,0.785,0.002,2.829,0.0,0.0,-1.0,-1.0
9.66,8.5,3.135,0.785,0.003,2.829,0.0,0.0,-1.0,-1.0
9.68,8.5,3.192,0.785,0.003,2.829,0.0,0.0,-1.0,-1.0
9.7,8.5,3.248,0.785,0.002,2.829,0.0,0.0,-1.0,-1.0
9.72,8.5,3.305,0.785,-0.0,2.829,-0.0,0.0,-1.0,-1.0
9.74,8.5,3.361,0.785,-0.002,2.829,-0.0,0.0,-1.0,-1.0
9.76,8.5,3.418,0.785,-0.003,2.829,-0.0,0.0,-1.0,-1.0
9.78,8.5,3.475,0.785,-0.003,2.829,-0.0,0.0,-1.0,-1.0
9.8,8.5,3.531,0.785,-0.001,2.829,-0.0,0.0,-1.0,-1.0
9.82,8.5,3.588,0.785,0.001,2.829,0.0,0.0,-1.0,-1.0
9.84,8.5,3.644,0.785,0.003,2.829,0.0,0.0,-1.0,-1.0
9.86,8.5,3.701,0.785,0.003,2.829,0.0,0.0,-1.0,-1.0
9.88,8.5,3.757,0.785,0.002,2.829,0.0,0.0,-1.0,-1.0
9.9,8.5,3.814,0.785,0.0,2.829,0.0,0.0,-1.0,-1.0
9.92,8.5,3.871,0.785,-0.002,2.829,-0.0,0.0,-1.0,-1.0
9.94,8.5,3.927,0.785,-0.003,2.829,-0.0,0.0,-1.0,-1.0
9.96,8.5,3.984,0.785,-0.003,2.829,-0.0,0.0,-1.0,-1.0
9.98,8.5,4.04,0.785,-0.002,2.829,-0.0,0.0,-1.0,-1.0
10.0,8.5,4.097,0.785,0.0,2.829,0.0,0.0,-1.0,-1.0
10.02,8.5,4.154,0.785,0.002,2.829,0.0,0.0,-1.0,-1.0
10.04,8.5,4.21,0.785,0.003,2.829,0.0,0.0,-1.0,-1.0
10.06,8.5,4.267,0.785,0.003,2.829,0.0,0.0,-1.0,-1.0
10.08,8.5,4.323,0.785,0.001,2.829,0.0,0.0,-1.0,-1.0
10.1,8.5,4.38,0.785,-0.001,2.829,-0.0,0.0,-1.0,-1.0
10.12,8.5,4.436,0.785,-0.003,2.829,-0.0,0.0,-1.0,-1.0
10.14,8.5,4.493,0.785,-0.003,2.829,-0.0,0.0,-1.0,-1.0
10.16,8.5,4.55,0.785,-0.002,2.829,-0.0,0.0,-1.0,-1.0
10.18,8.5,4.606,0.785,-0.001,2.829,-0.0,0.0,-1.0,-1.0
10.2,8.5,4.663,0.785,0.001,2.829,0.0,0.0,-1.0,-1.0
10.22,8.5,4.719,0.785,0.003,2.829,0.0,0.0,-1.0,-1.0
10.24,8.5,4.776,0.785,0.003,2.829,0.0,0.0,-1.0,-1.0
10.26,8.5,4.833,0.785,0.002,2.829,0.0,0.0,-1.0,-1.0
10.28,8.5,4.889,0.785,-0.0,2.829,-0.0,0.0,-1.0,-1.0
10.3,8.5,4.946,0.785,-0.002,2.829,-0.0,0.0,-1.0,-1.0
10.32,8.5,5.002,0.785,-0.003,2.829,-0.0,0.0,-1.0,-1.0
10.34,8.5,5.059,0.785,-0.003,2.829,-0.0,0.0,-1.0,-1.0
10.36,8.5,5.115,0.785,-0.001,2.829,-0.0,0.0,-1.0,-1.0
10.38,8.5,5.172,0.785,0.001,2.829,0.0,0.0,-1.0,-1.0
10.4,8.5,5.229,0.785,0.003,2.829,0.0,0.0,-1.0,-1.0
10.42,8.5,5.285,0.785,0.003,2.829,0.0,0.0,-1.0,-1.0
10.44,8.5,5.342,0.785,0.002,2.829,0.0,0.0,-1.0,-1.0
10.46,8.5,5.398,0.785,0.001,2.829,0.0,0.0,-1.0,-1.0
10.48,8.5,5.455,0.785,-0.001,2.829,-0.0,0.0,-1.0,-1.0
10.5,8.5,5.512,0.785,-0.003,2.829,-0.0,0.0,-1.0,-1.0
10.52,8.5,5.568,0.785,-0.003,2.829,-0.0,0.0,-1.0,-1.0
10.54,8.5,5.625,0.785,-0.002,2.832,-0.0,0.0,-1.0,-1.0
10.56,8.5,5.681,0.785,0.0,2.843,0.0,0.0,-1.0,-1.0
10.58,8.5,5.738,0.785,0.002,2.854,0.0,0.0,-1.0,-1.0
10.6,8.5,5.794,0.785,0.003,2.853,0.0,0.0,-1.0,-1.0
10.62,8.5,5.851,0.785,0.003,2.831,0.0,0.0,-1.0,-1.0
10.64,8.5,5.907,0.785,0.001,2.805,0.0,0.0,-1.0,-1.0
10.66,8.5,5.963,0.785,-0.001,2.793,-0.0,0.0,-1.0,-1.0
10.68,8.5,6.017,0.785,-0.002,2.772,-0.0,0.0,-1.0,-1.0
10.7,8.5,6.071,0.785,-0.003,2.72,-0.0,0.0,-1.0,-1.0
10.72,8.5,6.124,0.785,-0.003,2.616,-0.0,0.0,-1.0,-1.0
10.74,8.5,6.176,0.785,-0.001,2.496,-0.0,0.0,-1.0,-1.0
10.76,8.5,6.224,0.785,0.001,2.375,0.0,0.0,-1.0,-1.0
10.78,8.5,6.271,0.785,0.003,2.255,0.0,0.0,-1.0,-1.0
10.8,8.5,6.314,0.785,0.003,2.134,0.0,0.0,-1.0,-1.0
10.82,8.5,6.356,0.785,0.003,2.008,0.016,0.0,-1.0,-1.0
10.84,8.5,6.395,0.785,0.003,1.86,0.086,0.0,-1.0,-1.0
10.86,8.5,6.432,0.785,0.004,1.714,0.153,0.0,-1.0,-1.0
10.88,8.5,6.466,0.785,0.003,1.593,0.152,0.0,-1.0,-1.0
10.9,8.5,6.498,0.785,-0.002,1.524,0.017,0.0,-1.0,-1.0
10.92,8.5,6.528,0.783,-0.01,1.495,-0.222,0.0,-1.0,-1.0
10.94,8.5,6.557,0.777,-0.018,1.465,-0.46,0.0,-1.0,-1.0
10.96,8.499,6.586,0.765,-0.026,1.434,-0.697,0.0,-1.0,-1.0
10.98,8.499,6.615,0.749,-0.033,1.401,-0.932,0.0,-1.0,-1.0
11.0,8.498,6.642,0.728,-0.041,1.365,-1.163,0.0,-1.0,-1.0
11.02,8.497,6.669,0.702,-0.045,1.327,-1.389,0.0,-1.0,-1.0
11.04,8.496,6.695,0.672,-0.045,1.283,-1.604,0.0,-1.0,-1.0
11.06,8.495,6.72,0.638,-0.042,1.234,-1.811,0.0,-1.0,-1.0
11.08,8.495,6.745,0.6,-0.03,1.173,-1.994,0.0,-1.0,-1.0
11.1,8.494,6.767,0.559,-0.018,1.107,-2.169,0.0,-1.0,-1.0
11.12,8.494,6.789,0.514,-0.004,1.025,-2.315,0.0,-1.0,-1.0
11.14,8.494,6.808,0.467,0.01,0.939,-2.454,0.0,-1.0,-1.0
11.16,8.494,6.826,0.417,0.017,0.841,-2.566,0.0,-1.0,-1.0
11.18,8.495,6.842,0.364,0.024,0.74,-2.672,0.0,-1.0,-1.0
11.2,8.495,6.855,0.31,0.026,0.631,-2.752,0.0,-1.0,-1.0
11.22,8.496,6.867,0.254,0.028,0.52,-2.828,0.0,-1.0,-1.0
11.24,8.496,6.876,0.197,0.028,0.404,-2.878,0.0,-1.0,-1.0
11.26,8.497,6.883,0.139,0.028,0.287,-2.924,0.0,-1.0,-1.0
11.28,8.497,6.888,0.081,0.028,0.167,-2.946,0.0,-1.0,-1.0
11.3,8.498,6.89,0.022,0.029,0.047,-2.964,0.0,-1.0,-1.0
11.32,8.498,6.889,-0.037,0.03,-0.073,-2.958,0.0,-1.0,-1.0
11.34,8.499,6.887,-0.096,0.031,-0.194,-2.948,0.0,-1.0,-1.0
11.36,8.5,6.882,-0.155,0.033,-0.313,-2.912,0.0,-1.0,-1.0
11.38,8.5,6.874,-0.213,0.035,-0.431,-2.874,0.0,-1.0,-1.0
11.4,8.501,6.865,-0.269,0.037,-0.544,-2.808,0.0,-1.0,-1.0
11.42,8.502,6.853,-0.325,0.038,-0.657,-2.739,0.0,-1.0,-1.0
11.44,8.503,6.838,-0.379,0.036,-0.761,-2.643,0.0,-1.0,-1.0
11.46,8.503,6.822,-0.43,0.033,-0.865,-2.543,0.0,-1.0,-1.0
11.48,8.504,6.804,-0.48,0.025,-0.957,-2.413,0.0,-1.0,-1.0
11.5,8.504,6.784,-0.527,0.015,-1.047,-2.28,0.0,-1.0,-1.0
11.52,8.504,6.762,-0.57,0.001,-1.121,-2.116,0.0,-1.0,-1.0
11.54,8.504,6.739,-0.611,-0.015,-1.194,-1.948,0.0,-1.0,-1.0
11.56,8.504,6.715,-0.648,-0.025,-1.249,-1.751,0.0,-1.0,-1.0
11.58,8.503,6.689,-0.681,-0.036,-1.301,-1.548,0.0,-1.0,-1.0
11.6,8.503,6.663,-0.71,-0.037,-1.343,-1.327,0.0,-1.0,-1.0
11.62,8.502,6.636,-0.734,-0.035,-1.382,-1.101,0.0,-1.0,-1.0
11.64,8.501,6.608,-0.754,-0.03,-1.416,-0.869,0.0,-1.0,-1.0
11.66,8.501,6.579,-0.769,-0.023,-1.449,-0.634,0.0,-1.0,-1.0
11.68,8.5,6.55,-0.779,-0.016,-1.475,-0.383,0.0,-1.0,-1.0
11.7,8.5,6.52,-0.784,-0.006,-1.482,-0.085,0.0,-1.0,-1.0
11.72,8.5,6.489,-0.785,-0.002,-1.57,0.0,0.0,-1.0,-1.0
11.74,8.5,6.457,-0.785,-0.001,-1.691,0.0,0.0,-1.0,-1.0
11.76,8.5,6.422,-0.785,0.001,-1.812,-0.0,0.0,-1.0,-1.0
11.78,8.5,6.384,-0.785,0.003,-1.932,-0.0,0.0,-1.0,-1.0
11.8,8.5,6.344,-0.785,0.003,-2.053,-0.0,0.0,-1.0,-1.0
11.82,8.5,6.302,-0.785,0.002,-2.18,-0.0,0.0,-1.0,-1.0
11.84,8.5,6.258,-0.785,-0.0,-2.326,0.0,0.0,-1.0,-1.0
11.86,8.5,6.21,-0.785,-0.002,-2.469,0.0,0.0,-1.0,-1.0
11.88,8.5,6.161,-0.785,-0.003,-2.587,0.0,0.0,-1.0,-1.0
11.9,8.5,6.109,-0.785,-0.003,-2.656,0.0,0.0,-1.0,-1.0
11.92,8.5,6.056,-0.785,-0.001,-2.699,0.0,0.0,-1.0,-1.0
11.94,8.5,6.001,-0.785,0.001,-2.748,-0.0,0.0,-1.0,-1.0
11.96,8.5,5.946,-0.785,0.003,-2.792,-0.0,0.0,-1.0,-1.0
11.98,8.5,5.891,-0.785,0.003,-2.822,-0.0,0.0,-1.0,-1.0
12.0,8.5,5.834,-0.785,0.002,-2.829,-0.0,0.0,-1.0,-1.0
12.02,8.5,5.778,-0.785,0.001,-2.829,-0.0,0.0,-1.0,-1.0
12.04,8.5,5.721,-0.785,-0.001,-2.829,0.0,0.0,-1.0,-1.0
12.06,8.5,5.665,-0.785,-0.003,-2.829,0.0,0.0,-1.0,-1.0
12.08,8.5,5.608,-0.785,-0.003,-2.829,0.0,0.0,-1.0,-1.0
12.1,8.5,5.551,-0.785,-0.002,-2.829,0.0,0.0,-1.0,-1.0
12.12,8.5,5.495,-0.785,0.0,-2.829,-0.0,0.0,-1.0,-1.0
12.14,8.5,5.438,-0.785,0.002,-2.829,-0.0,0.0,-1.0,-1.0
12.16,8.5,5.382,-0.785,0.003,-2.829,-0.0,0.0,-1.0,-1.0
12.18,8.5,5.325,-0.785,0.003,-2.829,-0.0,0.0,-1.0,-1.0
12.2,8.5,5.268,-0.785,0.001,-2.829,-0.0,0.0,-1.0,-1.0
12.22,8.5,5.212,-0.785,-0.001,-2.829,0.0,0.0,-1.0,-1.0
12.24,8.5,5.155,-0.785,-0.002,-2.829,0.0,0.0,-1.0,-1.0
12.26,8.5,5.099,-0.785,-0.003,-2.829,0.0,0.0,-1.0,-1.0
12.28,8.5,5.042,-0.785,-0.003,-2.829,0.0,0.0,-1.0,-1.0
12.3,8.5,4.986,-0.785,-0.001,-2.829,0.0,0.0,-1.0,-1.0
12.32,8.5,4.929,-0.785,0.001,-2.829,-0.0,0.0,-1.0,-1.0
12.34,8.5,4.872,-0.785,0.003,-2.829,-0.0,0.0,-1.0,-1.0
12.36,8.5,4.816,-0.785,0.003,-2.829,-0.0,0.0,-1.0,-1.0
12.38,8.5,4.759,-0.785,0.002,-2.829,-0.0,0.0,-1.0,-1.0
12.4,8.5,4.703,-0.785,0.0,-2.829,-0.0,0.0,-1.0,-1.0
12.42,8.5,4.646,-0.785,-0.002,-2.829,0.0,0.0,-1.0,-1.0
12.44,8.5,4.589,-0.785,-0.003,-2.829,0.0,0.0,-1.0,-1.0
12.46,8.5,4.533,-0.785,-0.003,-2.829,0.0,0.0,-1.0,-1.0
12.48,8.5,4.476,-0.785,-0.001,-2.829,0.0,0.0,-1.0,-1.0
12.5,8.5,4.42,-0.785,0.001,-2.829,-0.0,0.0,-1.0,-1.0
12.52,8.5,4.363,-0.785,0.002,-2.829,-0.0,0.0,-1.0,-1.0
12.54,8.5,4.307,-0.785,0.003,-2.829,-0.0,0.0,-1.0,-1.0
12.56,8.5,4.25,-0.785,0.003,-2.829,-0.0,0.0,-1.0,-1.0
12.58,8.5,4.193,-0.785,0.001,-2.829,-0.0,0.0,-1.0,-1.0
12.6,8.5,4.137,-0.785,-0.001,-2.829,0.0,0.0,-1.0,-1.0
12.62,8.5,4.08,-0.785,-0.003,-2.829,0.0,0.0,-1.0,-1.0
12.64,8.5,4.024,-0.785,-0.003,-2.829,0.0,0.0,-1.0,-1.0
12.66,8.5,3.967,-0.785,-0.002,-2.829,0.0,0.0,-1.0,-1.0
12.68,8.5,3.91,-0.785,-0.0,-2.829,0.0,0.0,-1.0,-1.0
12.7,8.5,3.854,-0.785,0.002,-2.829,-0.0,0.0,-1.0,-1.0
12.72,8.5,3.797,-0.785,0.003,-2.829,-0.0,0.0,-1.0,-1.0
12.74,8.5,3.741,-0.785,0.003,-2.829,-0.0,0.0,-1.0,-1.0
12.76,8.5,3.684,-0.785,0.001,-2.829,-0.0,0.0,-1.0,-1.0
12.78,8.5,3.628,-0.785,-0.001,-2.829,0.0,0.0,-1.0,-1.0
12.8,8.5,3.571,-0.785,-0.002,-2.829,0.0,0.0,-1.0,-1.0
12.82,8.5,3.514,-0.785,-0.003,-2.829,0.0,0.0,-1.0,-1.0
12.84,8.5,3.458,-0.785,-0.003,-2.829,0.0,0.0,-1.0,-1.0
12.86,8.5,3.401,-0.785,-0.001,-2.829,0.0,0.0,-1.0,-1.0
12.88,8.5,3.345,-0.785,0.001,-2.829,-0.0,0.0,-1.0,-1.0
12.9,8.5,3.288,-0.785,0.003,-2.829,-0.0,0.0,-1.0,-1.0
12.92,8.5,3.231,-0.785,0.003,-2.829,-0.0,0.0,-1.0,-1.0
12.94,8.5,3.175,-0.785,0.002,-2.829,-0.0,0.0,-1.0,-1.0
12.96,8.5,3.118,-0.785,0.0,-2.829,-0.0,0.0,-1.0,-1.0
12.98,8.5,3.062,-0.785,-0.002,-2.829,0.0,0.0,-1.0,-1.0
13.0,8.5,3.005,-0.785,-0.003,-2.829,0.0,0.0,-1.0,-1.0
13.02,8.5,2.949,-0.785,-0.003,-2.829,0.0,0.0,-1.0,-1.0
13.04,8.5,2.892,-0.785,-0.002,-2.829,0.0,0.0,-1.0,-1.0
13.06,8.5,2.835,-0.785,0.001,-2.829,-0.0,0.0,-1.0,-1.0
13.08,8.5,2.779,-0.785,0.002,-2.829,-0.0,0.0,-1.0,-1.0
13.1,8.5,2.722,-0.785,0.003,-2.829,-0.0,0.0,-1.0,-1.0
13.12,8.5,2.666,-0.785,0.003,-2.829,-0.0,0.0,-1.0,-1.0
13.14,8.5,2.609,-0.785,0.001,-2.829,-0.0,0.0,-1.0,-1.0
13.16,8.5,2.552,-0.785,-0.001,-2.829,0.0,0.0,-1.0,-1.0
13.18,8.5,2.496,-0.785,-0.003,-2.829,0.0,0.0,-1.0,-1.0
13.2,8.5,2.439,-0.785,-0.003,-2.829,0.0,0.0,-1.0,-1.0
13.22,8.5,2.383,-0.785,-0.002,-2.831,0.0,0.0,-1.0,-1.0
13.24,8.5,2.326,-0.785,-0.0,-2.842,0.0,0.0,-1.0,-1.0
13.26,8.5,2.27,-0.785,0.002,-2.853,-0.0,0.0,-1.0,-1.0
13.28,8.5,2.213,-0.785,0.003,-2.854,-0.0,0.0,-1.0,-1.0
13.3,8.5,2.156,-0.785,0.003,-2.835,-0.0,0.0,-1.0,-1.0
13.32,8.5,2.1,-0.785,0.002,-2.807,-0.0,0.0,-1.0,-1.0
13.34,8.5,2.045,-0.785,-0.0,-2.795,0.0,0.0,-1.0,-1.0
13.36,8.5,1.99,-0.785,-0.002,-2.776,0.0,0.0,-1.0,-1.0
13.38,8.5,1.936,-0.785,-0.003,-2.729,0.0,0.0,-1.0,-1.0
13.4,8.5,1.882,-0.785,-0.003,-2.632,0.0,0.0,-1.0,-1.0
13.42,8.5,1.831,-0.785,-0.001,-2.511,0.0,0.0,-1.0,-1.0
13.44,8.5,1.782,-0.785,0.001,-2.391,-0.0,0.0,-1.0,-1.0
13.46,8.5,1.735,-0.785,0.003,-2.271,-0.0,0.0,-1.0,-1.0
13.48,8.5,1.691,-0.785,0.003,-2.15,-0.0,0.0,-1.0,-1.0
13.5,8.5,1.649,-0.785,0.003,-2.026,-0.01,0.0,-1.0,-1.0
13.52,8.5,1.61,-0.785,0.003,-1.88,-0.076,0.0,-1.0,-1.0
13.54,8.5,1.573,-0.785,0.004,-1.732,-0.147,0.0,-1.0,-1.0
13.56,8.5,1.538,-0.785,0.003,-1.607,-0.159,0.0,-1.0,-1.0
13.58,8.5,1.506,-0.785,-0.001,-1.529,-0.045,0.0,-1.0,-1.0
13.6,8.5,1.476,-0.784,-0.009,-1.499,0.19,0.0,-1.0,-1.0
13.62,8.5,1.446,-0.778,-0.017,-1.469,0.429,0.0,-1.0,-1.0
13.64,8.499,1.417,-0.767,-0.025,-1.438,0.666,0.0,-1.0,-1.0
13.66,8.499,1.389,-0.751,-0.033,-1.405,0.901,0.0,-1.0,-1.0
13.68,8.498,1.361,-0.731,-0.04,-1.37,1.133,0.0,-1.0,-1.0
13.7,8.497,1.334,-0.706,-0.045,-1.333,1.361,0.0,-1.0,-1.0
13.72,8.496,1.308,-0.677,-0.045,-1.288,1.576,0.0,-1.0,-1.0
13.74,8.495,1.283,-0.643,-0.043,-1.242,1.786,0.0,-1.0,-1.0
13.76,8.495,1.259,-0.606,-0.032,-1.18,1.97,0.0,-1.0,-1.0
13.78,8.494,1.236,-0.565,-0.02,-1.117,2.148,0.0,-1.0,-1.0
13.8,8.494,1.214,-0.52,-0.006,-1.035,2.295,0.0,-1.0,-1.0
13.82,8.494,1.194,-0.473,0.008,-0.951,2.438,0.0,-1.0,-1.0
13.84,8.494,1.176,-0.423,0.016,-0.854,2.551,0.0,-1.0,-1.0
13.86,8.495,1.16,-0.371,0.023,-0.754,2.659,0.0,-1.0,-1.0
13.88,8.495,1.146,-0.317,0.026,-0.645,2.741,0.0,-1.0,-1.0
13.9,8.496,1.135,-0.262,0.028,-0.535,2.819,0.0,-1.0,-1.0
13.92,8.496,1.125,-0.205,0.028,-0.42,2.871,0.0,-1.0,-1.0
13.94,8.497,1.118,-0.147,0.028,-0.303,2.92,0.0,-1.0,-1.0
13.96,8.497,1.113,-0.089,0.028,-0.183,2.943,0.0,-1.0,-1.0
13.98,8.498,1.11,-0.03,0.029,-0.063,2.963,0.0,-1.0,-1.0
14.0,8.498,1.11,0.03,0.03,0.058,2.958,0.0,-1.0,-1.0
14.02,8.499,1.113,0.089,0.031,0.178,2.95,0.0,-1.0,-1.0
14.04,8.5,1.117,0.147,0.033,0.297,2.917,0.0,-1.0,-1.0
14.06,8.5,1.125,0.205,0.035,0.416,2.88,0.0,-1.0,-1.0
14.08,8.501,1.134,0.262,0.036,0.529,2.817,0.0,-1.0,-1.0
14.1,8.502,1.146,0.318,0.038,0.642,2.75,0.0,-1.0,-1.0
14.12,8.503,1.16,0.372,0.036,0.747,2.655,0.0,-1.0,-1.0
14.14,8.503,1.176,0.424,0.034,0.852,2.557,0.0,-1.0,-1.0
14.16,8.504,1.193,0.473,0.026,0.945,2.43,0.0,-1.0,-1.0
14.18,8.504,1.213,0.521,0.016,1.036,2.299,0.0,-1.0,-1.0
14.2,8.504,1.235,0.565,0.003,1.112,2.138,0.0,-1.0,-1.0
14.22,8.504,1.258,0.606,-0.013,1.185,1.971,0.0,-1.0,-1.0
14.24,8.504,1.282,0.643,-0.024,1.242,1.777,0.0,-1.0,-1.0
14.26,8.503,1.307,0.677,-0.035,1.295,1.575,0.0,-1.0,-1.0
14.28,8.503,1.333,0.706,-0.037,1.338,1.356,0.0,-1.0,-1.0
14.3,8.502,1.361,0.731,-0.036,1.377,1.131,0.0,-1.0,-1.0
14.32,8.501,1.388,0.751,-0.031,1.412,0.899,0.0,-1.0,-1.0
14.34,8.501,1.417,0.767,-0.024,1.445,0.665,0.0,-1.0,-1.0
14.36,8.5,1.446,0.778,-0.017,1.474,0.421,0.0,-1.0,-1.0
14.38,8.5,1.476,0.784,-0.007,1.479,0.118,0.0,-1.0,-1.0
14.4,8.5,1.506,0.785,-0.003,1.554,-0.0,0.0,-1.0,-1.0
14.42,8.5,1.539,0.785,-0.001,1.675,-0.0,0.0,-1.0,-1.0
14.44,8.5,1.573,0.785,0.001,1.796,0.0,0.0,-1.0,-1.0
14.46,8.5,1.611,0.785,0.003,1.917,0.0,0.0,-1.0,-1.0
14.48,8.5,1.65,0.785,0.003,2.037,0.0,0.0,-1.0,-1.0
14.5,8.5,1.692,0.785,0.002,2.162,0.0,0.0,-1.0,-1.0
14.52,8.5,1.736,0.785,0.0,2.306,0.0,0.0,-1.0,-1.0
14.54,8.5,1.783,0.785,-0.002,2.451,-0.0,0.0,-1.0,-1.0
14.56,8.5,1.832,0.785,-0.003,2.573,-0.0,0.0,-1.0,-1.0
14.58,8.5,1.884,0.785,-0.003,2.651,-0.0,0.0,-1.0,-1.0
14.6,8.5,1.937,0.785,-0.002,2.693,-0.0,0.0,-1.0,-1.0
14.62,8.5,1.991,0.785,0.001,2.742,0.0,0.0,-1.0,-1.0
14.64,8.5,2.046,0.785,0.002,2.787,0.0,0.0,-1.0,-1.0
14.66,8.5,2.102,0.785,0.003,2.819,0.0,0.0,-1.0,-1.0
14.68,8.5,2.158,0.785,0.003,2.829,0.0,0.0,-1.0,-1.0
14.7,8.5,2.215,0.785,0.001,2.829,0.0,0.0,-1.0,-1.0
14.72,8.5,2.271,0.785,-0.001,2.829,-0.0,0.0,-1.0,-1.0
14.74,8.5,2.328,0.785,-0.003,2.829,-0.0,0.0,-1.0,-1.0
14.76,8.5,2.385,0.785,-0.003,2.829,-0.0,0.0,-1.0,-1.0
14.78,8.5,2.441,0.785,-0.002,2.829,-0.0,0.0,-1.0,-1.0
14.8,8.5,2.498,0.785,-0.0,2.829,-0.0,0.0,-1.0,-1.0
14.82,8.5,2.554,0.785,0.002,2.829,0.0,0.0,-1.0,-1.0
14.84,8.5,2.611,0.785,0.003,2.829,0.0,0.0,-1.0,-1.0
14.86,8.5,2.668,0.785,0.003,2.829,0.0,0.0,-1.0,-1.0
14.88,8.5,2.724,0.785,0.002,2.829,0.0,0.0,-1.0,-1.0
14.9,8.5,2.781,0.785,-0.0,2.829,-0.0,0.0,-1.0,-1.0
14.92,8.5,2.837,0.785,-0.002,2.829,-0.0,0.0,-1.0,-1.0
14.94,8.5,2.894,0.785,-0.003,2.829,-0.0,0.0,-1.0,-1.0
14.96,8.5,2.95,0.785,-0.003,2.829,-0.0,0.0,-1.0,-1.0
14.98,8.5,3.007,0.785,-0.001,2.829,-0.0,0.0,-1.0,-1.0
15.0,8.5,3.064,0.785,0.001,2.829,0.0,0.0,-1.0,-1.0
15.02,8.5,3.12,0.785,0.003,2.829,0.0,0.0,-1.0,-1.0
15.04,8.5,3.177,0.785,0.003,2.829,0.0,0.0,-1.0,-1.0
15.06,8.5,3.233,0.785,0.002,2.829,0.0,0.0,-1.0,-1.0
15.08,8.5,3.29,0.785,0.0,2.829,0.0,0.0,-1.0,-1.0
15.1,8.5,3.347,0.785,-0.002,2.829,-0.0,0.0,-1.0,-1.0
15.12,8.5,3.403,0.785,-0.003,2.829,-0.0,0.0,-1.0,-1.0
15.14,8.5,3.46,0.785,-0.003,2.829,-0.0,0.0,-1.0,-1.0
15.16,8.5,3.516,0.785,-0.002,2.829,-0.0,0.0,-1.0,-1.0
15.18,8.5,3.573,0.785,0.0,2.829,0.0,0.0,-1.0,-1.0
15.2,8.5,3.629,0.785,0.002,2.829,0.0,0.0,-1.0,-1.0
15.22,8.5,3.686,0.785,0.003,2.829,0.0,0.0,-1.0,-1.0
15.24,8.5,3.743,0.785,0.003,2.829,0.0,0.0,-1.0,-1.0
15.26,8.5,3.799,0.785,0.001,2.829,0.0,0.0,-1.0,-1.0
15.28,8.5,3.856,0.785,-0.001,2.829,-0.0,0.0,-1.0,-1.0
15.3,8.5,3.912,0.785,-0.003,2.829,-0.0,0.0,-1.0,-1.0
15.32,8.5,3.969,0.785,-0.003,2.829,-0.0,0.0,-1.0,-1.0
15.34,8.5,4.026,0.785,-0.002,2.829,-0.0,0.0,-1.0,-1.0
15.36,8.5,4.082,0.785,-0.0,2.829,-0.0,0.0,-1.0,-1.0
15.38,8.5,4.139,0.785,0.002,2.829,0.0,0.0,-1.0,-1.0
15.4,8.5,4.195,0.785,0.003,2.829,0.0,0.0,-1.0,-1.0
15.42,8.5,4.252,0.785,0.003,2.829,0.0,0.0,-1.0,-1.0
15.44,8.5,4.308,0.785,0.002,2.829,0.0,0.0,-1.0,-1.0
15.46,8.5,4.365,0.785,-0.0,2.829,-0.0,0.0,-1.0,-1.0
15.48,8.5,4.422,0.785,-0.002,2.829,-0.0,0.0,-1.0,-1.0
15.5,8.5,4.478,0.785,-0.003,2.829,-0.0,0.0,-1.0,-1.0
15.52,8.5,4.535,0.785,-0.003,2.829,-0.0,0.0,-1.0,-1.0
15.54,8.5,4.591,0.785,-0.001,2.829,-0.0,0.0,-1.0,-1.0
15.56,8.5,4.648,0.785,0.001,2.829,0.0,0.0,-1.0,-1.0
15.58,8.5,4.705,0.785,0.003,2.829,0.0,0.0,-1.0,-1.0
15.6,8.5,4.761,0.785,0.003,2.829,0.0,0.0,-1.0,-1.0
15.62,8.5,4.818,0.785,0.002,2.829,0.0,0.0,-1.0,-1.0
15.64,8.5,4.874,0.785,0.0,2.829,0.0,0.0,-1.0,-1.0
15.66,8.5,4.931,0.785,-0.002,2.829,-0.0,0.0,-1.0,-1.0
15.68,8.5,4.987,0.785,-0.003,2.829,-0.0,0.0,-1.0,-1.0
15.7,8.5,5.044,0.785,-0.003,2.829,-0.0,0.0,-1.0,-1.0
15.72,8.5,5.101,0.785,-0.002,2.829,-0.0,0.0,-1.0,-1.0
15.74,8.5,5.157,0.785,0.0,2.829,0.0,0.0,-1.0,-1.0
15.76,8.5,5.214,0.785,0.002,2.829,0.0,0.0,-1.0,-1.0
15.78,8.5,5.27,0.785,0.003,2.829,0.0,0.0,-1.0,-1.0
15.8,8.5,5.327,0.785,0.003,2.829,0.0,0.0,-1.0,-1.0
15.82,8.5,5.384,0.785,0.001,2.829,0.0,0.0,-1.0,-1.0
15.84,8.5,5.44,0.785,-0.001,2.829,-0.0,0.0,-1.0,-1.0
15.86,8.5,5.497,0.785,-0.003,2.829,-0.0,0.0,-1.0,-1.0
15.88,8.5,5.553,0.785,-0.003,2.829,-0.0,0.0,-1.0,-1.0
15.9,8.5,5.61,0.785,-0.002,2.83,-0.0,0.0,-1.0,-1.0
15.92,8.5,5.666,0.785,-0.0,2.84,-0.0,0.0,-1.0,-1.0
15.94,8.5,5.723,0.785,0.002,2.852,0.0,0.0,-1.0,-1.0
15.96,8.5,5.78,0.785,0.003,2.855,0.0,0.0,-1.0,-1.0
15.98,8.5,5.836,0.785,0.003,2.839,0.0,0.0,-1.0,-1.0
16.0,8.5,5.893,0.785,0.002,2.81,0.0,0.0,-1.0,-1.0
16.02,8.5,5.948,0.785,-0.0,2.796,-0.0,0.0,-1.0,-1.0
16.04,8.5,6.003,0.785,-0.002,2.78,-0.0,0.0,-1.0,-1.0
16.06,8.5,6.057,0.785,-0.003,2.738,-0.0,0.0,-1.0,-1.0
16.08,8.5,6.111,0.785,-0.003,2.648,-0.0,0.0,-1.0,-1.0
16.1,8.5,6.162,0.785,-0.001,2.527,-0.0,0.0,-1.0,-1.0
16.12,8.5,6.212,0.785,0.001,2.407,0.0,0.0,-1.0,-1.0
16.14,8.5,6.259,0.785,0.003,2.287,0.0,0.0,-1.0,-1.0
16.16,8.5,6.303,0.785,0.003,2.166,0.0,0.0,-1.0,-1.0
16.18,8.5,6.345,0.785,0.003,2.043,0.005,0.0,-1.0,-1.0
16.2,8.5,6.385,0.785,0.003,1.9,0.065,0.0,-1.0,-1.0
16.22,8.5,6.422,0.785,0.004,1.751,0.14,0.0,-1.0,-1.0
16.24,8.5,6.457,0.785,0.003,1.621,0.163,0.0,-1.0,-1.0
16.26,8.5,6.49,0.785,-0.001,1.536,0.069,0.0,-1.0,-1.0
16.28,8.5,6.52,0.784,-0.008,1.503,-0.159,0.0,-1.0,-1.0
16.3,8.5,6.55,0.779,-0.016,1.473,-0.398,0.0,-1.0,-1.0
16.32,8.499,6.579,0.768,-0.024,1.442,-0.635,0.0,-1.0,-1.0
16.34,8.499,6.607,0.753,-0.032,1.41,-0.871,0.0,-1.0,-1.0
16.36,8.498,6.635,0.734,-0.039,1.374,-1.102,0.0,-1.0,-1.0
16.38,8.497,6.662,0.709,-0.045,1.338,-1.332,0.0,-1.0,-1.0
16.4,8.496,6.689,0.681,-0.045,1.294,-1.547,0.0,-1.0,-1.0
16.42,8.496,6.714,0.648,-0.044,1.249,-1.76,0.0,-1.0,-1.0
16.44,8.495,6.738,0.611,-0.033,1.188,-1.945,0.0,-1.0,-1.0
16.46,8.494,6.761,0.57,-0.021,1.126,-2.127,0.0,-1.0,-1.0
16.48,8.494,6.783,0.526,-0.008,1.046,-2.276,0.0,-1.0,-1.0
16.5,8.494,6.803,0.479,0.007,0.963,-2.421,0.0,-1.0,-1.0
16.52,8.494,6.821,0.43,0.015,0.867,-2.536,0.0,-1.0,-1.0
16.54,8.494,6.838,0.378,0.023,0.768,-2.647,0.0,-1.0,-1.0
16.56,8.495,6.852,0.324,0.026,0.66,-2.73,0.0,-1.0,-1.0
16.58,8.495,6.864,0.269,0.028,0.55,-2.81,0.0,-1.0,-1.0
16.6,8.496,6.874,0.212,0.028,0.435,-2.864,0.0,-1.0,-1.0
16.62,8.497,6.881,0.155,0.028,0.318,-2.915,0.0,-1.0,-1.0
16.64,8.497,6.887,0.096,0.028,0.199,-2.94,0.0,-1.0,-1.0
16.66,8.498,6.889,0.037,0.029,0.079,-2.962,0.0,-1.0,-1.0
16.68,8.498,6.89,-0.022,0.03,-0.042,-2.959,0.0,-1.0,-1.0
16.7,8.499,6.888,-0.081,0.031,-0.163,-2.953,0.0,-1.0,-1.0
16.72,8.5,6.883,-0.14,0.033,-0.281,-2.921,0.0,-1.0,-1.0
16.74,8.5,6.876,-0.198,0.035,-0.4,-2.886,0.0,-1.0,-1.0
16.76,8.501,6.867,-0.255,0.036,-0.514,-2.825,0.0,-1.0,-1.0
16.78,8.502,6.856,-0.31,0.038,-0.628,-2.759,0.0,-1.0,-1.0
16.8,8.502,6.842,-0.365,0.036,-0.734,-2.668,0.0,-1.0,-1.0
16.82,8.503,6.827,-0.417,0.035,-0.839,-2.571,0.0,-1.0,-1.0
16.84,8.504,6.809,-0.467,0.027,-0.933,-2.447,0.0,-1.0,-1.0
16.86,8.504,6.789,-0.515,0.018,-1.025,-2.317,0.0,-1.0,-1.0
16.88,8.504,6.768,-0.559,0.005,-1.102,-2.16,0.0,-1.0,-1.0
16.9,8.504,6.746,-0.601,-0.011,-1.176,-1.994,0.0,-1.0,-1.0
16.92,8.504,6.721,-0.639,-0.023,-1.235,-1.804,0.0,-1.0,-1.0
16.94,8.503,6.696,-0.673,-0.033,-1.288,-1.602,0.0,-1.0,-1.0
16.96,8.503,6.67,-0.702,-0.037,-1.333,-1.386,0.0,-1.0,-1.0
16.98,8.502,6.643,-0.728,-0.036,-1.372,-1.161,0.0,-1.0,-1.0
17.0,8.501,6.615,-0.749,-0.032,-1.408,-0.93,0.0,-1.0,-1.0
17.02,8.501,6.587,-0.765,-0.025,-1.441,-0.696,0.0,-1.0,-1.0
17.04,8.5,6.558,-0.777,-0.018,-1.472,-0.457,0.0,-1.0,-1.0
17.06,8.5,6.528,-0.783,-0.008,-1.476,-0.154,0.0,-1.0,-1.0
17.08,8.5,6.498,-0.785,-0.003,-1.538,0.0,0.0,-1.0,-1.0
17.1,8.5,6.466,-0.785,-0.001,-1.659,0.0,0.0,-1.0,-1.0
17.12,8.5,6.431,-0.785,0.001,-1.78,-0.0,0.0,-1.0,-1.0
17.14,8.5,6.394,-0.785,0.003,-1.901,-0.0,0.0,-1.0,-1.0
17.16,8.5,6.355,-0.785,0.003,-2.021,-0.0,0.0,-1.0,-1.0
17.18,8.5,6.314,-0.785,0.002,-2.144,-0.0,0.0,-1.0,-1.0
17.2,8.5,6.27,-0.785,0.0,-2.287,-0.0,0.0,-1.0,-1.0
17.22,8.5,6.223,-0.785,-0.002,-2.433,0.0,0.0,-1.0,-1.0
17.24,8.5,6.174,-0.785,-0.003,-2.56,0.0,0.0,-1.0,-1.0
17.26,8.5,6.123,-0.785,-0.003,-2.644,0.0,0.0,-1.0,-1.0
17.28,8.5,6.07,-0.785,-0.002,-2.687,0.0,0.0,-1.0,-1.0
17.3,8.5,6.016,-0.785,0.0,-2.735,-0.0,0.0,-1.0,-1.0
17.32,8.5,5.961,-0.785,0.002,-2.782,-0.0,0.0,-1.0,-1.0
17.34,8.5,5.905,-0.785,0.003,-2.816,-0.0,0.0,-1.0,-1.0
17.36,8.5,5.849,-0.785,0.003,-2.829,-0.0,0.0,-1.0,-1.0
17.38,8.5,5.793,-0.785,0.001,-2.829,-0.0,0.0,-1.0,-1.0
17.4,8.5,5.736,-0.785,-0.001,-2.829,0.0,0.0,-1.0,-1.0
17.42,8.5,5.679,-0.785,-0.003,-2.829,0.0,0.0,-1.0,-1.0
17.44,8.5,5.623,-0.785,-0.003,-2.829,0.0,0.0,-1.0,-1.0
17.46,8.5,5.566,-0.785,-0.002,-2.829,0.0,0.0,-1.0,-1.0
17.48,8.5,5.51,-0.785,-0.001,-2.829,0.0,0.0,-1.0,-1.0
17.5,8.5,5.453,-0.785,0.002,-2.829,-0.0,0.0,-1.0,-1.0
17.52,8.5,5.396,-0.785,0.003,-2.829,-0.0,0.0,-1.0,-1.0
17.54,8.5,5.34,-0.785,0.003,-2.829,-0.0,0.0,-1.0,-1.0
17.56,8.5,5.283,-0.785,0.002,-2.829,-0.0,0.0,-1.0,-1.0
17.58,8.5,5.227,-0.785,-0.0,-2.829,0.0,0.0,-1.0,-1.0
17.6,8.5,5.17,-0.785,-0.002,-2.829,0.0,0.0,-1.0,-1.0
17.62,8.5,5.114,-0.785,-0.003,-2.829,0.0,0.0,-1.0,-1.0
17.64,8.5,5.057,-0.785,-0.003,-2.829,0.0,0.0,-1.0,-1.0
17.66,8.5,5.0,-0.785,-0.001,-2.829,0.0,0.0,-1.0,-1.0
17.68,8.5,4.944,-0.785,0.001,-2.829,-0.0,0.0,-1.0,-1.0
17.7,8.5,4.887,-0.785,0.003,-2.829,-0.0,0.0,-1.0,-1.0
17.72,8.5,4.831,-0.785,0.003,-2.829,-0.0,0.0,-1.0,-1.0
17.74,8.5,4.774,-0.785,0.002,-2.829,-0.0,0.0,-1.0,-1.0
17.76,8.5,4.717,-0.785,0.001,-2.829,-0.0,0.0,-1.0,-1.0
17.78,8.5,4.661,-0.785,-0.001,-2.829,0.0,0.0,-1.0,-1.0
17.8,8.5,4.604,-0.785,-0.003,-2.829,0.0,0.0,-1.0,-1.0
17.82,8.5,4.548,-0.785,-0.003,-2.829,0.0,0.0,-1.0,-1.0
17.84,8.5,4.491,-0.785,-0.002,-2.829,0.0,0.0,-1.0,-1.0
17.86,8.5,4.435,-0.785,0.0,-2.829,-0.0,0.0,-1.0,-1.0
17.88,8.5,4.378,-0.785,0.002,-2.829,-0.0,0.0,-1.0,-1.0
17.9,8.5,4.321,-0.785,0.003,-2.829,-0.0,0.0,-1.0,-1.0
17.92,8.5,4.265,-0.785,0.003,-2.829,-0.0,0.0,-1.0,-1.0
17.94,8.5,4.208,-0.785,0.001,-2.829,-0.0,0.0,-1.0,-1.0
17.96,8.5,4.152,-0.785,-0.001,-2.829,0.0,0.0,-1.0,-1.0
17.98,8.5,4.095,-0.785,-0.003,-2.829,0.0,0.0,-1.0,-1.0
18.0,8.5,4.038,-0.785,-0.003,-2.829,0.0,0.0,-1.0,-1.0
18.02,8.5,3.982,-0.785,-0.002,-2.829,0.0,0.0,-1.0,-1.0
18.04,8.5,3.925,-0.785,-0.001,-2.829,0.0,0.0,-1.0,-1.0
18.06,8.5,3.869,-0.785,0.001,-2.829,-0.0,0.0,-1.0,-1.0
18.08,8.5,3.812,-0.785,0.003,-2.829,-0.0,0.0,-1.0,-1.0
18.1,8.5,3.756,-0.785,0.003,-2.829,-0.0,0.0,-1.0,-1.0
18.12,8.5,3.699,-0.785,0.002,-2.829,-0.0,0.0,-1.0,-1.0
18.14,8.5,3.642,-0.785,-0.0,-2.829,0.0,0.0,-1.0,-1.0
18.16,8.5,3.586,-0.785,-0.002,-2.829,0.0,0.0,-1.0,-1.0
18.18,8.5,3.529,-0.785,-0.003,-2.829,0.0,0.0,-1.0,-1.0
18.2,8.5,3.473,-0.785,-0.003,-2.829,0.0,0.0,-1.0,-1.0
18.22,8.5,3.416,-0.785,-0.001,-2.829,0.0,0.0,-1.0,-1.0
18.24,8.5,3.359,-0.785,0.001,-2.829,-0.0,0.0,-1.0,-1.0
18.26,8.5,3.303,-0.785,0.002,-2.829,-0.0,0.0,-1.0,-1.0
18.28,8.5,3.246,-0.785,0.003,-2.829,-0.0,0.0,-1.0,-1.0
18.3,8.5,3.19,-0.785,0.003,-2.829,-0.0,0.0,-1.0,-1.0
18.32,8.5,3.133,-0.785,0.001,-2.829,-0.0,0.0,-1.0,-1.0
18.34,8.5,3.077,-0.785,-0.001,-2.829,0.0,0.0,-1.0,-1.0
18.36,8.5,3.02,-0.785,-0.003,-2.829,0.0,0.0,-1.0,-1.0
18.38,8.5,2.963,-0.785,-0.003,-2.829,0.0,0.0,-1.0,-1.0
18.4,8.5,2.907,-0.785,-0.002,-2.829,0.0,0.0,-1.0,-1.0
18.42,8.5,2.85,-0.785,-0.0,-2.829,0.0,0.0,-1.0,-1.0
18.44,8.5,2.794,-0.785,0.002,-2.829,-0.0,0.0,-1.0,-1.0
18.46,8.5,2.737,-0.785,0.003,-2.829,-0.0,0.0,-1.0,-1.0
18.48,8.5,2.68,-0.785,0.003,-2.829,-0.0,0.0,-1.0,-1.0
18.5,8.5,2.624,-0.785,0.001,-2.829,-0.0,0.0,-1.0,-1.0
18.52,8.5,2.567,-0.785,-0.001,-2.829,0.0,0.0,-1.0,-1.0
18.54,8.5,2.511,-0.785,-0.002,-2.829,0.0,0.0,-1.0,-1.0
18.56,8.5,2.454,-0.785,-0.003,-2.829,0.0,0.0,-1.0,-1.0
18.58,8.5,2.398,-0.785,-0.003,-2.83,0.0,0.0,-1.0,-1.0
18.6,8.5,2.341,-0.785,-0.001,-2.839,0.0,0.0,-1.0,-1.0
18.62,8.5,2.284,-0.785,0.001,-2.851,-0.0,0.0,-1.0,-1.0
18.64,8.5,2.228,-0.785,0.003,-2.856,-0.0,0.0,-1.0,-1.0
18.66,8.5,2.171,-0.785,0.003,-2.843,-0.0,0.0,-1.0,-1.0
18.68,8.5,2.115,-0.785,0.002,-2.812,-0.0,0.0,-1.0,-1.0
18.7,8.5,2.059,-0.785,0.0,-2.797,-0.0,0.0,-1.0,-1.0
18.72,8.5,2.004,-0.785,-0.002,-2.782,0.0,0.0,-1.0,-1.0
18.74,8.5,1.95,-0.785,-0.003,-2.744,0.0,0.0,-1.0,-1.0
18.76,8.5,1.896,-0.785,-0.003,-2.662,0.0,0.0,-1.0,-1.0
18.78,8.5,1.844,-0.785,-0.001,-2.542,0.0,0.0,-1.0,-1.0
18.8,8.5,1.795,-0.785,0.001,-2.421,-0.0,0.0,-1.0,-1.0
18.82,8.5,1.748,-0.785,0.002,-2.301,-0.0,0.0,-1.0,-1.0
18.84,8.5,1.703,-0.785,0.003,-2.181,-0.0,0.0,-1.0,-1.0
18.86,8.5,1.66,-0.785,0.003,-2.059,-0.002,0.0,-1.0,-1.0
18.88,8.5,1.62,-0.785,0.003,-1.918,-0.055,0.0,-1.0,-1.0
18.9,8.5,1.583,-0.785,0.004,-1.769,-0.131,0.0,-1.0,-1.0
18.92,8.5,1.548,-0.785,0.003,-1.635,-0.165,0.0,-1.0,-1.0
18.94,8.5,1.515,-0.785,0.0,-1.542,-0.092,0.0,-1.0,-1.0
18.96,8.5,1.484,-0.785,-0.007,-1.504,0.125,0.0,-1.0,-1.0
18.98,8.5,1.454,-0.78,-0.015,-1.475,0.364,0.0,-1.0,-1.0
19.0,8.499,1.425,-0.77,-0.023,-1.444,0.601,0.0,-1.0,-1.0
19.02,8.499,1.397,-0.756,-0.031,-1.412,0.838,0.0,-1.0,-1.0
19.04,8.498,1.369,-0.737,-0.038,-1.377,1.069,0.0,-1.0,-1.0
19.06,8.497,1.342,-0.713,-0.045,-1.341,1.3,0.0,-1.0,-1.0
19.08,8.496,1.315,-0.685,-0.045,-1.297,1.516,0.0,-1.0,-1.0
19.1,8.496,1.29,-0.653,-0.045,-1.253,1.732,0.0,-1.0,-1.0
19.12,8.495,1.265,-0.616,-0.035,-1.194,1.919,0.0,-1.0,-1.0
19.14,8.494,1.242,-0.576,-0.024,-1.133,2.103,0.0,-1.0,-1.0
19.16,8.494,1.22,-0.533,-0.01,-1.055,2.256,0.0,-1.0,-1.0
19.18,8.494,1.2,-0.486,0.004,-0.973,2.403,0.0,-1.0,-1.0
19.2,8.494,1.182,-0.437,0.014,-0.879,2.521,0.0,-1.0,-1.0
19.22,8.494,1.165,-0.385,0.021,-0.78,2.634,0.0,-1.0,-1.0
19.24,8.495,1.151,-0.332,0.025,-0.674,2.721,0.0,-1.0,-1.0
19.26,8.495,1.138,-0.277,0.027,-0.564,2.802,0.0,-1.0,-1.0
19.28,8.496,1.128,-0.22,0.028,-0.45,2.859,0.0,-1.0,-1.0
19.3,8.496,1.12,-0.163,0.028,-0.333,2.911,0.0,-1.0,-1.0
19.32,8.497,1.115,-0.104,0.028,-0.214,2.94,0.0,-1.0,-1.0
19.34,8.498,1.112,-0.045,0.028,-0.094,2.962,0.0,-1.0,-1.0
19.36,8.498,1.111,0.014,0.029,0.026,2.963,0.0,-1.0,-1.0
19.38,8.499,1.113,0.073,0.03,0.147,2.957,0.0,-1.0,-1.0
19.4,8.499,1.117,0.132,0.032,0.266,2.929,0.0,-1.0,-1.0
19.42,8.5,1.123,0.19,0.034,0.385,2.894,0.0,-1.0,-1.0
19.44,8.501,1.132,0.247,0.036,0.5,2.837,0.0,-1.0,-1.0
19.46,8.501,1.143,0.303,0.038,0.613,2.771,0.0,-1.0,-1.0
19.48,8.502,1.157,0.358,0.037,0.72,2.683,0.0,-1.0,-1.0
19.5,8.503,1.172,0.41,0.035,0.825,2.587,0.0,-1.0,-1.0
19.52,8.503,1.189,0.461,0.028,0.921,2.467,0.0,-1.0,-1.0
19.54,8.504,1.209,0.509,0.019,1.013,2.336,0.0,-1.0,-1.0
19.56,8.504,1.23,0.554,0.007,1.092,2.183,0.0,-1.0,-1.0
19.58,8.504,1.252,0.596,-0.009,1.166,2.016,0.0,-1.0,-1.0
19.6,8.504,1.276,0.634,-0.021,1.227,1.83,0.0,-1.0,-1.0
19.62,8.503,1.301,0.669,-0.032,1.28,1.628,0.0,-1.0,-1.0
19.64,8.503,1.327,0.699,-0.036,1.326,1.414,0.0,-1.0,-1.0
19.66,8.502,1.354,0.725,-0.035,1.365,1.189,0.0,-1.0,-1.0
19.68,8.501,1.382,0.747,-0.031,1.401,0.959,0.0,-1.0,-1.0
19.7,8.501,1.41,0.763,-0.025,1.434,0.724,0.0,-1.0,-1.0
19.72,8.5,1.439,0.775,-0.018,1.466,0.488,0.0,-1.0,-1.0
19.74,8.5,1.469,0.783,-0.008,1.473,0.19,0.0,-1.0,-1.0
19.76,8.5,1.499,0.785,-0.002,1.522,0.002,0.0,-1.0,-1.0
19.78,8.5,1.531,0.785,-0.001,1.642,0.001,0.0,-1.0,-1.0
19.8,8.5,1.565,0.785,0.0,1.763,-0.0,0.0,-1.0,-1.0
19.82,8.5,1.601,0.785,0.001,1.884,-0.001,0.0,-1.0,-1.0
19.84,8.5,1.64,0.785,0.002,2.005,-0.002,0.0,-1.0,-1.0
19.86,8.5,1.681,0.785,0.001,2.128,-0.001,0.0,-1.0,-1.0
19.88,8.5,1.725,0.785,0.0,2.268,-0.0,0.0,-1.0,-1.0
19.9,8.5,1.771,0.785,-0.001,2.411,0.001,0.0,-1.0,-1.0
19.92,8.5,1.82,0.785,-0.002,2.534,0.002,0.0,-1.0,-1.0
19.94,8.5,1.871,0.785,-0.002,2.616,0.002,0.0,-1.0,-1.0
19.96,8.5,1.923,0.785,-0.001,2.668,0.001,0.0,-1.0,-1.0
19.98,8.5,1.977,0.785,0.0,2.728,-0.0,0.0,-1.0,-1.0
20.0,8.5,2.032,0.785,0.001,2.783,-0.001,0.0,-1.0,-1.0
20.02,8.5,2.087,0.785,0.002,2.82,-0.002,0.0,-1.0,-1.0
20.04,8.5,2.143,0.785,0.001,2.829,-0.001,0.0,-1.0,-1.0
20.06,8.5,2.2,0.785,0.0,2.829,-0.0,0.0,-1.0,-1.0
20.08,8.5,2.257,0.785,-0.001,2.829,0.001,0.0,-1.0,-1.0
20.1,8.5,2.313,0.785,-0.002,2.829,0.002,0.0,-1.0,-1.0
20.12,8.5,2.37,0.785,-0.002,2.829,0.002,0.0,-1.0,-1.0
20.14,8.5,2.426,0.785,-0.001,2.829,0.001,0.0,-1.0,-1.0
20.16,8.5,2.483,0.785,0.0,2.829,-0.0,0.0,-1.0,-1.0
20.18,8.5,2.54,0.785,0.001,2.829,-0.001,0.0,-1.0,-1.0
20.2,8.5,2.596,0.785,0.002,2.829,-0.002,0.0,-1.0,-1.0
20.22,8.5,2.653,0.785,0.001,2.829,-0.001,0.0,-1.0,-1.0
20.24,8.5,2.709,0.785,0.0,2.829,-0.0,0.0,-1.0,-1.0
20.26,8.5,2.766,0.785,-0.001,2.829,0.001,0.0,-1.0,-1.0
20.28,8.5,2.822,0.785,-0.002,2.829,0.002,0.0,-1.0,-1.0
20.3,8.5,2.879,0.785,-0.002,2.829,0.002,0.0,-1.0,-1.0
20.32,8.5,2.936,0.785,-0.001,2.829,0.001,0.0,-1.0,-1.0
20.34,8.5,2.992,0.785,0.0,2.829,-0.0,0.0,-1.0,-1.0
20.36,8.5,3.049,0.785,0.001,2.829,-0.001,0.0,-1.0,-1.0
20.38,8.5,3.105,0.785,0.002,2.829,-0.002,0.0,-1.0,-1.0
20.4,8.5,3.162,0.785,0.001,2.829,-0.001,0.0,-1.0,-1.0
20.42,8.5,3.218,0.785,0.0,2.829,-0.001,0.0,-1.0,-1.0
20.44,8.5,3.275,0.785,-0.001,2.829,0.001,0.0,-1.0,-1.0
20.46,8.5,3.332,0.785,-0.001,2.829,0.002,0.0,-1.0,-1.0
20.48,8.5,3.388,0.785,-0.002,2.829,0.002,0.0,-1.0,-1.0
20.5,8.5,3.445,0.785,-0.001,2.829,0.001,0.0,-1.0,-1.0
20.52,8.5,3.501,0.785,0.0,2.829,-0.0,0.0,-1.0,-1.0
20.54,8.5,3.558,0.785,0.001,2.829,-0.001,0.0,-1.0,-1.0
20.56,8.5,3.615,0.785,0.002,2.829,-0.002,0.0,-1.0,-1.0
20.58,8.5,3.671,0.785,0.001,2.829,-0.002,0.0,-1.0,-1.0
20.6,8.5,3.728,0.785,0.001,2.829,-0.001,0.0,-1.0,-1.0
20.62,8.5,3.784,0.785,-0.001,2.829,0.001,0.0,-1.0,-1.0
20.64,8.5,3.841,0.785,-0.001,2.829,0.001,0.0,-1.0,-1.0
20.66,8.5,3.897,0.785,-0.002,2.829,0.002,0.0,-1.0,-1.0
20.68,8.5,3.954,0.785,-0.001,2.829,0.001,0.0,-1.0,-1.0
20.7,8.5,4.011,0.785,-0.0,2.829,0.0,0.0,-1.0,-1.0
20.72,8.5,4.067,0.785,0.001,2.829,-0.001,0.0,-1.0,-1.0
20.74,8.5,4.124,0.785,0.002,2.829,-0.002,0.0,-1.0,-1.0
20.76,8.5,4.18,0.785,0.002,2.829,-0.002,0.0,-1.0,-1.0
20.78,8.5,4.237,0.785,0.001,2.829,-0.001,0.0,-1.0,-1.0
20.8,8.5,4.293,0.785,-0.0,2.829,0.0,0.0,-1.0,-1.0
20.82,8.5,4.35,0.785,-0.001,2.829,0.001,0.0,-1.0,-1.0
20.84,8.5,4.407,0.785,-0.002,2.829,0.002,0.0,-1.0,-1.0
20.86,8.5,4.463,0.785,-0.001,2.829,0.001,0.0,-1.0,-1.0
20.88,8.5,4.52,0.785,-0.0,2.829,0.0,0.0,-1.0,-1.0
20.9,8.5,4.576,0.785,0.001,2.829,-0.001,0.0,-1.0,-1.0
20.92,8.5,4.633,0.785,0.002,2.829,-0.002,0.0,-1.0,-1.0
20.94,8.5,4.69,0.785,0.002,2.829,-0.002,0.0,-1.0,-1.0
20.96,8.5,4.746,0.785,0.001,2.829,-0.001,0.0,-1.0,-1.0
20.98,8.5,4.803,0.785,-0.0,2.829,0.0,0.0,-1.0,-1.0
21.0,8.5,4.859,0.785,-0.001,2.829,0.001,0.0,-1.0,-1.0
21.02,8.5,4.916,0.785,-0.002,2.829,0.002,0.0,-1.0,-1.0
21.04,8.5,4.972,0.785,-0.001,2.829,0.001,0.0,-1.0,-1.0
21.06,8.5,5.029,0.785,-0.0,2.829,0.0,0.0,-1.0,-1.0
21.08,8.5,5.086,0.785,0.001,2.829,-0.001,0.0,-1.0,-1.0
21.1,8.5,5.142,0.785,0.002,2.829,-0.002,0.0,-1.0,-1.0
21.12,8.5,5.199,0.785,0.002,2.829,-0.002,0.0,-1.0,-1.0
21.14,8.5,5.255,0.785,0.001,2.829,-0.001,0.0,-1.0,-1.0
21.16,8.5,5.312,0.785,-0.0,2.829,0.0,0.0,-1.0,-1.0
21.18,8.5,5.368,0.785,-0.001,2.829,0.001,0.0,-1.0,-1.0
21.2,8.5,5.425,0.785,-0.002,2.829,0.002,0.0,-1.0,-1.0
21.22,8.5,5.482,0.785,-0.001,2.829,0.001,0.0,-1.0,-1.0
21.24,8.5,5.538,0.785,-0.0,2.829,0.0,0.0,-1.0,-1.0
21.26,8.5,5.595,0.785,0.001,2.829,-0.001,0.0,-1.0,-1.0
21.28,8.5,5.651,0.785,0.001,2.829,-0.002,0.0,-1.0,-1.0
21.3,8.5,5.708,0.785,0.002,2.829,-0.002,0.0,-1.0,-1.0
21.32,8.5,5.765,0.785,0.001,2.829,-0.001,0.0,-1.0,-1.0
21.34,8.5,5.821,0.785,-0.0,2.829,0.0,0.0,-1.0,-1.0
21.36,8.5,5.878,0.785,-0.001,2.829,0.001,0.0,-1.0,-1.0
21.38,8.5,5.934,0.785,-0.002,2.829,0.002,0.0,-1.0,-1.0
21.4,8.5,5.991,0.785,-0.001,2.829,0.002,0.0,-1.0,-1.0
21.42,8.5,6.047,0.785,-0.001,2.829,0.001,0.0,-1.0,-1.0
21.44,8.5,6.104,0.785,0.001,2.829,-0.001,0.0,-1.0,-1.0
21.46,8.5,6.161,0.785,0.001,2.829,-0.002,0.0,-1.0,-1.0
21.48,8.5,6.217,0.785,0.002,2.829,-0.002,0.0,-1.0,-1.0
21.5,8.5,6.274,0.785,0.001,2.829,-0.001,0.0,-1.0,-1.0
21.52,8.5,6.33,0.785,0.0,2.829,-0.001,0.0,-1.0,-1.0
21.54,8.5,6.387,0.785,-0.0,2.828,0.0,0.0,-1.0,-1.0
21.56,8.5,6.443,0.785,-0.001,2.828,0.001,0.0,-1.0,-1.0
21.58,8.5,6.5,0.785,-0.002,2.828,0.002,0.0,-1.0,-1.0
