0.0,8.4,4.0,0.0,-0.0,-0.0,-0.0,3.0,-1.0,-1.0
0.02,8.4,4.0,-0.003,0.015,0.006,-0.251,0.0,-1.0,-1.0
0.04,8.401,4.0,-0.01,0.03,0.012,-0.503,0.0,-1.0,-1.0
0.06,8.401,4.0,-0.023,0.045,0.017,-0.754,0.0,-1.0,-1.0
0.08,8.402,4.001,-0.04,0.061,0.02,-1.006,0.0,-1.0,-1.0
0.1,8.404,4.001,-0.063,0.075,0.025,-1.259,0.0,-1.0,-1.0
0.12,8.405,4.002,-0.091,0.09,0.03,-1.512,0.0,-1.0,-1.0
0.14,8.408,4.002,-0.123,0.107,0.029,-1.762,0.0,-1.0,-1.0
0.16,8.41,4.003,-0.161,0.129,0.023,-2.014,0.0,-1.0,-1.0
0.18,8.413,4.003,-0.203,0.151,0.028,-2.28,0.0,-1.0,-1.0
0.2,8.416,4.003,-0.251,0.172,0.024,-2.536,0.0,-1.0,-1.0
0.22,8.42,4.003,-0.303,0.193,-0.009,-2.75,0.0,-1.0,-1.0
0.24,8.424,4.002,-0.36,0.215,-0.057,-2.952,0.0,-1.0,-1.0
0.26,8.428,4.0,-0.421,0.24,-0.098,-3.171,0.0,-1.0,-1.0
0.28,8.433,3.997,-0.485,0.26,-0.156,-3.35,0.0,-1.0,-1.0
0.3,8.438,3.993,-0.552,0.268,-0.255,-3.44,0.0,-1.0,-1.0
0.32,8.443,3.987,-0.621,0.278,-0.372,-3.525,0.0,-1.0,-1.0
0.34,8.449,3.978,-0.692,0.288,-0.49,-3.61,0.0,-1.0,-1.0
0.36,8.454,3.967,-0.763,0.287,-0.603,-3.638,0.0,-1.0,-1.0
0.38,8.46,3.954,-0.835,0.271,-0.713,-3.578,0.0,-1.0,-1.0
0.4,8.465,3.939,-0.905,0.253,-0.834,-3.529,0.0,-1.0,-1.0
0.42,8.47,3.921,-0.974,0.234,-0.948,-3.465,0.0,-1.0,-1.0
0.44,8.475,3.902,-1.042,0.213,-1.034,-3.345,0.0,-1.0,-1.0
0.46,8.479,3.881,-1.107,0.188,-1.095,-3.175,0.0,-1.0,-1.0
0.48,8.482,3.858,-1.168,0.161,-1.16,-3.012,0.0,-1.0,-1.0
0.5,8.485,3.835,-1.226,0.137,-1.218,-2.834,0.0,-1.0,-1.0
0.52,8.488,3.81,-1.281,0.121,-1.259,-2.62,0.0,-1.0,-1.0
0.54,8.49,3.785,-1.331,0.108,-1.293,-2.39,0.0,-1.0,-1.0
0.56,8.492,3.758,-1.376,0.095,-1.327,-2.16,0.0,-1.0,-1.0
0.58,8.494,3.732,-1.417,0.082,-1.359,-1.927,0.0,-1.0,-1.0
0.6,8.495,3.704,-1.453,0.071,-1.387,-1.687,0.0,-1.0,-1.0
0.62,8.497,3.676,-1.484,0.06,-1.414,-1.447,0.0,-1.0,-1.0
0.64,8.498,3.648,-1.511,0.049,-1.44,-1.206,0.0,-1.0,-1.0
0.66,8.499,3.619,-1.533,0.038,-1.466,-0.964,0.0,-1.0,-1.0
0.68,8.499,3.589,-1.549,0.025,-1.479,-0.691,0.0,-1.0,-1.0
0.7,8.5,3.559,-1.561,0.009,-1.473,-0.374,0.0,-1.0,-1.0
0.72,8.5,3.528,-1.569,-0.003,-1.49,-0.113,0.0,-1.0,-1.0
0.74,8.5,3.497,-1.571,-0.006,-1.573,-0.012,0.0,-1.0,-1.0
0.76,8.5,3.465,-1.571,-0.0,-1.693,-0.001,0.0,-1.0,-1.0
0.78,8.5,3.43,-1.571,0.005,-1.814,0.01,0.0,-1.0,-1.0
0.8,8.5,3.392,-1.571,0.007,-1.934,0.014,0.0,-1.0,-1.0
0.82,8.5,3.352,-1.571,0.002,-2.056,0.005,0.0,-1.0,-1.0
0.84,8.5,3.31,-1.571,-0.003,-2.181,-0.007,0.0,-1.0,-1.0
0.86,8.5,3.265,-1.571,-0.007,-2.301,-0.014,0.0,-1.0,-1.0
0.88,8.5,3.218,-1.571,-0.004,-2.413,-0.008,0.0,-1.0,-1.0
0.9,8.5,3.169,-1.571,0.002,-2.541,0.004,0.0,-1.0,-1.0
0.92,8.5,3.118,-1.571,0.006,-2.657,0.013,0.0,-1.0,-1.0
0.94,8.5,3.064,-1.571,0.005,-2.72,0.011,0.0,-1.0,-1.0
0.96,8.5,3.01,-1.571,0.0,-2.761,0.0,0.0,-1.0,-1.0
0.98,8.5,2.954,-1.571,-0.005,-2.802,-0.011,0.0,-1.0,-1.0
1.0,8.5,2.898,-1.571,-0.006,-2.825,-0.013,0.0,-1.0,-1.0
1.02,8.5,2.842,-1.571,-0.002,-2.826,-0.004,0.0,-1.0,-1.0
1.04,8.5,2.785,-1.571,0.004,-2.826,0.008,0.0,-1.0,-1.0
1.06,8.5,2.729,-1.571,0.007,-2.826,0.014,0.0,-1.0,-1.0
1.08,8.5,2.672,-1.571,0.004,-2.826,0.008,0.0,-1.0,-1.0
1.1,8.5,2.616,-1.571,-0.002,-2.826,-0.004,0.0,-1.0,-1.0
1.12,8.5,2.559,-1.571,-0.006,-2.826,-0.013,0.0,-1.0,-1.0
1.14,8.5,2.503,-1.571,-0.005,-2.826,-0.011,0.0,-1.0,-1.0
1.16,8.5,2.446,-1.571,0.0,-2.827,0.0,0.0,-1.0,-1.0
1.18,8.5,2.39,-1.571,0.005,-2.828,0.011,0.0,-1.0,-1.0
1.2,8.5,2.333,-1.571,0.006,-2.827,0.013,0.0,-1.0,-1.0
1.22,8.5,2.277,-1.571,0.002,-2.834,0.004,0.0,-1.0,-1.0
1.24,8.5,2.22,-1.571,-0.004,-2.851,-0.008,0.0,-1.0,-1.0
1.26,8.5,2.164,-1.571,-0.007,-2.841,-0.014,0.0,-1.0,-1.0
1.28,8.5,2.108,-1.571,-0.004,-2.779,-0.008,0.0,-1.0,-1.0
1.3,8.5,2.053,-1.571,0.002,-2.718,0.004,0.0,-1.0,-1.0
1.32,8.5,2.0,-1.571,0.006,-2.647,0.013,0.0,-1.0,-1.0
1.34,8.5,1.948,-1.571,0.006,-2.542,0.013,0.0,-1.0,-1.0
1.36,8.5,1.898,-1.571,0.019,-2.394,0.052,0.0,-1.0,-1.0
1.38,8.5,1.851,-1.571,0.029,-2.25,0.084,0.0,-1.0,-1.0
1.4,8.5,1.806,-1.571,0.003,-2.169,0.013,0.0,-1.0,-1.0
1.42,8.499,1.763,-1.572,-0.062,-2.157,-0.174,0.0,-1.0,-1.0
1.44,8.497,1.72,-1.578,-0.127,-2.15,-0.369,0.0,-1.0,-1.0
1.46,8.494,1.677,-1.587,-0.192,-2.144,-0.565,0.0,-1.0,-1.0
1.48,8.49,1.635,-1.599,-0.257,-2.135,-0.758,0.0,-1.0,-1.0
1.5,8.484,1.593,-1.616,-0.324,-2.122,-0.943,0.0,-1.0,-1.0
1.52,8.476,1.551,-1.636,-0.393,-2.101,-1.116,0.0,-1.0,-1.0
1.54,8.468,1.509,-1.66,-0.466,-2.071,-1.274,0.0,-1.0,-1.0
1.56,8.458,1.468,-1.687,-0.544,-2.045,-1.436,0.0,-1.0,-1.0
1.58,8.446,1.428,-1.717,-0.624,-2.026,-1.602,0.0,-1.0,-1.0
1.6,8.433,1.388,-1.75,-0.705,-2.005,-1.767,0.0,-1.0,-1.0
1.62,8.419,1.349,-1.786,-0.781,-1.977,-1.926,0.0,-1.0,-1.0
1.64,8.403,1.311,-1.825,-0.85,-1.935,-2.072,0.0,-1.0,-1.0
1.66,8.386,1.273,-1.867,-0.909,-1.874,-2.2,0.0,-1.0,-1.0
1.68,8.367,1.237,-1.913,-0.96,-1.796,-2.313,0.0,-1.0,-1.0
1.7,8.347,1.202,-1.96,-1.014,-1.722,-2.43,0.0,-1.0,-1.0
1.72,8.327,1.168,-2.009,-1.068,-1.648,-2.548,0.0,-1.0,-1.0
1.74,8.305,1.136,-2.061,-1.121,-1.573,-2.664,0.0,-1.0,-1.0
1.76,8.282,1.106,-2.115,-1.171,-1.494,-2.775,0.0,-1.0,-1.0
1.78,8.259,1.077,-2.172,-1.215,-1.409,-2.88,0.0,-1.0,-1.0
1.799,8.234,1.05,-2.23,-1.251,-1.315,-2.976,0.0,-1.0,-1.0
1.819,8.209,1.025,-2.29,-1.289,-1.219,-3.078,0.0,-1.0,-1.0
1.839,8.183,1.001,-2.353,-1.329,-1.124,-3.188,0.0,-1.0,-1.0
1.859,8.156,0.98,-2.417,-1.369,-1.029,-3.296,0.0,-1.0,-1.0
1.879,8.129,0.96,-2.483,-1.406,-0.934,-3.396,0.0,-1.0,-1.0
1.899,8.101,0.943,-2.551,-1.437,-0.836,-3.481,0.0,-1.0,-1.0
1.919,8.072,0.927,-2.62,-1.459,-0.735,-3.543,0.0,-1.0,-1.0
1.939,8.043,0.913,-2.691,-1.476,-0.632,-3.589,0.0,-1.0,-1.0
1.959,8.013,0.902,-2.764,-1.498,-0.531,-3.645,0.0,-1.0,-1.0
1.979,7.983,0.892,-2.836,-1.522,-0.429,-3.706,0.0,-1.0,-1.0
1.999,7.953,0.885,-2.91,-1.544,-0.327,-3.761,0.0,-1.0,-1.0
2.019,7.923,0.879,-2.984,-1.559,-0.224,-3.803,0.0,-1.0,-1.0
2.039,7.892,0.876,-3.06,-1.563,-0.119,-3.822,0.0,-1.0,-1.0
2.059,7.861,0.875,-3.136,-1.552,-0.011,-3.81,0.0,-1.0,-1.0
2.079,7.83,0.876,-3.212,-1.539,0.1,-3.797,0.0,-1.0,-1.0
2.099,7.799,0.879,-3.287,-1.53,0.212,-3.793,0.0,-1.0,-1.0
2.119,7.769,0.884,-3.362,-1.52,0.323,-3.789,0.0,-1.0,-1.0
2.139,7.739,0.891,-3.437,-1.507,0.434,-3.776,0.0,-1.0,-1.0
2.159,7.71,0.901,-3.511,-1.488,0.542,-3.744,0.0,-1.0,-1.0
2.179,7.68,0.913,-3.584,-1.46,0.646,-3.685,0.0,-1.0,-1.0
2.199,7.652,0.927,-3.657,-1.424,0.747,-3.601,0.0,-1.0,-1.0
2.219,7.624,0.942,-3.728,-1.39,0.852,-3.521,0.0,-1.0,-1.0
2.239,7.596,0.96,-3.797,-1.357,0.958,-3.444,0.0,-1.0,-1.0
2.259,7.57,0.98,-3.865,-1.323,1.062,-3.364,0.0,-1.0,-1.0
2.279,7.544,1.002,-3.931,-1.286,1.163,-3.277,0.0,-1.0,-1.0
2.299,7.519,1.026,-3.995,-1.245,1.257,-3.179,0.0,-1.0,-1.0
2.319,7.494,1.052,-4.057,-1.197,1.343,-3.066,0.0,-1.0,-1.0
2.339,7.471,1.08,-4.117,-1.149,1.431,-2.953,0.0,-1.0,-1.0
2.359,7.449,1.109,-4.175,-1.104,1.525,-2.846,0.0,-1.0,-1.0
2.379,7.427,1.14,-4.23,-1.059,1.619,-2.74,0.0,-1.0,-1.0
2.399,7.407,1.172,-4.283,-1.011,1.707,-2.627,0.0,-1.0,-1.0
2.419,7.387,1.206,-4.334,-0.959,1.784,-2.503,0.0,-1.0,-1.0
2.439,7.369,1.242,-4.382,-0.899,1.844,-2.361,0.0,-1.0,-1.0
2.459,7.352,1.279,-4.427,-0.831,1.887,-2.202,0.0,-1.0,-1.0
2.479,7.336,1.318,-4.47,-0.761,1.933,-2.047,0.0,-1.0,-1.0
2.499,7.321,1.357,-4.509,-0.691,1.981,-1.893,0.0,-1.0,-1.0
2.519,7.308,1.396,-4.545,-0.622,2.028,-1.738,0.0,-1.0,-1.0
2.539,7.296,1.437,-4.577,-0.553,2.069,-1.577,0.0,-1.0,-1.0
2.559,7.286,1.478,-4.607,-0.485,2.102,-1.408,0.0,-1.0,-1.0
2.579,7.277,1.52,-4.633,-0.419,2.123,-1.225,0.0,-1.0,-1.0
2.599,7.269,1.563,-4.655,-0.344,2.122,-1.009,0.0,-1.0,-1.0
2.619,7.263,1.606,-4.674,-0.258,2.105,-0.765,0.0,-1.0,-1.0
2.639,7.258,1.649,-4.689,-0.171,2.087,-0.518,0.0,-1.0,-1.0
2.659,7.254,1.692,-4.701,-0.093,2.082,-0.295,0.0,-1.0,-1.0
2.679,7.251,1.736,-4.708,-0.033,2.106,-0.121,0.0,-1.0,-1.0
2.699,7.25,1.78,-4.712,-0.001,2.172,-0.022,0.0,-1.0,-1.0
2.719,7.25,1.825,-4.712,0.001,2.289,-0.005,0.0,-1.0,-1.0
2.739,7.25,1.872,-4.713,-0.001,2.425,0.004,0.0,-1.0,-1.0
2.759,7.25,1.921,-4.712,-0.003,2.545,0.01,0.0,-1.0,-1.0
2.779,7.25,1.973,-4.712,-0.002,2.628,0.006,0.0,-1.0,-1.0
2.799,7.25,2.026,-4.712,0.001,2.717,-0.003,0.0,-1.0,-1.0
2.819,7.25,2.08,-4.712,0.003,2.793,-0.009,0.0,-1.0,-1.0
2.839,7.25,2.136,-4.712,0.002,2.818,-0.007,0.0,-1.0,-1.0
2.859,7.25,2.193,-4.713,-0.0,2.822,0.001,0.0,-1.0,-1.0
2.879,7.25,2.249,-4.713,-0.003,2.826,0.009,0.0,-1.0,-1.0
2.899,7.25,2.306,-4.712,-0.002,2.827,0.008,0.0,-1.0,-1.0
2.919,7.25,2.362,-4.712,-0.0,2.827,0.0,0.0,-1.0,-1.0
2.939,7.25,2.419,-4.712,0.002,2.827,-0.008,0.0,-1.0,-1.0
2.959,7.25,2.475,-4.712,0.003,2.827,-0.009,0.0,-1.0,-1.0
2.979,7.25,2.532,-4.713,0.0,2.827,-0.002,0.0,-1.0,-1.0
2.999,7.25,2.588,-4.713,-0.002,2.827,0.007,0.0,-1.0,-1.0
3.019,7.25,2.645,-4.712,-0.003,2.827,0.01,0.0,-1.0,-1.0
3.039,7.25,2.701,-4.712,-0.001,2.827,0.003,0.0,-1.0,-1.0
3.059,7.25,2.758,-4.712,0.002,2.827,-0.006,0.0,-1.0,-1.0
3.079,7.25,2.814,-4.712,0.003,2.827,-0.01,0.0,-1.0,-1.0
3.099,7.25,2.871,-4.712,0.001,2.829,-0.004,0.0,-1.0,-1.0
3.119,7.25,2.927,-4.713,-0.001,2.837,0.004,0.0,-1.0,-1.0
3.139,7.25,2.984,-4.712,-0.003,2.837,0.01,0.0,-1.0,-1.0
3.159,7.25,3.04,-4.712,-0.002,2.82,0.006,0.0,-1.0,-1.0
3.179,7.25,3.096,-4.712,0.001,2.816,-0.003,0.0,-1.0,-1.0
3.199,7.25,3.152,-4.712,0.003,2.796,-0.009,0.0,-1.0,-1.0
3.219,7.25,3.207,-4.712,0.002,2.724,-0.007,0.0,-1.0,-1.0
3.239,7.25,3.261,-4.713,-0.0,2.638,0.002,0.0,-1.0,-1.0
3.259,7.25,3.312,-4.712,-0.003,2.548,0.009,0.0,-1.0,-1.0
3.279,7.25,3.362,-4.712,-0.003,2.439,0.008,0.0,-1.0,-1.0
3.299,7.25,3.41,-4.712,-0.022,2.293,0.037,0.0,-1.0,-1.0
3.319,7.25,3.455,-4.712,-0.039,2.151,0.062,0.0,-1.0,-1.0
3.339,7.25,3.497,-4.712,-0.003,2.072,-0.0,0.0,-1.0,-1.0
3.359,7.251,3.539,-4.714,0.083,2.055,-0.145,0.0,-1.0,-1.0
3.379,7.253,3.58,-4.718,0.169,2.04,-0.292,0.0,-1.0,-1.0
3.399,7.258,3.62,-4.725,0.255,2.025,-0.438,0.0,-1.0,-1.0
3.419,7.264,3.66,-4.735,0.341,2.007,-0.582,0.0,-1.0,-1.0
3.439,7.271,3.7,-4.748,0.429,1.985,-0.719,0.0,-1.0,-1.0
3.459,7.281,3.74,-4.764,0.517,1.96,-0.852,0.0,-1.0,-1.0
3.479,7.292,3.778,-4.782,0.606,1.94,-0.991,0.0,-1.0,-1.0
3.499,7.305,3.817,-4.803,0.696,1.92,-1.13,0.0,-1.0,-1.0
3.519,7.32,3.854,-4.827,0.784,1.895,-1.263,0.0,-1.0,-1.0
3.539,7.336,3.892,-4.853,0.872,1.859,-1.385,0.0,-1.0,-1.0
3.559,7.355,3.928,-4.881,0.96,1.811,-1.493,0.0,-1.0,-1.0
3.579,7.375,3.964,-4.912,1.055,1.77,-1.608,0.0,-1.0,-1.0
3.599,7.396,3.999,-4.945,1.152,1.732,-1.726,0.0,-1.0,-1.0
3.619,7.42,4.032,-4.98,1.244,1.686,-1.836,0.0,-1.0,-1.0
3.639,7.445,4.065,-5.017,1.323,1.623,-1.929,0.0,-1.0,-1.0
3.659,7.472,4.096,-5.056,1.385,1.533,-1.997,0.0,-1.0,-1.0
3.679,7.5,4.126,-5.097,1.445,1.436,-2.065,0.0,-1.0,-1.0
3.699,7.53,4.153,-5.139,1.507,1.341,-2.137,0.0,-1.0,-1.0
3.719,7.56,4.179,-5.181,1.566,1.245,-2.204,0.0,-1.0,-1.0
3.739,7.592,4.203,-5.225,1.619,1.144,-2.257,0.0,-1.0,-1.0
3.759,7.625,4.224,-5.271,1.662,1.035,-2.289,0.0,-1.0,-1.0
3.779,7.658,4.244,-5.317,1.701,0.916,-2.316,0.0,-1.0,-1.0
3.799,7.692,4.261,-5.363,1.743,0.79,-2.351,0.0,-1.0,-1.0
3.819,7.728,4.276,-5.41,1.783,0.667,-2.383,0.0,-1.0,-1.0
3.839,7.763,4.289,-5.457,1.819,0.555,-2.4,0.0,-1.0,-1.0
3.859,7.8,4.3,-5.504,1.849,0.463,-2.393,0.0,-1.0,-1.0
3.879,7.837,4.308,-5.552,1.871,0.384,-2.367,0.0,-1.0,-1.0
3.899,7.875,4.315,-5.599,1.891,0.297,-2.348,0.0,-1.0,-1.0
3.919,7.913,4.321,-5.645,1.912,0.21,-2.329,0.0,-1.0,-1.0
3.939,7.951,4.325,-5.691,1.934,0.134,-2.301,0.0,-1.0,-1.0
3.959,7.99,4.327,-5.736,1.961,0.079,-2.255,0.0,-1.0,-1.0
3.979,8.03,4.329,-5.78,1.992,0.046,-2.19,0.0,-1.0,-1.0
3.999,8.07,4.329,-5.823,2.02,0.01,-2.13,0.0,-1.0,-1.0
4.019,8.111,4.329,-5.865,2.049,-0.026,-2.07,0.0,-1.0,-1.0
4.039,8.152,4.329,-5.905,2.079,-0.058,-2.005,0.0,-1.0,-1.0
4.059,8.194,4.328,-5.944,2.114,-0.081,-1.928,0.0,-1.0,-1.0
4.079,8.237,4.326,-5.982,2.155,-0.09,-1.834,0.0,-1.0,-1.0
4.099,8.281,4.324,-6.018,2.198,-0.1,-1.742,0.0,-1.0,-1.0
4.119,8.325,4.322,-6.051,2.24,-0.11,-1.652,0.0,-1.0,-1.0
4.139,8.37,4.32,-6.083,2.282,-0.118,-1.558,0.0,-1.0,-1.0
4.159,8.416,4.318,-6.113,2.326,-0.122,-1.456,0.0,-1.0,-1.0
4.179,8.463,4.316,-6.141,2.372,-0.12,-1.34,0.0,-1.0,-1.0
4.199,8.511,4.313,-6.166,2.418,-0.116,-1.222,0.0,-1.0,-1.0
4.219,8.56,4.311,-6.189,2.466,-0.115,-1.106,0.0,-1.0,-1.0
4.239,8.61,4.309,-6.21,2.513,-0.112,-0.988,0.0,-1.0,-1.0
4.259,8.66,4.307,-6.228,2.559,-0.106,-0.865,0.0,-1.0,-1.0
4.279,8.712,4.305,-6.244,2.603,-0.093,-0.734,0.0,-1.0,-1.0
4.299,8.764,4.303,-6.258,2.651,-0.073,-0.577,0.0,-1.0,-1.0
4.319,8.818,4.302,-6.268,2.708,-0.05,-0.395,0.0,-1.0,-1.0
4.339,8.872,4.301,-6.276,2.762,-0.028,-0.219,0.0,-1.0,-1.0
4.359,8.927,4.3,-6.281,2.805,-0.01,-0.079,0.0,-1.0,-1.0
4.379,8.983,4.3,-6.283,2.828,-0.001,-0.005,0.0,-1.0,-1.0
4.399,9.039,4.3,-6.283,2.828,0.0,0.0,0.0,-1.0,-1.0
4.419,9.096,4.3,-6.283,2.825,0.0,0.0,0.0,-1.0,-1.0
4.439,9.152,4.3,-6.283,2.818,-0.0,-0.0,0.0,-1.0,-1.0
4.459,9.208,4.3,-6.283,2.798,0.0,0.0,0.0,-1.0,-1.0
4.479,9.264,4.3,-6.283,2.762,0.0,0.0,0.0,-1.0,-1.0
4.499,9.319,4.3,-6.283,2.705,-0.0,-0.0,0.0,-1.0,-1.0
4.519,9.372,4.3,-6.283,2.629,-0.0,-0.0,0.0,-1.0,-1.0
4.539,9.424,4.3,-6.283,2.535,0.0,0.0,0.0,-1.0,-1.0
4.559,9.473,4.3,-6.283,2.426,0.0,0.0,0.0,-1.0,-1.0
4.579,9.521,4.3,-6.283,2.309,-0.0,-0.0,0.0,-1.0,-1.0
4.599,9.566,4.3,-6.283,2.19,0.0,0.0,0.0,-1.0,-1.0
4.619,9.608,4.3,-6.283,2.071,0.0,0.0,0.0,-1.0,-1.0
4.639,9.648,4.3,-6.283,1.951,-0.0,-0.0,0.0,-1.0,-1.0
4.659,9.686,4.3,-6.283,1.822,0.005,0.015,0.0,-1.0,-1.0
4.679,9.722,4.3,-6.284,1.777,-0.041,-0.116,0.0,-1.0,-1.0
4.699,9.757,4.298,-6.288,1.765,-0.107,-0.303,0.0,-1.0,-1.0
4.719,9.793,4.295,-6.296,1.752,-0.173,-0.49,0.0,-1.0,-1.0
4.739,9.827,4.291,-6.308,1.737,-0.24,-0.674,0.0,-1.0,-1.0
4.759,9.862,4.286,-6.323,1.722,-0.306,-0.859,0.0,-1.0,-1.0
4.779,9.896,4.279,-6.342,1.708,-0.373,-1.043,0.0,-1.0,-1.0
4.799,9.93,4.271,-6.364,1.69,-0.441,-1.224,0.0,-1.0,-1.0
4.819,9.964,4.261,-6.391,1.67,-0.51,-1.402,0.0,-1.0,-1.0
4.839,9.997,4.251,-6.42,1.652,-0.578,-1.581,0.0,-1.0,-1.0
4.859,10.03,4.238,-6.454,1.629,-0.648,-1.756,0.0,-1.0,-1.0
4.879,10.062,4.225,-6.49,1.599,-0.719,-1.922,0.0,-1.0,-1.0
4.899,10.094,4.21,-6.53,1.573,-0.791,-2.092,0.0,-1.0,-1.0
4.919,10.124,4.193,-6.574,1.542,-0.863,-2.258,0.0,-1.0,-1.0
4.939,10.155,4.175,-6.62,1.497,-0.932,-2.408,0.0,-1.0,-1.0
4.959,10.184,4.156,-6.67,1.45,-1.005,-2.556,0.0,-1.0,-1.0
4.979,10.212,4.135,-6.722,1.403,-1.077,-2.705,0.0,-1.0,-1.0
4.999,10.24,4.113,-6.777,1.342,-1.14,-2.838,0.0,-1.0,-1.0
5.019,10.266,4.09,-6.835,1.262,-1.192,-2.952,0.0,-1.0,-1.0
5.039,10.29,4.066,-6.895,1.184,-1.246,-3.07,0.0,-1.0,-1.0
5.059,10.313,4.04,-6.958,1.101,-1.295,-3.181,0.0,-1.0,-1.0
5.079,10.334,4.014,-7.022,1.003,-1.328,-3.273,0.0,-1.0,-1.0
5.099,10.353,3.987,-7.088,0.902,-1.359,-3.366,0.0,-1.0,-1.0
5.119,10.37,3.96,-7.156,0.801,-1.39,-3.456,0.0,-1.0,-1.0
5.139,10.385,3.932,-7.226,0.699,-1.412,-3.529,0.0,-1.0,-1.0
5.159,10.398,3.904,-7.297,0.593,-1.43,-3.593,0.0,-1.0,-1.0
5.179,10.409,3.875,-7.369,0.486,-1.448,-3.66,0.0,-1.0,-1.0
5.199,10.417,3.846,-7.443,0.385,-1.463,-3.712,0.0,-1.0,-1.0
5.219,10.424,3.816,-7.517,0.291,-1.473,-3.741,0.0,-1.0,-1.0
5.239,10.429,3.787,-7.592,0.197,-1.483,-3.775,0.0,-1.0,-1.0
5.259,10.432,3.757,-7.668,0.105,-1.492,-3.801,0.0,-1.0,-1.0
5.279,10.433,3.727,-7.744,0.017,-1.501,-3.803,0.0,-1.0,-1.0
5.299,10.433,3.697,-7.82,-0.071,-1.514,-3.804,0.0,-1.0,-1.0
5.319,10.431,3.667,-7.895,-0.159,-1.526,-3.804,0.0,-1.0,-1.0
5.339,10.427,3.636,-7.971,-0.24,-1.53,-3.784,0.0,-1.0,-1.0
5.358,10.421,3.606,-8.046,-0.317,-1.525,-3.746,0.0,-1.0,-1.0
5.378,10.414,3.575,-8.121,-0.399,-1.52,-3.712,0.0,-1.0,-1.0
5.398,10.406,3.545,-8.194,-0.469,-1.514,-3.667,0.0,-1.0,-1.0
5.418,10.396,3.515,-8.267,-0.515,-1.506,-3.599,0.0,-1.0,-1.0
5.438,10.385,3.485,-8.338,-0.561,-1.492,-3.532,0.0,-1.0,-1.0
5.458,10.374,3.455,-8.408,-0.604,-1.481,-3.46,0.0,-1.0,-1.0
5.478,10.362,3.425,-8.476,-0.63,-1.485,-3.373,0.0,-1.0,-1.0
5.498,10.349,3.395,-8.542,-0.648,-1.492,-3.281,0.0,-1.0,-1.0
5.518,10.336,3.365,-8.607,-0.665,-1.5,-3.19,0.0,-1.0,-1.0
5.538,10.322,3.335,-8.67,-0.682,-1.516,-3.089,0.0,-1.0,-1.0
5.558,10.309,3.305,-8.73,-0.695,-1.545,-2.976,0.0,-1.0,-1.0
5.578,10.295,3.273,-8.788,-0.705,-1.573,-2.866,0.0,-1.0,-1.0
5.598,10.28,3.241,-8.844,-0.721,-1.604,-2.751,0.0,-1.0,-1.0
5.618,10.265,3.209,-8.898,-0.749,-1.64,-2.625,0.0,-1.0,-1.0
5.638,10.25,3.176,-8.949,-0.775,-1.68,-2.498,0.0,-1.0,-1.0
5.658,10.234,3.142,-8.998,-0.804,-1.718,-2.369,0.0,-1.0,-1.0
5.678,10.217,3.107,-9.044,-0.85,-1.752,-2.235,0.0,-1.0,-1.0
5.698,10.2,3.072,-9.087,-0.908,-1.784,-2.096,0.0,-1.0,-1.0
5.718,10.181,3.036,-9.128,-0.964,-1.819,-1.957,0.0,-1.0,-1.0
5.738,10.161,3.0,-9.166,-1.03,-1.845,-1.818,0.0,-1.0,-1.0
5.758,10.139,2.963,-9.201,-1.113,-1.857,-1.679,0.0,-1.0,-1.0
5.778,10.116,2.926,-9.233,-1.198,-1.873,-1.538,0.0,-1.0,-1.0
5.798,10.091,2.888,-9.262,-1.284,-1.883,-1.399,0.0,-1.0,-1.0
5.818,10.065,2.851,-9.289,-1.375,-1.878,-1.269,0.0,-1.0,-1.0
5.838,10.036,2.813,-9.313,-1.468,-1.871,-1.141,0.0,-1.0,-1.0
5.858,10.006,2.776,-9.335,-1.561,-1.864,-1.012,0.0,-1.0,-1.0
5.878,9.974,2.739,-9.354,-1.655,-1.845,-0.892,0.0,-1.0,-1.0
5.898,9.94,2.702,-9.371,-1.748,-1.816,-0.779,0.0,-1.0,-1.0
5.918,9.904,2.667,-9.385,-1.842,-1.789,-0.665,0.0,-1.0,-1.0
5.938,9.866,2.631,-9.397,-1.935,-1.756,-0.554,0.0,-1.0,-1.0
5.958,9.827,2.597,-9.407,-2.025,-1.715,-0.445,0.0,-1.0,-1.0
5.978,9.785,2.563,-9.415,-2.122,-1.685,-0.318,0.0,-1.0,-1.0
5.998,9.742,2.53,-9.421,-2.214,-1.645,-0.203,0.0,-1.0,-1.0
6.018,9.697,2.498,-9.425,-2.287,-1.567,-0.144,0.0,-1.0,-1.0
6.038,9.651,2.468,-9.428,-2.353,-1.466,-0.119,0.0,-1.0,-1.0
6.058,9.603,2.44,-9.43,-2.425,-1.366,-0.09,0.0,-1.0,-1.0
6.078,9.555,2.413,-9.432,-2.499,-1.266,-0.061,0.0,-1.0,-1.0
6.098,9.505,2.389,-9.433,-2.567,-1.165,-0.034,0.0,-1.0,-1.0
6.118,9.454,2.367,-9.434,-2.626,-1.061,-0.012,0.0,-1.0,-1.0
6.138,9.401,2.347,-9.434,-2.669,-0.953,0.002,0.0,-1.0,-1.0
6.158,9.348,2.329,-9.434,-2.695,-0.839,0.005,0.0,-1.0,-1.0
6.178,9.294,2.314,-9.434,-2.72,-0.711,0.008,0.0,-1.0,-1.0
6.198,9.239,2.3,-9.434,-2.747,-0.577,0.01,0.0,-1.0,-1.0
6.218,9.184,2.289,-9.434,-2.774,-0.445,0.012,0.0,-1.0,-1.0
6.238,9.129,2.28,-9.433,-2.797,-0.322,0.014,0.0,-1.0,-1.0
6.258,9.073,2.274,-9.433,-2.814,-0.217,0.016,0.0,-1.0,-1.0
6.278,9.017,2.27,-9.433,-2.822,-0.139,0.016,0.0,-1.0,-1.0
6.298,8.961,2.267,-9.433,-2.822,-0.082,0.014,0.0,-1.0,-1.0
6.318,8.904,2.266,-9.432,-2.822,-0.019,0.013,0.0,-1.0,-1.0
6.338,8.848,2.266,-9.432,-2.821,0.047,0.012,0.0,-1.0,-1.0
6.358,8.791,2.267,-9.432,-2.821,0.11,0.01,0.0,-1.0,-1.0
6.378,8.735,2.269,-9.432,-2.82,0.165,0.009,0.0,-1.0,-1.0
6.398,8.679,2.272,-9.431,-2.819,0.205,0.008,0.0,-1.0,-1.0
6.418,8.622,2.276,-9.431,-2.818,0.227,0.008,0.0,-1.0,-1.0
6.438,8.566,2.281,-9.431,-2.817,0.24,0.008,0.0,-1.0,-1.0
6.458,8.51,2.286,-9.431,-2.816,0.256,0.007,0.0,-1.0,-1.0
6.478,8.453,2.291,-9.431,-2.814,0.272,0.007,0.0,-1.0,-1.0
6.498,8.397,2.296,-9.431,-2.813,0.286,0.007,0.0,-1.0,-1.0
6.518,8.341,2.302,-9.431,-2.812,0.297,0.007,0.0,-1.0,-1.0
6.538,8.285,2.308,-9.43,-2.812,0.303,0.007,0.0,-1.0,-1.0
6.558,8.228,2.314,-9.43,-2.812,0.302,0.007,0.0,-1.0,-1.0
6.578,8.172,2.32,-9.43,-2.812,0.301,0.007,0.0,-1.0,-1.0
6.598,8.116,2.326,-9.43,-2.812,0.299,0.007,0.0,-1.0,-1.0
6.618,8.06,2.331,-9.43,-2.812,0.297,0.007,0.0,-1.0,-1.0
6.638,8.003,2.337,-9.43,-2.812,0.296,0.007,0.0,-1.0,-1.0
6.658,7.947,2.343,-9.43,-2.812,0.294,0.007,0.0,-1.0,-1.0
6.678,7.891,2.349,-9.429,-2.813,0.291,0.007,0.0,-1.0,-1.0
6.698,7.835,2.355,-9.429,-2.813,0.289,0.007,0.0,-1.0,-1.0
6.718,7.778,2.361,-9.429,-2.813,0.286,0.007,0.0,-1.0,-1.0
6.738,7.722,2.366,-9.429,-2.813,0.283,0.007,0.0,-1.0,-1.0
6.758,7.666,2.372,-9.429,-2.814,0.28,0.007,0.0,-1.0,-1.0
6.778,7.61,2.378,-9.429,-2.814,0.277,0.007,0.0,-1.0,-1.0
6.798,7.553,2.383,-9.429,-2.814,0.275,0.007,0.0,-1.0,-1.0
6.818,7.497,2.389,-9.428,-2.814,0.274,0.007,0.0,-1.0,-1.0
6.838,7.441,2.394,-9.428,-2.814,0.274,0.007,0.0,-1.0,-1.0
6.858,7.385,2.4,-9.428,-2.814,0.273,0.007,0.0,-1.0,-1.0
6.878,7.328,2.405,-9.428,-2.814,0.273,0.007,0.0,-1.0,-1.0
6.898,7.272,2.411,-9.428,-2.814,0.273,0.007,0.0,-1.0,-1.0
6.918,7.216,2.416,-9.428,-2.815,0.272,0.007,0.0,-1.0,-1.0
6.938,7.16,2.421,-9.427,-2.815,0.27,0.008,0.0,-1.0,-1.0
6.958,7.103,2.427,-9.427,-2.815,0.268,0.008,0.0,-1.0,-1.0
6.978,7.047,2.432,-9.427,-2.815,0.268,0.008,0.0,-1.0,-1.0
6.998,6.991,2.437,-9.427,-2.815,0.268,0.008,0.0,-1.0,-1.0
7.018,6.934,2.443,-9.427,-2.815,0.269,0.008,0.0,-1.0,-1.0
7.038,6.878,2.448,-9.427,-2.815,0.267,0.008,0.0,-1.0,-1.0
7.058,6.822,2.453,-9.427,-2.815,0.264,0.008,0.0,-1.0,-1.0
7.078,6.765,2.458,-9.426,-2.816,0.256,0.008,0.0,-1.0,-1.0
7.098,6.709,2.463,-9.426,-2.817,0.246,0.008,0.0,-1.0,-1.0
7.118,6.653,2.468,-9.426,-2.818,0.239,0.008,0.0,-1.0,-1.0
7.138,6.596,2.472,-9.426,-2.818,0.233,0.009,0.0,-1.0,-1.0
7.158,6.54,2.477,-9.426,-2.819,0.226,0.009,0.0,-1.0,-1.0
7.178,6.484,2.481,-9.426,-2.82,0.216,0.009,0.0,-1.0,-1.0
7.198,6.427,2.485,-9.425,-2.821,0.2,0.009,0.0,-1.0,-1.0
7.218,6.371,2.488,-9.425,-2.822,0.176,0.008,0.0,-1.0,-1.0
7.238,6.314,2.492,-9.425,-2.823,0.146,0.006,0.0,-1.0,-1.0
7.258,6.258,2.494,-9.425,-2.825,0.111,0.005,0.0,-1.0,-1.0
7.278,6.202,2.497,-9.425,-2.826,0.075,0.003,0.0,-1.0,-1.0
7.298,6.145,2.498,-9.425,-2.828,0.043,0.002,0.0,-1.0,-1.0
7.318,6.089,2.499,-9.425,-2.829,0.017,0.001,0.0,-1.0,-1.0
7.338,6.032,2.5,-9.425,-2.829,0.002,0.0,0.0,-1.0,-1.0
7.358,5.975,2.5,-9.425,-2.829,-0.0,0.0,0.0,-1.0,-1.0
7.378,5.919,2.5,-9.425,-2.829,0.0,-0.0,0.0,-1.0,-1.0
7.398,5.862,2.5,-9.425,-2.829,0.0,-0.0,0.0,-1.0,-1.0
7.418,5.806,2.5,-9.425,-2.829,0.0,-0.0,0.0,-1.0,-1.0
7.438,5.749,2.5,-9.425,-2.829,0.0,-0.0,0.0,-1.0,-1.0
7.458,5.693,2.5,-9.425,-2.829,-0.0,0.0,0.0,-1.0,-1.0
7.478,5.636,2.5,-9.425,-2.829,-0.0,0.0,0.0,-1.0,-1.0
7.498,5.579,2.5,-9.425,-2.829,-0.0,0.0,0.0,-1.0,-1.0
7.518,5.523,2.5,-9.425,-2.829,-0.0,0.0,0.0,-1.0,-1.0
7.538,5.466,2.5,-9.425,-2.829,0.0,-0.0,0.0,-1.0,-1.0
7.558,5.41,2.5,-9.425,-2.829,0.0,-0.0,0.0,-1.0,-1.0
7.578,5.353,2.5,-9.425,-2.829,0.0,-0.0,0.0,-1.0,-1.0
7.598,5.297,2.5,-9.425,-2.829,0.0,-0.0,0.0,-1.0,-1.0
7.618,5.24,2.5,-9.425,-2.829,-0.0,0.0,0.0,-1.0,-1.0
7.638,5.184,2.5,-9.425,-2.829,-0.0,0.0,0.0,-1.0,-1.0
7.658,5.127,2.5,-9.425,-2.829,-0.0,0.0,0.0,-1.0,-1.0
7.678,5.07,2.5,-9.425,-2.829,-0.0,0.0,0.0,-1.0,-1.0
7.698,5.014,2.5,-9.425,-2.829,0.0,-0.0,0.0,-1.0,-1.0
7.718,4.957,2.5,-9.425,-2.829,0.0,-0.0,0.0,-1.0,-1.0
7.738,4.901,2.5,-9.425,-2.829,0.0,-0.0,0.0,-1.0,-1.0
7.758,4.844,2.5,-9.425,-2.829,-0.0,0.0,0.0,-1.0,-1.0
7.778,4.788,2.5,-9.425,-2.829,-0.0,0.0,0.0,-1.0,-1.0
7.798,4.731,2.5,-9.425,-2.829,-0.0,0.0,0.0,-1.0,-1.0
7.818,4.675,2.5,-9.425,-2.829,-0.0,0.0,0.0,-1.0,-1.0
7.838,4.618,2.5,-9.425,-2.829,0.0,-0.0,0.0,-1.0,-1.0
7.858,4.561,2.5,-9.425,-2.829,0.0,-0.0,0.0,-1.0,-1.0
7.878,4.505,2.5,-9.425,-2.829,0.0,-0.0,0.0,-1.0,-1.0
7.898,4.448,2.5,-9.425,-2.829,0.0,-0.0,0.0,-1.0,-1.0
7.918,4.392,2.5,-9.425,-2.829,-0.0,0.0,0.0,-1.0,-1.0
7.938,4.335,2.5,-9.425,-2.829,-0.0,0.0,0.0,-1.0,-1.0
7.958,4.279,2.5,-9.425,-2.829,-0.0,0.0,0.0,-1.0,-1.0
7.978,4.222,2.5,-9.425,-2.829,-0.0,0.0,0.0,-1.0,-1.0
7.998,4.165,2.5,-9.425,-2.829,0.0,-0.0,0.0,-1.0,-1.0
8.018,4.109,2.5,-9.425,-2.829,0.0,-0.0,0.0,-1.0,-1.0
8.038,4.052,2.5,-9.425,-2.829,0.0,-0.0,0.0,-1.0,-1.0
8.058,3.996,2.5,-9.425,-2.829,-0.0,0.0,0.0,-1.0,-1.0
8.078,3.939,2.5,-9.425,-2.829,-0.0,0.0,0.0,-1.0,-1.0
8.098,3.883,2.5,-9.425,-2.829,-0.0,0.0,0.0,-1.0,-1.0
8.118,3.826,2.5,-9.425,-2.829,-0.0,0.0,0.0,-1.0,-1.0
8.138,3.77,2.5,-9.425,-2.829,0.0,-0.0,0.0,-1.0,-1.0
8.158,3.713,2.5,-9.425,-2.829,0.0,-0.0,0.0,-1.0,-1.0
8.178,3.656,2.5,-9.425,-2.829,0.0,-0.0,0.0,-1.0,-1.0
8.198,3.6,2.5,-9.425,-2.829,0.0,-0.0,0.0,-1.0,-1.0
8.218,3.543,2.5,-9.425,-2.829,-0.0,0.0,0.0,-1.0,-1.0
8.238,3.487,2.5,-9.425,-2.829,-0.0,0.0,0.0,-1.0,-1.0
8.258,3.43,2.5,-9.425,-2.829,-0.0,0.0,0.0,-1.0,-1.0
8.278,3.374,2.5,-9.425,-2.837,-0.0,0.0,0.0,-1.0,-1.0
8.298,3.317,2.5,-9.425,-2.845,0.0,-0.0,0.0,-1.0,-1.0
8.318,3.26,2.5,-9.425,-2.842,0.0,-0.0,0.0,-1.0,-1.0
8.338,3.204,2.5,-9.425,-2.82,0.0,-0.0,0.0,-1.0,-1.0
8.358,3.148,2.5,-9.425,-2.815,0.0,-0.0,0.0,-1.0,-1.0
8.378,3.092,2.5,-9.425,-2.805,-0.0,0.0,0.0,-1.0,-1.0
8.398,3.038,2.5,-9.425,-2.753,-0.0,0.0,0.0,-1.0,-1.0
8.418,2.984,2.5,-9.425,-2.643,-0.0,0.0,0.0,-1.0,-1.0
8.438,2.932,2.5,-9.425,-2.528,0.0,-0.0,0.0,-1.0,-1.0
8.458,2.883,2.5,-9.425,-2.412,0.0,-0.0,0.0,-1.0,-1.0
8.478,2.836,2.5,-9.425,-2.293,0.0,-0.0,0.0,-1.0,-1.0
8.498,2.791,2.5,-9.425,-2.173,0.0,-0.0,0.0,-1.0,-1.0
8.518,2.749,2.5,-9.425,-2.052,-0.0,0.0,0.0,-1.0,-1.0
8.538,2.709,2.5,-9.425,-1.932,-0.0,0.0,0.0,-1.0,-1.0
8.558,2.672,2.5,-9.425,-1.811,-0.0,0.0,0.0,-1.0,-1.0
8.578,2.637,2.5,-9.425,-1.69,-0.0,0.0,0.0,-1.0,-1.0
8.598,2.604,2.5,-9.425,-1.57,0.0,-0.0,0.0,-1.0,-1.0
8.618,2.574,2.5,-9.425,-1.449,0.0,-0.0,0.0,-1.0,-1.0
8.638,2.546,2.5,-9.425,-1.328,0.0,-0.0,0.0,-1.0,-1.0
8.658,2.521,2.5,-9.425,-1.208,0.0,-0.0,0.0,-1.0,-1.0
8.678,2.498,2.5,-9.425,-1.087,-0.0,0.0,0.0,-1.0,-1.0
8.698,2.477,2.5,-9.425,-0.966,-0.0,0.0,0.0,-1.0,-1.0
8.718,2.459,2.5,-9.425,-0.845,-0.0,0.0,0.0,-1.0,-1.0
8.738,2.443,2.5,-9.425,-0.725,-0.0,0.0,0.0,-1.0,-1.0
8.758,2.43,2.5,-9.425,-0.604,0.0,-0.0,0.0,-1.0,-1.0
8.778,2.419,2.5,-9.425,-0.483,0.0,-0.0,0.0,-1.0,-1.0
8.798,2.411,2.5,-9.425,-0.362,0.0,-0.0,0.0,-1.0,-1.0
8.818,2.405,2.5,-9.425,-0.242,0.0,-0.0,0.0,-1.0,-1.0
8.838,2.401,2.5,-9.425,-0.121,0.0,-0.0,0.0,-1.0,-1.0
8.858,2.4,2.5,-9.425,0.0,-0.0,0.0,1.0,-1.0,-1.0
