0.0,8.4,4.0,-0.0,-0.0,-0.0,-0.0,3.0,-1.0,-1.0
0.02,8.401,4.0,0.001,0.088,-0.021,0.136,0.0,-1.0,-1.0
0.04,8.404,3.999,0.005,0.176,-0.042,0.273,0.0,-1.0,-1.0
0.06,8.408,3.998,0.012,0.265,-0.063,0.409,0.0,-1.0,-1.0
0.08,8.414,3.997,0.022,0.353,-0.084,0.546,0.0,-1.0,-1.0
0.1,8.422,3.995,0.034,0.441,-0.102,0.683,0.0,-1.0,-1.0
0.12,8.432,3.993,0.049,0.53,-0.121,0.82,0.0,-1.0,-1.0
0.14,8.443,3.99,0.067,0.617,-0.14,0.959,0.0,-1.0,-1.0
0.16,8.456,3.987,0.087,0.705,-0.159,1.097,0.0,-1.0,-1.0
0.18,8.471,3.984,0.11,0.794,-0.176,1.234,0.0,-1.0,-1.0
0.2,8.488,3.98,0.136,0.885,-0.19,1.367,0.0,-1.0,-1.0
0.22,8.507,3.976,0.165,0.975,-0.204,1.502,0.0,-1.0,-1.0
0.24,8.527,3.972,0.196,1.064,-0.222,1.64,0.0,-1.0,-1.0
0.26,8.55,3.968,0.23,1.154,-0.239,1.776,0.0,-1.0,-1.0
0.28,8.574,3.963,0.267,1.246,-0.249,1.906,0.0,-1.0,-1.0
0.3,8.6,3.959,0.306,1.343,-0.245,2.025,0.0,-1.0,-1.0
0.32,8.627,3.954,0.347,1.451,-0.245,2.147,0.0,-1.0,-1.0
0.34,8.657,3.949,0.391,1.569,-0.259,2.282,0.0,-1.0,-1.0
0.36,8.689,3.945,0.437,1.683,-0.267,2.412,0.0,-1.0,-1.0
0.379,8.723,3.941,0.485,1.78,-0.25,2.519,0.0,-1.0,-1.0
0.399,8.758,3.937,0.536,1.845,-0.188,2.583,0.0,-1.0,-1.0
0.419,8.796,3.935,0.588,1.902,-0.091,2.631,0.0,-1.0,-1.0
0.439,8.834,3.934,0.64,1.977,0.005,2.695,0.0,-1.0,-1.0
0.459,8.873,3.935,0.693,2.046,0.102,2.754,0.0,-1.0,-1.0
0.479,8.913,3.938,0.747,2.082,0.198,2.783,0.0,-1.0,-1.0
0.499,8.953,3.943,0.802,2.062,0.292,2.76,0.0,-1.0,-1.0
0.519,8.994,3.949,0.857,1.999,0.389,2.703,0.0,-1.0,-1.0
0.539,9.033,3.958,0.91,1.939,0.492,2.653,0.0,-1.0,-1.0
0.559,9.071,3.968,0.962,1.878,0.593,2.601,0.0,-1.0,-1.0
0.579,9.107,3.981,1.012,1.812,0.685,2.536,0.0,-1.0,-1.0
0.599,9.143,3.995,1.062,1.737,0.758,2.447,0.0,-1.0,-1.0
0.619,9.177,4.011,1.11,1.654,0.82,2.342,0.0,-1.0,-1.0
0.639,9.209,4.027,1.155,1.573,0.884,2.239,0.0,-1.0,-1.0
0.659,9.239,4.046,1.199,1.491,0.947,2.135,0.0,-1.0,-1.0
0.679,9.268,4.065,1.24,1.408,1.007,2.026,0.0,-1.0,-1.0
0.699,9.295,4.085,1.279,1.324,1.058,1.91,0.0,-1.0,-1.0
0.719,9.321,4.107,1.316,1.24,1.104,1.787,0.0,-1.0,-1.0
0.739,9.345,4.129,1.351,1.155,1.151,1.665,0.0,-1.0,-1.0
0.759,9.367,4.153,1.383,1.071,1.198,1.542,0.0,-1.0,-1.0
0.779,9.388,4.177,1.412,0.986,1.243,1.418,0.0,-1.0,-1.0
0.799,9.407,4.202,1.439,0.9,1.283,1.293,0.0,-1.0,-1.0
0.819,9.424,4.228,1.464,0.814,1.321,1.167,0.0,-1.0,-1.0
0.839,9.439,4.255,1.486,0.728,1.359,1.04,0.0,-1.0,-1.0
0.859,9.453,4.282,1.505,0.642,1.398,0.914,0.0,-1.0,-1.0
0.879,9.465,4.311,1.522,0.555,1.434,0.787,0.0,-1.0,-1.0
0.899,9.475,4.34,1.537,0.468,1.469,0.66,0.0,-1.0,-1.0
0.919,9.483,4.369,1.549,0.372,1.491,0.517,0.0,-1.0,-1.0
0.939,9.49,4.4,1.558,0.261,1.496,0.35,0.0,-1.0,-1.0
0.959,9.495,4.431,1.565,0.153,1.504,0.188,0.0,-1.0,-1.0
0.979,9.498,4.462,1.569,0.067,1.537,0.062,0.0,-1.0,-1.0
0.999,9.5,4.494,1.571,0.02,1.616,0.002,0.0,-1.0,-1.0
1.019,9.5,4.528,1.571,0.005,1.735,0.0,1.0,-1.0,-1.0
1.039,9.5,4.564,1.571,-0.012,1.855,-0.0,0.0,-1.0,-1.0
1.059,9.5,4.602,1.571,-0.019,1.975,-0.0,0.0,-1.0,-1.0
1.079,9.5,4.643,1.571,-0.008,2.095,-0.0,0.0,-1.0,-1.0
1.099,9.5,4.686,1.571,0.01,2.215,0.0,0.0,-1.0,-1.0
1.118,9.5,4.731,1.571,0.019,2.335,0.0,0.0,-1.0,-1.0
1.138,9.5,4.779,1.571,0.01,2.456,0.0,0.0,-1.0,-1.0
1.158,9.5,4.829,1.571,-0.007,2.581,-0.0,0.0,-1.0,-1.0
1.178,9.5,4.882,1.571,-0.019,2.701,-0.0,0.0,-1.0,-1.0
1.198,9.5,4.937,1.571,-0.013,2.812,-0.0,0.0,-1.0,-1.0
1.218,9.5,4.994,1.571,0.004,2.935,0.0,0.0,-1.0,-1.0
1.238,9.5,5.053,1.571,0.018,3.048,0.0,0.0,-1.0,-1.0
1.258,9.5,5.115,1.571,0.015,3.113,0.0,0.0,-1.0,-1.0
1.278,9.5,5.177,1.571,-0.002,3.164,-0.0,0.0,-1.0,-1.0
1.298,9.5,5.241,1.571,-0.017,3.212,-0.0,0.0,-1.0,-1.0
1.318,9.5,5.305,1.571,-0.017,3.233,-0.0,0.0,-1.0,-1.0
1.338,9.5,5.369,1.571,-0.001,3.241,-0.0,0.0,-1.0,-1.0
1.358,9.5,5.434,1.571,0.015,3.251,0.0,0.0,-1.0,-1.0
1.378,9.5,5.498,1.571,0.018,3.238,0.0,0.0,-1.0,-1.0
1.398,9.5,5.563,1.571,0.004,3.212,0.0,0.0,-1.0,-1.0
1.418,9.5,5.626,1.571,-0.013,3.193,-0.0,0.0,-1.0,-1.0
1.438,9.5,5.689,1.571,-0.019,3.142,-0.0,0.0,-1.0,-1.0
1.458,9.5,5.751,1.571,-0.007,3.046,-0.0,0.0,-1.0,-1.0
1.478,9.5,5.811,1.571,0.01,2.949,0.0,0.0,-1.0,-1.0
1.498,9.5,5.868,1.571,0.019,2.845,0.0,0.0,-1.0,-1.0
1.518,9.5,5.924,1.571,0.01,2.728,0.0,0.0,-1.0,-1.0
1.538,9.5,5.977,1.571,-0.008,2.608,-0.0,0.0,-1.0,-1.0
1.558,9.5,6.028,1.571,-0.019,2.488,-0.0,0.0,-1.0,-1.0
1.578,9.5,6.077,1.571,-0.015,2.365,0.007,0.0,-1.0,-1.0
1.598,9.5,6.123,1.571,-0.015,2.214,0.07,0.0,-1.0,-1.0
1.618,9.5,6.166,1.571,-0.008,2.082,0.095,0.0,-1.0,-1.0
1.638,9.5,6.208,1.571,0.026,2.028,-0.041,0.0,-1.0,-1.0
1.658,9.501,6.248,1.568,0.072,2.015,-0.259,0.0,-1.0,-1.0
1.678,9.503,6.288,1.561,0.115,2.002,-0.48,0.0,-1.0,-1.0
1.698,9.506,6.328,1.549,0.159,1.99,-0.702,0.0,-1.0,-1.0
1.718,9.51,6.367,1.534,0.205,1.976,-0.918,0.0,-1.0,-1.0
1.738,9.515,6.406,1.514,0.256,1.958,-1.123,0.0,-1.0,-1.0
1.758,9.521,6.445,1.49,0.314,1.935,-1.314,0.0,-1.0,-1.0
1.778,9.527,6.484,1.462,0.376,1.913,-1.501,0.0,-1.0,-1.0
1.798,9.536,6.522,1.43,0.436,1.898,-1.698,0.0,-1.0,-1.0
1.818,9.545,6.559,1.395,0.497,1.883,-1.897,0.0,-1.0,-1.0
1.838,9.556,6.596,1.356,0.558,1.864,-2.087,0.0,-1.0,-1.0
1.857,9.568,6.632,1.313,0.622,1.834,-2.262,0.0,-1.0,-1.0
1.877,9.581,6.668,1.267,0.688,1.788,-2.411,0.0,-1.0,-1.0
1.897,9.595,6.703,1.218,0.758,1.728,-2.539,0.0,-1.0,-1.0
1.917,9.611,6.737,1.166,0.833,1.675,-2.674,0.0,-1.0,-1.0
1.937,9.628,6.769,1.112,0.909,1.624,-2.811,0.0,-1.0,-1.0
1.957,9.647,6.801,1.055,0.982,1.57,-2.945,0.0,-1.0,-1.0
1.977,9.667,6.831,0.996,1.051,1.506,-3.067,0.0,-1.0,-1.0
1.997,9.688,6.859,0.934,1.111,1.429,-3.171,0.0,-1.0,-1.0
2.017,9.71,6.887,0.87,1.162,1.334,-3.254,0.0,-1.0,-1.0
2.037,9.734,6.913,0.804,1.216,1.24,-3.343,0.0,-1.0,-1.0
2.057,9.759,6.936,0.737,1.274,1.148,-3.437,0.0,-1.0,-1.0
2.077,9.784,6.958,0.668,1.33,1.054,-3.528,0.0,-1.0,-1.0
2.097,9.811,6.978,0.598,1.38,0.957,-3.609,0.0,-1.0,-1.0
2.117,9.838,6.996,0.526,1.418,0.852,-3.672,0.0,-1.0,-1.0
2.137,9.867,7.011,0.452,1.44,0.738,-3.71,0.0,-1.0,-1.0
2.157,9.896,7.025,0.378,1.463,0.62,-3.748,0.0,-1.0,-1.0
2.177,9.925,7.036,0.303,1.489,0.502,-3.794,0.0,-1.0,-1.0
2.197,9.954,7.045,0.228,1.516,0.384,-3.839,0.0,-1.0,-1.0
2.217,9.984,7.051,0.151,1.536,0.266,-3.874,0.0,-1.0,-1.0
2.237,10.015,7.056,0.075,1.546,0.148,-3.892,0.0,-1.0,-1.0
2.257,10.045,7.057,-0.002,1.539,0.03,-3.883,0.0,-1.0,-1.0
2.277,10.076,7.057,-0.08,1.523,-0.09,-3.863,0.0,-1.0,-1.0
2.297,10.106,7.054,-0.156,1.513,-0.214,-3.853,0.0,-1.0,-1.0
2.317,10.136,7.049,-0.233,1.503,-0.338,-3.845,0.0,-1.0,-1.0
2.337,10.165,7.041,-0.308,1.489,-0.459,-3.828,0.0,-1.0,-1.0
2.357,10.194,7.031,-0.383,1.468,-0.575,-3.796,0.0,-1.0,-1.0
2.377,10.223,7.019,-0.458,1.435,-0.683,-3.738,0.0,-1.0,-1.0
2.397,10.251,7.004,-0.532,1.392,-0.784,-3.659,0.0,-1.0,-1.0
2.417,10.278,6.987,-0.604,1.351,-0.891,-3.588,0.0,-1.0,-1.0
2.437,10.305,6.969,-0.675,1.311,-1.0,-3.519,0.0,-1.0,-1.0
2.457,10.33,6.948,-0.743,1.269,-1.105,-3.446,0.0,-1.0,-1.0
2.477,10.355,6.926,-0.81,1.224,-1.204,-3.361,0.0,-1.0,-1.0
2.497,10.379,6.901,-0.876,1.172,-1.291,-3.257,0.0,-1.0,-1.0
2.517,10.401,6.875,-0.94,1.112,-1.364,-3.131,0.0,-1.0,-1.0
2.537,10.423,6.847,-1.001,1.051,-1.44,-3.007,0.0,-1.0,-1.0
2.557,10.443,6.817,-1.059,0.99,-1.519,-2.888,0.0,-1.0,-1.0
2.577,10.462,6.787,-1.115,0.929,-1.597,-2.766,0.0,-1.0,-1.0
2.596,10.48,6.755,-1.169,0.868,-1.668,-2.636,0.0,-1.0,-1.0
2.616,10.497,6.721,-1.219,0.805,-1.728,-2.493,0.0,-1.0,-1.0
2.636,10.512,6.686,-1.267,0.741,-1.773,-2.33,0.0,-1.0,-1.0
2.656,10.526,6.651,-1.312,0.674,-1.814,-2.165,0.0,-1.0,-1.0
2.676,10.539,6.614,-1.353,0.606,-1.859,-2.005,0.0,-1.0,-1.0
2.696,10.551,6.577,-1.391,0.539,-1.903,-1.844,0.0,-1.0,-1.0
2.716,10.561,6.539,-1.426,0.472,-1.944,-1.677,0.0,-1.0,-1.0
2.736,10.57,6.5,-1.457,0.409,-1.978,-1.501,0.0,-1.0,-1.0
2.756,10.578,6.46,-1.485,0.351,-2.003,-1.311,0.0,-1.0,-1.0
2.776,10.584,6.42,-1.509,0.289,-2.01,-1.088,0.0,-1.0,-1.0
2.796,10.59,6.379,-1.53,0.217,-2.0,-0.833,0.0,-1.0,-1.0
2.816,10.594,6.339,-1.546,0.145,-1.986,-0.573,0.0,-1.0,-1.0
2.836,10.597,6.297,-1.558,0.079,-1.986,-0.337,0.0,-1.0,-1.0
2.856,10.599,6.255,-1.566,0.029,-2.015,-0.155,0.0,-1.0,-1.0
2.876,10.6,6.213,-1.57,0.003,-2.089,-0.055,0.0,-1.0,-1.0
2.896,10.6,6.17,-1.571,0.001,-2.211,-0.036,0.0,-1.0,-1.0
2.916,10.6,6.125,-1.572,0.001,-2.353,-0.017,0.0,-1.0,-1.0
2.936,10.6,6.077,-1.572,-0.0,-2.502,0.004,0.0,-1.0,-1.0
2.956,10.6,6.027,-1.572,-0.001,-2.648,0.024,0.0,-1.0,-1.0
2.976,10.6,5.975,-1.572,-0.001,-2.781,0.041,0.0,-1.0,-1.0
2.996,10.6,5.92,-1.572,-0.002,-2.891,0.05,0.0,-1.0,-1.0
3.016,10.6,5.863,-1.571,-0.002,-2.968,0.051,0.0,-1.0,-1.0
3.036,10.6,5.803,-1.57,-0.001,-3.007,0.039,0.0,-1.0,-1.0
3.056,10.6,5.743,-1.57,-0.001,-3.046,0.021,0.0,-1.0,-1.0
3.076,10.6,5.682,-1.569,-0.0,-3.088,0.0,0.0,-1.0,-1.0
3.096,10.6,5.62,-1.569,0.001,-3.129,-0.02,0.0,-1.0,-1.0
3.116,10.6,5.558,-1.569,0.001,-3.167,-0.038,0.0,-1.0,-1.0
3.136,10.6,5.495,-1.57,0.002,-3.198,-0.049,0.0,-1.0,-1.0
3.156,10.6,5.432,-1.57,0.002,-3.217,-0.051,0.0,-1.0,-1.0
3.176,10.6,5.367,-1.571,0.001,-3.221,-0.042,0.0,-1.0,-1.0
3.196,10.6,5.303,-1.572,0.001,-3.221,-0.025,0.0,-1.0,-1.0
3.216,10.6,5.239,-1.572,0.0,-3.221,-0.005,0.0,-1.0,-1.0
3.236,10.6,5.174,-1.572,-0.0,-3.221,0.016,0.0,-1.0,-1.0
3.256,10.6,5.11,-1.572,-0.001,-3.221,0.034,0.0,-1.0,-1.0
3.276,10.6,5.046,-1.572,-0.001,-3.221,0.047,0.0,-1.0,-1.0
3.296,10.6,4.981,-1.572,-0.002,-3.221,0.052,0.0,-1.0,-1.0
3.316,10.6,4.917,-1.571,-0.001,-3.221,0.045,0.0,-1.0,-1.0
3.335,10.6,4.853,-1.57,-0.001,-3.221,0.029,0.0,-1.0,-1.0
3.355,10.6,4.788,-1.569,-0.0,-3.221,0.01,0.0,-1.0,-1.0
3.375,10.6,4.724,-1.569,0.0,-3.221,-0.011,0.0,-1.0,-1.0
3.395,10.6,4.66,-1.569,0.001,-3.221,-0.031,0.0,-1.0,-1.0
3.415,10.6,4.595,-1.569,0.001,-3.221,-0.045,0.0,-1.0,-1.0
3.435,10.6,4.531,-1.57,0.002,-3.221,-0.052,0.0,-1.0,-1.0
3.455,10.6,4.467,-1.571,0.001,-3.221,-0.048,0.0,-1.0,-1.0
3.475,10.6,4.402,-1.571,0.001,-3.221,-0.033,0.0,-1.0,-1.0
3.495,10.6,4.338,-1.572,0.0,-3.221,-0.014,0.0,-1.0,-1.0
3.515,10.6,4.274,-1.572,-0.0,-3.221,0.007,0.0,-1.0,-1.0
3.535,10.6,4.209,-1.572,-0.001,-3.221,0.027,0.0,-1.0,-1.0
3.555,10.6,4.145,-1.572,-0.001,-3.221,0.042,0.0,-1.0,-1.0
3.575,10.6,4.081,-1.572,-0.002,-3.221,0.051,0.0,-1.0,-1.0
3.595,10.6,4.016,-1.571,-0.002,-3.221,0.05,0.0,-1.0,-1.0
3.615,10.6,3.952,-1.57,-0.001,-3.221,0.037,0.0,-1.0,-1.0
3.635,10.6,3.888,-1.57,-0.001,-3.221,0.018,0.0,-1.0,-1.0
3.655,10.6,3.823,-1.569,0.0,-3.221,-0.002,0.0,-1.0,-1.0
3.675,10.6,3.759,-1.569,0.001,-3.221,-0.023,0.0,-1.0,-1.0
3.695,10.6,3.695,-1.569,0.001,-3.221,-0.039,0.0,-1.0,-1.0
3.715,10.6,3.63,-1.57,0.002,-3.221,-0.05,0.0,-1.0,-1.0
3.735,10.6,3.566,-1.57,0.002,-3.221,-0.051,0.0,-1.0,-1.0
3.755,10.6,3.502,-1.571,0.001,-3.221,-0.04,0.0,-1.0,-1.0
3.775,10.6,3.437,-1.572,0.001,-3.221,-0.023,0.0,-1.0,-1.0
3.795,10.6,3.373,-1.572,0.0,-3.221,-0.002,0.0,-1.0,-1.0
3.815,10.6,3.309,-1.572,-0.001,-3.221,0.018,0.0,-1.0,-1.0
3.835,10.6,3.244,-1.572,-0.001,-3.221,0.036,0.0,-1.0,-1.0
3.855,10.6,3.18,-1.572,-0.001,-3.221,0.048,0.0,-1.0,-1.0
3.875,10.6,3.116,-1.571,-0.002,-3.221,0.052,0.0,-1.0,-1.0
3.895,10.6,3.051,-1.571,-0.001,-3.222,0.044,0.0,-1.0,-1.0
3.915,10.6,2.987,-1.57,-0.001,-3.228,0.027,0.0,-1.0,-1.0
3.935,10.6,2.923,-1.569,-0.0,-3.241,0.007,0.0,-1.0,-1.0
3.955,10.6,2.858,-1.569,0.0,-3.256,-0.014,0.0,-1.0,-1.0
3.975,10.6,2.794,-1.569,0.001,-3.266,-0.033,0.0,-1.0,-1.0
3.995,10.6,2.73,-1.569,0.001,-3.268,-0.046,0.0,-1.0,-1.0
4.015,10.6,2.665,-1.57,0.002,-3.255,-0.052,0.0,-1.0,-1.0
4.035,10.6,2.601,-1.571,0.001,-3.224,-0.046,0.0,-1.0,-1.0
4.055,10.6,2.537,-1.572,0.001,-3.188,-0.031,0.0,-1.0,-1.0
4.074,10.6,2.474,-1.572,0.0,-3.165,-0.011,0.0,-1.0,-1.0
4.094,10.6,2.412,-1.572,-0.0,-3.146,0.01,0.0,-1.0,-1.0
4.114,10.6,2.35,-1.572,-0.001,-3.122,0.029,0.0,-1.0,-1.0
4.134,10.6,2.29,-1.572,-0.001,-3.084,0.044,0.0,-1.0,-1.0
4.154,10.6,2.23,-1.572,-0.002,-3.025,0.051,0.0,-1.0,-1.0
4.174,10.6,2.172,-1.571,-0.002,-2.934,0.049,0.0,-1.0,-1.0
4.194,10.6,2.114,-1.57,0.002,-2.809,0.05,0.0,-1.0,-1.0
4.214,10.6,2.059,-1.57,0.014,-2.663,0.087,0.0,-1.0,-1.0
4.234,10.6,2.007,-1.569,0.03,-2.508,0.14,0.0,-1.0,-1.0
4.254,10.6,1.956,-1.569,0.044,-2.358,0.185,0.0,-1.0,-1.0
4.274,10.6,1.909,-1.569,0.051,-2.224,0.2,0.0,-1.0,-1.0
4.294,10.6,1.863,-1.57,0.045,-2.117,0.161,0.0,-1.0,-1.0
4.314,10.6,1.82,-1.57,0.021,-2.05,0.046,0.0,-1.0,-1.0
4.334,10.6,1.779,-1.572,-0.022,-2.027,-0.156,0.0,-1.0,-1.0
4.354,10.599,1.739,-1.577,-0.064,-2.012,-0.377,0.0,-1.0,-1.0
4.374,10.597,1.699,-1.586,-0.105,-1.999,-0.601,0.0,-1.0,-1.0
4.394,10.594,1.659,-1.6,-0.148,-1.985,-0.823,0.0,-1.0,-1.0
4.414,10.591,1.62,-1.618,-0.194,-1.969,-1.038,0.0,-1.0,-1.0
4.434,10.586,1.581,-1.64,-0.246,-1.948,-1.238,0.0,-1.0,-1.0
4.454,10.58,1.543,-1.667,-0.306,-1.923,-1.422,0.0,-1.0,-1.0
4.474,10.574,1.504,-1.697,-0.368,-1.903,-1.612,0.0,-1.0,-1.0
4.494,10.566,1.467,-1.731,-0.429,-1.887,-1.808,0.0,-1.0,-1.0
4.514,10.556,1.43,-1.768,-0.49,-1.87,-2.003,0.0,-1.0,-1.0
4.534,10.546,1.393,-1.809,-0.553,-1.846,-2.186,0.0,-1.0,-1.0
4.554,10.534,1.357,-1.853,-0.617,-1.809,-2.35,0.0,-1.0,-1.0
4.574,10.521,1.322,-1.901,-0.684,-1.753,-2.484,0.0,-1.0,-1.0
4.594,10.507,1.288,-1.952,-0.756,-1.695,-2.612,0.0,-1.0,-1.0
4.614,10.491,1.255,-2.005,-0.831,-1.641,-2.746,0.0,-1.0,-1.0
4.634,10.474,1.223,-2.061,-0.906,-1.587,-2.88,0.0,-1.0,-1.0
4.654,10.456,1.192,-2.119,-0.977,-1.528,-3.007,0.0,-1.0,-1.0
4.674,10.436,1.163,-2.179,-1.043,-1.458,-3.12,0.0,-1.0,-1.0
4.694,10.414,1.135,-2.242,-1.098,-1.372,-3.214,0.0,-1.0,-1.0
4.714,10.392,1.109,-2.307,-1.15,-1.276,-3.298,0.0,-1.0,-1.0
4.734,10.369,1.084,-2.374,-1.207,-1.183,-3.39,0.0,-1.0,-1.0
4.754,10.344,1.062,-2.442,-1.265,-1.092,-3.484,0.0,-1.0,-1.0
4.774,10.319,1.041,-2.512,-1.319,-0.997,-3.571,0.0,-1.0,-1.0
4.794,10.293,1.022,-2.583,-1.365,-0.897,-3.645,0.0,-1.0,-1.0
4.814,10.265,1.006,-2.656,-1.398,-0.789,-3.698,0.0,-1.0,-1.0
4.833,10.237,0.991,-2.73,-1.42,-0.672,-3.734,0.0,-1.0,-1.0
4.853,10.209,0.979,-2.805,-1.448,-0.555,-3.779,0.0,-1.0,-1.0
4.873,10.18,0.969,-2.88,-1.478,-0.439,-3.827,0.0,-1.0,-1.0
4.893,10.151,0.962,-2.956,-1.505,-0.322,-3.87,0.0,-1.0,-1.0
4.913,10.121,0.956,-3.033,-1.524,-0.204,-3.899,0.0,-1.0,-1.0
4.933,10.091,0.953,-3.11,-1.529,-0.086,-3.906,0.0,-1.0,-1.0
4.953,10.061,0.953,-3.188,-1.518,0.033,-3.888,0.0,-1.0,-1.0
4.973,10.03,0.955,-3.265,-1.511,0.156,-3.878,0.0,-1.0,-1.0
4.993,10.001,0.959,-3.342,-1.506,0.281,-3.873,0.0,-1.0,-1.0
5.013,9.971,0.965,-3.418,-1.499,0.404,-3.864,0.0,-1.0,-1.0
5.033,9.942,0.974,-3.494,-1.486,0.523,-3.842,0.0,-1.0,-1.0
5.053,9.913,0.986,-3.57,-1.462,0.636,-3.797,0.0,-1.0,-1.0
5.073,9.884,0.999,-3.645,-1.425,0.74,-3.724,0.0,-1.0,-1.0
5.093,9.856,1.015,-3.718,-1.386,0.846,-3.65,0.0,-1.0,-1.0
5.113,9.829,1.033,-3.79,-1.349,0.957,-3.583,0.0,-1.0,-1.0
5.133,9.802,1.053,-3.86,-1.312,1.066,-3.514,0.0,-1.0,-1.0
5.153,9.777,1.075,-3.929,-1.272,1.17,-3.436,0.0,-1.0,-1.0
5.173,9.752,1.098,-3.996,-1.225,1.262,-3.34,0.0,-1.0,-1.0
5.193,9.728,1.124,-4.061,-1.17,1.34,-3.218,0.0,-1.0,-1.0
5.213,9.706,1.152,-4.124,-1.11,1.414,-3.09,0.0,-1.0,-1.0
5.233,9.684,1.18,-4.184,-1.051,1.493,-2.968,0.0,-1.0,-1.0
5.253,9.664,1.211,-4.241,-0.991,1.572,-2.845,0.0,-1.0,-1.0
5.273,9.644,1.242,-4.296,-0.931,1.646,-2.717,0.0,-1.0,-1.0
5.293,9.626,1.275,-4.348,-0.871,1.71,-2.575,0.0,-1.0,-1.0
5.313,9.61,1.309,-4.398,-0.81,1.758,-2.414,0.0,-1.0,-1.0
5.333,9.594,1.345,-4.444,-0.747,1.796,-2.24,0.0,-1.0,-1.0
5.353,9.58,1.381,-4.487,-0.681,1.838,-2.071,0.0,-1.0,-1.0
5.373,9.567,1.418,-4.527,-0.616,1.879,-1.904,0.0,-1.0,-1.0
5.393,9.555,1.456,-4.562,-0.552,1.919,-1.733,0.0,-1.0,-1.0
5.413,9.544,1.494,-4.595,-0.49,1.954,-1.553,0.0,-1.0,-1.0
5.433,9.535,1.533,-4.623,-0.434,1.98,-1.36,0.0,-1.0,-1.0
5.453,9.527,1.573,-4.648,-0.382,1.993,-1.14,0.0,-1.0,-1.0
5.473,9.52,1.613,-4.669,-0.326,1.985,-0.878,0.0,-1.0,-1.0
5.493,9.514,1.653,-4.686,-0.268,1.971,-0.603,0.0,-1.0,-1.0
5.513,9.508,1.694,-4.699,-0.212,1.966,-0.346,0.0,-1.0,-1.0
5.533,9.504,1.735,-4.707,-0.162,1.985,-0.141,0.0,-1.0,-1.0
5.553,9.501,1.777,-4.712,-0.119,2.044,-0.019,0.0,-1.0,-1.0
5.572,9.499,1.819,-4.712,-0.085,2.153,0.0,0.0,-1.0,-1.0
5.592,9.498,1.863,-4.712,-0.042,2.283,0.0,0.0,-1.0,-1.0
5.612,9.497,1.91,-4.712,0.009,2.42,-0.0,0.0,-1.0,-1.0
5.632,9.497,1.958,-4.712,0.057,2.555,-0.0,0.0,-1.0,-1.0
5.652,9.497,2.01,-4.712,0.094,2.679,-0.0,0.0,-1.0,-1.0
5.672,9.498,2.063,-4.712,0.113,2.784,-0.0,0.0,-1.0,-1.0
5.692,9.5,2.119,-4.712,0.106,2.861,-0.0,0.0,-1.0,-1.0
5.712,9.501,2.176,-4.712,0.07,2.921,-0.0,0.0,-1.0,-1.0
5.732,9.503,2.235,-4.712,0.023,2.991,-0.0,0.0,-1.0,-1.0
5.752,9.503,2.295,-4.712,-0.027,3.063,0.0,0.0,-1.0,-1.0
5.772,9.503,2.356,-4.712,-0.073,3.131,0.0,0.0,-1.0,-1.0
5.792,9.503,2.418,-4.712,-0.104,3.186,0.0,0.0,-1.0,-1.0
5.812,9.501,2.481,-4.712,-0.114,3.222,0.0,0.0,-1.0,-1.0
5.832,9.5,2.546,-4.712,-0.094,3.232,0.0,0.0,-1.0,-1.0
5.852,9.498,2.61,-4.712,-0.053,3.232,0.0,0.0,-1.0,-1.0
5.872,9.497,2.675,-4.712,-0.004,3.232,0.0,0.0,-1.0,-1.0
5.892,9.497,2.739,-4.712,0.045,3.232,-0.0,0.0,-1.0,-1.0
5.912,9.497,2.804,-4.712,0.087,3.232,-0.0,0.0,-1.0,-1.0
5.932,9.498,2.868,-4.712,0.111,3.232,-0.0,0.0,-1.0,-1.0
5.952,9.499,2.933,-4.712,0.11,3.232,-0.0,0.0,-1.0,-1.0
5.972,9.501,2.997,-4.712,0.08,3.232,-0.0,0.0,-1.0,-1.0
5.992,9.502,3.062,-4.712,0.035,3.232,-0.0,0.0,-1.0,-1.0
6.012,9.503,3.127,-4.712,-0.015,3.232,0.0,0.0,-1.0,-1.0
6.032,9.503,3.191,-4.712,-0.062,3.232,0.0,0.0,-1.0,-1.0
6.052,9.503,3.256,-4.712,-0.098,3.232,0.0,0.0,-1.0,-1.0
6.072,9.502,3.32,-4.712,-0.114,3.232,0.0,0.0,-1.0,-1.0
6.092,9.5,3.385,-4.712,-0.102,3.232,0.0,0.0,-1.0,-1.0
6.112,9.498,3.449,-4.712,-0.064,3.232,0.0,0.0,-1.0,-1.0
6.132,9.497,3.514,-4.712,-0.016,3.232,0.0,0.0,-1.0,-1.0
6.152,9.497,3.578,-4.712,0.034,3.232,-0.0,0.0,-1.0,-1.0
6.172,9.497,3.643,-4.712,0.078,3.232,-0.0,0.0,-1.0,-1.0
6.192,9.497,3.708,-4.712,0.107,3.232,-0.0,0.0,-1.0,-1.0
6.212,9.499,3.772,-4.712,0.113,3.232,-0.0,0.0,-1.0,-1.0
6.232,9.501,3.837,-4.712,0.089,3.232,-0.0,0.0,-1.0,-1.0
6.252,9.502,3.901,-4.712,0.047,3.232,-0.0,0.0,-1.0,-1.0
6.272,9.503,3.966,-4.712,-0.003,3.232,0.0,0.0,-1.0,-1.0
6.292,9.503,4.03,-4.712,-0.052,3.232,0.0,0.0,-1.0,-1.0
6.311,9.503,4.095,-4.712,-0.091,3.232,0.0,0.0,-1.0,-1.0
6.331,9.502,4.159,-4.712,-0.113,3.232,0.0,0.0,-1.0,-1.0
6.351,9.501,4.224,-4.712,-0.108,3.232,0.0,0.0,-1.0,-1.0
6.371,9.499,4.288,-4.712,-0.075,3.232,0.0,0.0,-1.0,-1.0
6.391,9.497,4.353,-4.712,-0.028,3.232,0.0,0.0,-1.0,-1.0
6.411,9.497,4.418,-4.712,0.022,3.232,-0.0,0.0,-1.0,-1.0
6.431,9.497,4.482,-4.712,0.068,3.232,-0.0,0.0,-1.0,-1.0
6.451,9.497,4.547,-4.712,0.102,3.232,-0.0,0.0,-1.0,-1.0
6.471,9.498,4.611,-4.712,0.114,3.232,-0.0,0.0,-1.0,-1.0
6.491,9.5,4.676,-4.712,0.098,3.232,-0.0,0.0,-1.0,-1.0
6.511,9.502,4.74,-4.712,0.058,3.244,-0.0,0.0,-1.0,-1.0
6.531,9.503,4.805,-4.712,0.009,3.267,-0.0,0.0,-1.0,-1.0
6.551,9.503,4.869,-4.712,-0.04,3.291,0.0,0.0,-1.0,-1.0
6.571,9.503,4.934,-4.712,-0.083,3.306,0.0,0.0,-1.0,-1.0
6.591,9.502,4.999,-4.712,-0.109,3.301,0.0,0.0,-1.0,-1.0
6.611,9.501,5.063,-4.712,-0.112,3.266,0.0,0.0,-1.0,-1.0
6.631,9.499,5.128,-4.712,-0.085,3.197,0.0,0.0,-1.0,-1.0
6.651,9.498,5.191,-4.712,-0.04,3.129,0.0,0.0,-1.0,-1.0
6.671,9.497,5.252,-4.712,0.01,3.065,-0.0,0.0,-1.0,-1.0
6.691,9.497,5.312,-4.712,0.058,2.999,-0.0,0.0,-1.0,-1.0
6.711,9.497,5.371,-4.712,0.095,2.927,-0.0,0.0,-1.0,-1.0
6.731,9.498,5.427,-4.712,0.114,2.842,-0.0,0.0,-1.0,-1.0
6.751,9.5,5.483,-4.712,0.105,2.74,-0.0,0.0,-1.0,-1.0
6.771,9.501,5.536,-4.712,0.076,2.614,-0.021,0.0,-1.0,-1.0
6.791,9.503,5.588,-4.712,0.047,2.47,-0.083,0.0,-1.0,-1.0
6.811,9.503,5.637,-4.712,0.019,2.321,-0.156,0.0,-1.0,-1.0
6.831,9.503,5.683,-4.712,-0.009,2.181,-0.209,0.0,-1.0,-1.0
6.851,9.503,5.727,-4.712,-0.04,2.063,-0.212,0.0,-1.0,-1.0
6.871,9.501,5.769,-4.712,-0.073,1.981,-0.134,0.0,-1.0,-1.0
6.891,9.5,5.809,-4.712,-0.109,1.946,0.051,2.0,-1.0,-1.0
6.911,9.497,5.848,-4.709,-0.145,1.929,0.279,0.0,-1.0,-1.0
6.931,9.494,5.886,-4.701,-0.178,1.912,0.51,0.0,-1.0,-1.0
6.951,9.49,5.924,-4.689,-0.212,1.896,0.74,0.0,-1.0,-1.0
6.971,9.485,5.961,-4.673,-0.249,1.878,0.965,0.0,-1.0,-1.0
6.991,9.479,5.999,-4.651,-0.291,1.858,1.182,0.0,-1.0,-1.0
7.011,9.473,6.035,-4.626,-0.339,1.836,1.386,0.0,-1.0,-1.0
7.031,9.465,6.072,-4.596,-0.388,1.818,1.596,0.0,-1.0,-1.0
7.05,9.457,6.108,-4.563,-0.435,1.805,1.816,0.0,-1.0,-1.0
7.07,9.448,6.143,-4.525,-0.483,1.791,2.034,0.0,-1.0,-1.0
7.09,9.437,6.178,-4.484,-0.533,1.77,2.24,0.0,-1.0,-1.0
7.11,9.426,6.213,-4.438,-0.588,1.737,2.422,0.0,-1.0,-1.0
7.13,9.414,6.247,-4.389,-0.651,1.686,2.569,0.0,-1.0,-1.0
7.15,9.4,6.28,-4.336,-0.721,1.632,2.709,0.0,-1.0,-1.0
7.17,9.385,6.312,-4.281,-0.794,1.584,2.856,0.0,-1.0,-1.0
7.19,9.369,6.342,-4.223,-0.866,1.535,3.002,0.0,-1.0,-1.0
7.21,9.351,6.372,-4.162,-0.935,1.48,3.139,0.0,-1.0,-1.0
7.23,9.332,6.4,-4.099,-0.997,1.411,3.259,0.0,-1.0,-1.0
7.25,9.312,6.427,-4.034,-1.048,1.323,3.353,0.0,-1.0,-1.0
7.27,9.29,6.453,-3.966,-1.098,1.227,3.441,0.0,-1.0,-1.0
7.29,9.268,6.476,-3.896,-1.153,1.135,3.537,0.0,-1.0,-1.0
7.31,9.245,6.498,-3.825,-1.208,1.042,3.633,0.0,-1.0,-1.0
7.33,9.221,6.517,-3.753,-1.257,0.946,3.72,0.0,-1.0,-1.0
7.35,9.196,6.535,-3.679,-1.297,0.843,3.79,0.0,-1.0,-1.0
7.37,9.17,6.55,-3.603,-1.322,0.731,3.834,0.0,-1.0,-1.0
7.39,9.143,6.564,-3.526,-1.342,0.613,3.871,0.0,-1.0,-1.0
7.41,9.116,6.575,-3.449,-1.368,0.495,3.918,0.0,-1.0,-1.0
7.43,9.089,6.583,-3.371,-1.394,0.377,3.965,0.0,-1.0,-1.0
7.45,9.062,6.59,-3.292,-1.414,0.259,4.002,0.0,-1.0,-1.0
7.47,9.034,6.594,-3.213,-1.424,0.141,4.021,0.0,-1.0,-1.0
7.49,9.006,6.595,-3.133,-1.419,0.023,4.012,0.0,-1.0,-1.0
7.51,8.977,6.595,-3.053,-1.405,-0.097,3.992,0.0,-1.0,-1.0
7.53,8.95,6.592,-2.974,-1.396,-0.221,3.982,0.0,-1.0,-1.0
7.55,8.922,6.586,-2.895,-1.388,-0.345,3.973,0.0,-1.0,-1.0
7.57,8.895,6.578,-2.817,-1.375,-0.466,3.954,0.0,-1.0,-1.0
7.59,8.868,6.568,-2.739,-1.354,-0.581,3.917,0.0,-1.0,-1.0
7.61,8.842,6.556,-2.662,-1.321,-0.687,3.85,0.0,-1.0,-1.0
7.63,8.816,6.541,-2.586,-1.28,-0.789,3.766,0.0,-1.0,-1.0
7.65,8.79,6.524,-2.512,-1.242,-0.897,3.692,0.0,-1.0,-1.0
7.67,8.766,6.506,-2.44,-1.204,-1.005,3.618,0.0,-1.0,-1.0
7.69,8.743,6.485,-2.369,-1.164,-1.109,3.538,0.0,-1.0,-1.0
7.71,8.72,6.463,-2.3,-1.119,-1.203,3.441,0.0,-1.0,-1.0
7.73,8.699,6.438,-2.233,-1.067,-1.282,3.32,0.0,-1.0,-1.0
7.75,8.678,6.412,-2.168,-1.008,-1.352,3.182,0.0,-1.0,-1.0
7.77,8.658,6.384,-2.106,-0.949,-1.427,3.051,0.0,-1.0,-1.0
7.789,8.64,6.355,-2.047,-0.89,-1.503,2.922,0.0,-1.0,-1.0
7.809,8.623,6.325,-1.991,-0.831,-1.575,2.787,0.0,-1.0,-1.0
7.829,8.607,6.294,-1.937,-0.772,-1.637,2.64,0.0,-1.0,-1.0
7.849,8.592,6.261,-1.887,-0.714,-1.685,2.472,0.0,-1.0,-1.0
7.869,8.578,6.227,-1.839,-0.655,-1.72,2.289,0.0,-1.0,-1.0
7.889,8.566,6.192,-1.795,-0.593,-1.758,2.111,0.0,-1.0,-1.0
7.909,8.554,6.157,-1.755,-0.531,-1.796,1.934,0.0,-1.0,-1.0
7.929,8.544,6.121,-1.719,-0.47,-1.832,1.754,0.0,-1.0,-1.0
7.949,8.535,6.084,-1.686,-0.413,-1.864,1.565,0.0,-1.0,-1.0
7.969,8.527,6.047,-1.657,-0.361,-1.889,1.364,0.0,-1.0,-1.0
7.989,8.521,6.009,-1.632,-0.313,-1.9,1.134,0.0,-1.0,-1.0
8.009,8.515,5.971,-1.611,-0.261,-1.89,0.861,0.0,-1.0,-1.0
8.029,8.51,5.932,-1.595,-0.207,-1.875,0.576,0.0,-1.0,-1.0
8.049,8.506,5.893,-1.583,-0.156,-1.871,0.316,0.0,-1.0,-1.0
8.069,8.503,5.854,-1.575,-0.111,-1.895,0.115,0.0,-1.0,-1.0
8.089,8.501,5.814,-1.571,-0.078,-1.964,0.008,0.0,-1.0,-1.0
8.109,8.499,5.774,-1.571,-0.052,-2.081,-0.0,0.0,-1.0,-1.0
8.129,8.498,5.731,-1.571,-0.019,-2.21,-0.0,0.0,-1.0,-1.0
8.149,8.498,5.686,-1.571,0.017,-2.343,0.0,0.0,-1.0,-1.0
8.169,8.498,5.638,-1.571,0.049,-2.472,0.0,0.0,-1.0,-1.0
8.189,8.498,5.589,-1.571,0.072,-2.591,0.0,0.0,-1.0,-1.0
8.209,8.499,5.537,-1.571,0.078,-2.695,0.001,0.0,-1.0,-1.0
8.229,8.5,5.482,-1.571,0.061,-2.777,0.0,0.0,-1.0,-1.0
8.249,8.501,5.426,-1.571,0.031,-2.868,0.0,0.0,-1.0,-1.0
8.269,8.502,5.368,-1.571,-0.005,-2.968,-0.0,0.0,-1.0,-1.0
8.289,8.502,5.309,-1.571,-0.039,-3.066,-0.0,0.0,-1.0,-1.0
8.309,8.502,5.248,-1.571,-0.066,-3.15,-0.0,0.0,-1.0,-1.0
8.329,8.501,5.186,-1.571,-0.078,-3.21,-0.001,0.0,-1.0,-1.0
8.349,8.5,5.122,-1.571,-0.069,-3.233,-0.0,0.0,-1.0,-1.0
8.369,8.499,5.058,-1.571,-0.042,-3.233,-0.0,0.0,-1.0,-1.0
8.389,8.498,4.993,-1.571,-0.007,-3.233,-0.0,0.0,-1.0,-1.0
8.409,8.498,4.928,-1.571,0.028,-3.233,0.0,0.0,-1.0,-1.0
8.429,8.498,4.864,-1.571,0.058,-3.233,0.0,0.0,-1.0,-1.0
8.449,8.499,4.799,-1.571,0.076,-3.233,0.001,0.0,-1.0,-1.0
8.469,8.5,4.735,-1.571,0.075,-3.233,0.001,0.0,-1.0,-1.0
8.489,8.501,4.67,-1.571,0.052,-3.233,0.0,0.0,-1.0,-1.0
8.509,8.502,4.606,-1.571,0.02,-3.233,0.0,0.0,-1.0,-1.0
8.528,8.502,4.541,-1.571,-0.016,-3.233,-0.0,0.0,-1.0,-1.0
8.548,8.502,4.476,-1.571,-0.049,-3.233,-0.0,0.0,-1.0,-1.0
8.568,8.502,4.412,-1.571,-0.072,-3.233,-0.0,0.0,-1.0,-1.0
8.588,8.501,4.347,-1.571,-0.078,-3.233,-0.001,0.0,-1.0,-1.0
8.608,8.5,4.283,-1.571,-0.062,-3.233,-0.0,0.0,-1.0,-1.0
8.628,8.499,4.218,-1.571,-0.031,-3.233,-0.0,0.0,-1.0,-1.0
8.648,8.498,4.154,-1.571,0.004,-3.233,0.0,0.0,-1.0,-1.0
8.668,8.498,4.089,-1.571,0.039,-3.233,0.0,0.0,-1.0,-1.0
8.688,8.498,4.024,-1.571,0.066,-3.233,0.0,0.0,-1.0,-1.0
8.708,8.499,3.96,-1.571,0.078,-3.233,0.001,0.0,-1.0,-1.0
8.728,8.5,3.895,-1.571,0.07,-3.233,0.0,0.0,-1.0,-1.0
8.748,8.501,3.831,-1.571,0.042,-3.233,0.0,0.0,-1.0,-1.0
8.768,8.502,3.766,-1.571,0.008,-3.233,0.0,0.0,-1.0,-1.0
8.788,8.502,3.702,-1.571,-0.028,-3.233,-0.0,0.0,-1.0,-1.0
8.808,8.502,3.637,-1.571,-0.058,-3.233,-0.0,0.0,-1.0,-1.0
8.828,8.501,3.572,-1.571,-0.076,-3.233,-0.001,0.0,-1.0,-1.0
8.848,8.5,3.508,-1.571,-0.075,-3.233,-0.001,0.0,-1.0,-1.0
8.868,8.499,3.443,-1.571,-0.053,-3.235,-0.0,0.0,-1.0,-1.0
8.888,8.498,3.379,-1.571,-0.02,-3.243,-0.0,0.0,-1.0,-1.0
8.908,8.498,3.314,-1.571,0.016,-3.253,0.0,0.0,-1.0,-1.0
8.928,8.498,3.25,-1.571,0.049,-3.26,0.0,0.0,-1.0,-1.0
8.948,8.498,3.185,-1.571,0.071,-3.261,0.0,0.0,-1.0,-1.0
8.968,8.499,3.12,-1.571,0.078,-3.25,0.001,0.0,-1.0,-1.0
8.988,8.5,3.056,-1.571,0.062,-3.225,0.0,0.0,-1.0,-1.0
9.008,8.501,2.992,-1.571,0.031,-3.211,0.0,0.0,-1.0,-1.0
9.028,8.502,2.928,-1.571,-0.004,-3.208,-0.0,0.0,-1.0,-1.0
9.048,8.502,2.865,-1.571,-0.039,-3.203,-0.0,0.0,-1.0,-1.0
9.068,8.502,2.803,-1.571,-0.065,-3.182,-0.0,0.0,-1.0,-1.0
9.088,8.501,2.742,-1.571,-0.078,-3.132,-0.001,0.0,-1.0,-1.0
9.108,8.5,2.681,-1.571,-0.07,-3.041,-0.0,0.0,-1.0,-1.0
9.128,8.499,2.621,-1.571,-0.043,-2.923,-0.0,0.0,-1.0,-1.0
9.148,8.498,2.564,-1.571,-0.008,-2.804,-0.0,0.0,-1.0,-1.0
9.168,8.498,2.509,-1.571,0.028,-2.686,0.0,0.0,-1.0,-1.0
9.188,8.498,2.457,-1.571,0.058,-2.567,0.0,0.0,-1.0,-1.0
9.208,8.499,2.407,-1.571,0.076,-2.449,0.001,0.0,-1.0,-1.0
9.228,8.5,2.359,-1.571,0.075,-2.33,0.001,0.0,-1.0,-1.0
9.248,8.501,2.313,-1.571,0.055,-2.207,0.013,0.0,-1.0,-1.0
9.267,8.502,2.27,-1.571,0.032,-2.068,0.07,0.0,-1.0,-1.0
9.287,8.502,2.23,-1.571,0.008,-1.924,0.143,0.0,-1.0,-1.0
9.307,8.502,2.192,-1.571,-0.015,-1.785,0.198,0.0,-1.0,-1.0
9.327,8.502,2.156,-1.571,-0.037,-1.665,0.203,0.0,-1.0,-1.0
9.347,8.501,2.122,-1.571,-0.057,-1.574,0.124,0.0,-1.0,-1.0
9.367,8.5,2.091,-1.571,-0.073,-1.523,-0.066,0.0,-1.0,-1.0
9.387,8.498,2.061,-1.575,-0.089,-1.486,-0.294,0.0,-1.0,-1.0
9.407,8.496,2.032,-1.583,-0.104,-1.449,-0.522,0.0,-1.0,-1.0
9.427,8.494,2.003,-1.595,-0.12,-1.411,-0.748,0.0,-1.0,-1.0
9.447,8.491,1.976,-1.612,-0.136,-1.369,-0.967,0.0,-1.0,-1.0
9.467,8.488,1.949,-1.633,-0.15,-1.321,-1.18,0.0,-1.0,-1.0
9.487,8.485,1.923,-1.659,-0.156,-1.273,-1.403,0.0,-1.0,-1.0
9.507,8.482,1.898,-1.689,-0.161,-1.225,-1.628,0.0,-1.0,-1.0
9.527,8.478,1.874,-1.723,-0.174,-1.176,-1.84,0.0,-1.0,-1.0
9.547,8.474,1.851,-1.761,-0.205,-1.125,-2.026,0.0,-1.0,-1.0
9.567,8.469,1.829,-1.803,-0.255,-1.074,-2.185,0.0,-1.0,-1.0
9.587,8.463,1.808,-1.848,-0.304,-1.028,-2.353,0.0,-1.0,-1.0
9.607,8.457,1.789,-1.896,-0.353,-0.982,-2.521,0.0,-1.0,-1.0
9.627,8.449,1.77,-1.947,-0.406,-0.929,-2.674,0.0,-1.0,-1.0
9.647,8.44,1.752,-2.001,-0.466,-0.863,-2.801,0.0,-1.0,-1.0
9.667,8.43,1.736,-2.058,-0.532,-0.788,-2.909,0.0,-1.0,-1.0
9.687,8.419,1.721,-2.117,-0.598,-0.716,-3.025,0.0,-1.0,-1.0
9.707,8.406,1.707,-2.178,-0.664,-0.643,-3.139,0.0,-1.0,-1.0
9.727,8.392,1.695,-2.242,-0.73,-0.565,-3.238,0.0,-1.0,-1.0
9.747,8.377,1.685,-2.307,-0.796,-0.477,-3.31,0.0,-1.0,-1.0
9.767,8.36,1.677,-2.373,-0.863,-0.384,-3.377,0.0,-1.0,-1.0
9.787,8.343,1.67,-2.441,-0.929,-0.292,-3.453,0.0,-1.0,-1.0
9.807,8.323,1.665,-2.51,-0.995,-0.2,-3.522,0.0,-1.0,-1.0
9.827,8.303,1.662,-2.58,-1.061,-0.104,-3.569,0.0,-1.0,-1.0
9.847,8.281,1.661,-2.651,-1.127,-0.005,-3.58,0.0,-1.0,-1.0
9.867,8.258,1.662,-2.723,-1.196,0.097,-3.594,0.0,-1.0,-1.0
9.887,8.233,1.665,-2.794,-1.267,0.2,-3.617,0.0,-1.0,-1.0
9.907,8.208,1.67,-2.865,-1.335,0.302,-3.627,0.0,-1.0,-1.0
9.927,8.18,1.677,-2.937,-1.397,0.402,-3.603,0.0,-1.0,-1.0
9.947,8.152,1.686,-3.008,-1.453,0.498,-3.532,0.0,-1.0,-1.0
9.967,8.122,1.697,-3.077,-1.515,0.6,-3.473,0.0,-1.0,-1.0
9.987,8.092,1.709,-3.145,-1.579,0.705,-3.42,0.0,-1.0,-1.0
10.006,8.06,1.724,-3.211,-1.636,0.803,-3.345,0.0,-1.0,-1.0
10.026,8.028,1.74,-3.276,-1.675,0.885,-3.224,0.0,-1.0,-1.0
10.046,7.994,1.759,-3.339,-1.693,0.95,-3.049,0.0,-1.0,-1.0
10.066,7.96,1.778,-3.397,-1.709,1.021,-2.879,0.0,-1.0,-1.0
10.086,7.926,1.799,-3.453,-1.725,1.092,-2.71,0.0,-1.0,-1.0
10.106,7.891,1.821,-3.504,-1.74,1.154,-2.526,0.0,-1.0,-1.0
10.126,7.856,1.844,-3.552,-1.754,1.197,-2.313,0.0,-1.0,-1.0
10.146,7.821,1.868,-3.596,-1.767,1.222,-2.073,0.0,-1.0,-1.0
10.166,7.786,1.893,-3.635,-1.782,1.248,-1.833,0.0,-1.0,-1.0
10.186,7.75,1.918,-3.669,-1.796,1.275,-1.593,0.0,-1.0,-1.0
10.206,7.714,1.943,-3.698,-1.809,1.298,-1.35,0.0,-1.0,-1.0
10.226,7.678,1.969,-3.723,-1.817,1.314,-1.101,0.0,-1.0,-1.0
10.246,7.642,1.996,-3.742,-1.823,1.328,-0.849,0.0,-1.0,-1.0
10.266,7.605,2.022,-3.756,-1.828,1.342,-0.597,0.0,-1.0,-1.0
10.286,7.569,2.049,-3.766,-1.834,1.356,-0.345,0.0,-1.0,-1.0
10.306,7.532,2.076,-3.77,-1.84,1.367,-0.093,0.0,-1.0,-1.0
10.326,7.495,2.104,-3.77,-1.847,1.374,0.161,0.0,-1.0,-1.0
10.346,7.458,2.131,-3.764,-1.851,1.382,0.417,0.0,-1.0,-1.0
10.366,7.421,2.159,-3.753,-1.86,1.385,0.67,0.0,-1.0,-1.0
10.386,7.384,2.186,-3.737,-1.873,1.388,0.928,0.0,-1.0,-1.0
10.406,7.346,2.214,-3.716,-1.889,1.384,1.178,0.0,-1.0,-1.0
10.426,7.308,2.241,-3.691,-1.922,1.36,1.405,0.0,-1.0,-1.0
10.446,7.269,2.268,-3.661,-1.956,1.334,1.63,0.0,-1.0,-1.0
10.466,7.229,2.294,-3.626,-2.01,1.279,1.793,0.0,-1.0,-1.0
10.486,7.189,2.319,-3.589,-2.067,1.221,1.956,0.0,-1.0,-1.0
10.506,7.147,2.343,-3.55,-2.134,1.142,2.044,0.0,-1.0,-1.0
10.526,7.103,2.364,-3.508,-2.208,1.053,2.116,0.0,-1.0,-1.0
10.546,7.059,2.385,-3.466,-2.278,0.961,2.133,0.0,-1.0,-1.0
10.566,7.012,2.403,-3.424,-2.349,0.862,2.107,0.0,-1.0,-1.0
10.586,6.965,2.419,-3.383,-2.412,0.767,2.055,0.0,-1.0,-1.0
10.606,6.916,2.434,-3.343,-2.462,0.678,1.947,0.0,-1.0,-1.0
10.626,6.867,2.446,-3.305,-2.509,0.592,1.832,0.0,-1.0,-1.0
10.646,6.816,2.457,-3.271,-2.538,0.52,1.667,0.0,-1.0,-1.0
10.666,6.766,2.467,-3.239,-2.565,0.449,1.497,0.0,-1.0,-1.0
10.686,6.714,2.476,-3.211,-2.582,0.393,1.297,0.0,-1.0,-1.0
10.706,6.662,2.483,-3.188,-2.597,0.34,1.088,0.0,-1.0,-1.0
10.726,6.61,2.489,-3.168,-2.609,0.295,0.868,0.0,-1.0,-1.0
10.745,6.558,2.495,-3.153,-2.612,0.265,0.617,0.0,-1.0,-1.0
10.765,6.506,2.5,-3.142,-2.626,0.22,0.403,0.0,-1.0,-1.0
10.785,6.453,2.503,-3.136,-2.662,0.148,0.255,0.0,-1.0,-1.0
10.805,6.399,2.505,-3.132,-2.706,0.077,0.12,0.0,-1.0,-1.0
10.825,6.345,2.506,-3.131,-2.765,0.01,0.003,0.0,-1.0,-1.0
10.845,6.289,2.506,-3.132,-2.838,-0.045,-0.086,0.0,-1.0,-1.0
10.865,6.231,2.505,-3.134,-2.919,-0.081,-0.136,0.0,-1.0,-1.0
10.885,6.172,2.503,-3.137,-3.003,-0.09,-0.145,0.0,-1.0,-1.0
10.905,6.111,2.501,-3.139,-3.087,-0.073,-0.115,0.0,-1.0,-1.0
10.925,6.049,2.5,-3.141,-3.171,-0.035,-0.055,0.0,-1.0,-1.0
10.945,5.985,2.5,-3.142,-3.232,-0.0,-0.0,0.0,-1.0,-1.0
10.965,5.92,2.5,-3.142,-3.232,0.0,-0.0,0.0,-1.0,-1.0
10.985,5.856,2.5,-3.142,-3.233,0.0,0.0,0.0,-1.0,-1.0
11.005,5.791,2.5,-3.142,-3.233,0.0,0.0,0.0,-1.0,-1.0
11.025,5.727,2.5,-3.142,-3.233,0.0,0.0,0.0,-1.0,-1.0
11.045,5.662,2.5,-3.142,-3.233,-0.0,-0.0,0.0,-1.0,-1.0
11.065,5.598,2.5,-3.142,-3.233,-0.0,-0.0,0.0,-1.0,-1.0
11.085,5.533,2.5,-3.142,-3.233,-0.0,-0.0,0.0,-1.0,-1.0
11.105,5.468,2.5,-3.142,-3.233,0.0,0.0,0.0,-1.0,-1.0
11.125,5.404,2.5,-3.142,-3.233,0.0,0.0,0.0,-1.0,-1.0
11.145,5.339,2.5,-3.142,-3.233,0.0,0.0,0.0,-1.0,-1.0
11.165,5.275,2.5,-3.142,-3.233,0.0,0.0,0.0,-1.0,-1.0
11.185,5.21,2.5,-3.142,-3.233,-0.0,-0.0,0.0,-1.0,-1.0
11.205,5.146,2.5,-3.142,-3.233,-0.0,-0.0,0.0,-1.0,-1.0
11.225,5.081,2.5,-3.142,-3.233,-0.0,-0.0,0.0,-1.0,-1.0
11.245,5.016,2.5,-3.142,-3.233,0.0,0.0,0.0,-1.0,-1.0
11.265,4.952,2.5,-3.142,-3.233,0.0,0.0,0.0,-1.0,-1.0
11.285,4.887,2.5,-3.142,-3.233,0.0,0.0,0.0,-1.0,-1.0
11.305,4.823,2.5,-3.142,-3.233,0.0,0.0,0.0,-1.0,-1.0
11.325,4.758,2.5,-3.142,-3.233,-0.0,-0.0,0.0,-1.0,-1.0
11.345,4.694,2.5,-3.142,-3.233,-0.0,-0.0,0.0,-1.0,-1.0
11.365,4.629,2.5,-3.142,-3.233,-0.0,-0.0,0.0,-1.0,-1.0
11.385,4.564,2.5,-3.142,-3.233,0.0,0.0,0.0,-1.0,-1.0
11.405,4.5,2.5,-3.142,-3.233,0.0,0.0,0.0,-1.0,-1.0
11.425,4.435,2.5,-3.142,-3.233,0.0,0.0,0.0,-1.0,-1.0
11.445,4.371,2.5,-3.142,-3.233,0.0,0.0,0.0,-1.0,-1.0
11.465,4.306,2.5,-3.142,-3.233,-0.0,-0.0,0.0,-1.0,-1.0
11.484,4.242,2.5,-3.142,-3.233,-0.0,-0.0,0.0,-1.0,-1.0
11.504,4.177,2.5,-3.142,-3.233,-0.0,-0.0,0.0,-1.0,-1.0
11.524,4.112,2.5,-3.142,-3.233,0.0,0.0,0.0,-1.0,-1.0
11.544,4.048,2.5,-3.142,-3.233,0.0,0.0,0.0,-1.0,-1.0
11.564,3.983,2.5,-3.142,-3.233,0.0,0.0,0.0,-1.0,-1.0
11.584,3.919,2.5,-3.142,-3.233,0.0,0.0,0.0,-1.0,-1.0
11.604,3.854,2.5,-3.142,-3.233,-0.0,-0.0,0.0,-1.0,-1.0
11.624,3.79,2.5,-3.142,-3.233,-0.0,-0.0,0.0,-1.0,-1.0
11.644,3.725,2.5,-3.142,-3.234,-0.0,-0.0,0.0,-1.0,-1.0
11.664,3.66,2.5,-3.142,-3.237,0.0,0.0,0.0,-1.0,-1.0
11.684,3.596,2.5,-3.142,-3.238,0.0,0.0,0.0,-1.0,-1.0
11.704,3.531,2.5,-3.142,-3.232,0.0,0.0,0.0,-1.0,-1.0
11.724,3.467,2.5,-3.142,-3.241,0.0,0.0,0.0,-1.0,-1.0
11.744,3.403,2.5,-3.142,-3.25,-0.0,-0.0,0.0,-1.0,-1.0
11.764,3.338,2.5,-3.142,-3.223,-0.0,-0.0,0.0,-1.0,-1.0
11.784,3.275,2.5,-3.142,-3.15,-0.0,-0.0,0.0,-1.0,-1.0
11.804,3.213,2.5,-3.142,-3.081,0.0,0.0,0.0,-1.0,-1.0
11.824,3.152,2.5,-3.142,-3.001,0.0,0.0,0.0,-1.0,-1.0
11.844,3.094,2.5,-3.142,-2.893,0.0,0.0,0.0,-1.0,-1.0
11.864,3.037,2.5,-3.142,-2.773,0.0,0.0,0.0,-1.0,-1.0
11.884,2.983,2.5,-3.142,-2.653,-0.0,-0.0,0.0,-1.0,-1.0
11.904,2.931,2.5,-3.142,-2.532,-0.0,-0.0,0.0,-1.0,-1.0
11.924,2.882,2.5,-3.142,-2.412,-0.0,-0.0,0.0,-1.0,-1.0
11.944,2.835,2.5,-3.142,-2.291,0.0,0.0,0.0,-1.0,-1.0
11.964,2.79,2.5,-3.142,-2.171,0.0,0.0,0.0,-1.0,-1.0
11.984,2.748,2.5,-3.142,-2.05,0.0,0.0,0.0,-1.0,-1.0
12.004,2.708,2.5,-3.142,-1.93,0.0,0.0,0.0,-1.0,-1.0
12.024,2.671,2.5,-3.142,-1.809,-0.0,-0.0,0.0,-1.0,-1.0
12.044,2.636,2.5,-3.142,-1.689,-0.0,-0.0,0.0,-1.0,-1.0
12.064,2.604,2.5,-3.142,-1.568,-0.0,-0.0,0.0,-1.0,-1.0
12.084,2.573,2.5,-3.142,-1.447,0.0,0.0,0.0,-1.0,-1.0
12.104,2.546,2.5,-3.142,-1.327,0.0,0.0,0.0,-1.0,-1.0
12.124,2.52,2.5,-3.142,-1.206,0.0,0.0,0.0,-1.0,-1.0
12.144,2.498,2.5,-3.142,-1.086,0.0,0.0,0.0,-1.0,-1.0
12.164,2.477,2.5,-3.142,-0.965,-0.0,-0.0,0.0,-1.0,-1.0
12.184,2.459,2.5,-3.142,-0.844,-0.0,-0.0,0.0,-1.0,-1.0
12.204,2.443,2.5,-3.142,-0.724,-0.0,-0.0,0.0,-1.0,-1.0
12.223,2.43,2.5,-3.142,-0.603,0.0,0.0,0.0,-1.0,-1.0
12.243,2.419,2.5,-3.142,-0.483,0.0,0.0,0.0,-1.0,-1.0
12.263,2.411,2.5,-3.142,-0.362,0.0,0.0,0.0,-1.0,-1.0
12.283,2.405,2.5,-3.142,-0.241,0.0,0.0,0.0,-1.0,-1.0
12.303,2.401,2.5,-3.142,-0.121,0.0,0.0,0.0,-1.0,-1.0
12.323,2.4,2.5,-3.142,-0.0,-0.0,-0.0,1.0,-1.0,-1.0
