0.0,6.0,4.0,0.0,0.0,0.0,0.0,3.0,-1.0,-1.0
0.02,6.001,4.0,0.0,0.12,0.013,0.0,0.0,-1.0,-1.0
0.04,6.005,4.001,0.0,0.24,0.026,0.0,0.0,-1.0,-1.0
0.06,6.011,4.001,0.0,0.36,0.039,0.0,0.0,-1.0,-1.0
0.08,6.019,4.002,0.0,0.48,0.053,0.0,0.0,-1.0,-1.0
0.1,6.03,4.003,0.0,0.6,0.066,0.0,0.0,-1.0,-1.0
0.12,6.043,4.005,0.0,0.72,0.079,0.0,0.0,-1.0,-1.0
0.14,6.059,4.006,0.0,0.84,0.092,0.0,0.0,-1.0,-1.0
0.16,6.077,4.008,0.0,0.96,0.105,0.0,0.0,-1.0,-1.0
0.18,6.097,4.011,0.0,1.08,0.118,0.0,0.0,-1.0,-1.0
0.2,6.12,4.013,0.0,1.201,0.132,0.0,0.0,-1.0,-1.0
0.22,6.145,4.016,0.0,1.321,0.145,0.0,0.0,-1.0,-1.0
0.24,6.173,4.019,0.0,1.441,0.158,0.0,0.0,-1.0,-1.0
0.26,6.203,4.022,0.0,1.561,0.171,0.0,0.0,-1.0,-1.0
0.28,6.235,4.026,0.0,1.686,0.185,0.0,0.0,-1.0,-1.0
0.3,6.27,4.03,0.0,1.821,0.2,0.0,0.0,-1.0,-1.0
0.32,6.307,4.034,0.0,1.956,0.214,0.0,0.0,-1.0,-1.0
0.34,6.347,4.038,0.0,2.087,0.229,0.0,0.0,-1.0,-1.0
0.36,6.389,4.043,0.0,2.205,0.242,0.0,0.0,-1.0,-1.0
0.38,6.433,4.047,0.0,2.304,0.252,0.0,0.0,-1.0,-1.0
0.4,6.48,4.053,0.0,2.381,0.261,0.0,0.0,-1.0,-1.0
0.42,6.528,4.058,0.0,2.468,0.271,0.0,0.0,-1.0,-1.0
0.44,6.578,4.063,0.0,2.562,0.281,0.0,0.0,-1.0,-1.0
0.46,6.629,4.069,0.0,2.653,0.291,0.0,0.0,-1.0,-1.0
0.48,6.681,4.075,0.0,2.732,0.299,0.0,0.0,-1.0,-1.0
0.5,6.735,4.081,0.0,2.788,0.306,0.0,0.0,-1.0,-1.0
0.52,6.791,4.087,0.0,2.812,0.309,0.0,0.0,-1.0,-1.0
0.54,6.847,4.093,0.0,2.812,0.309,0.0,0.0,-1.0,-1.0
0.56,6.903,4.099,0.0,2.812,0.309,0.0,0.0,-1.0,-1.0
0.58,6.959,4.105,0.0,2.812,0.31,0.0,0.0,-1.0,-1.0
0.6,7.016,4.111,0.0,2.812,0.31,0.0,0.0,-1.0,-1.0
0.62,7.072,4.118,0.0,2.812,0.311,0.0,0.0,-1.0,-1.0
0.64,7.128,4.124,0.0,2.812,0.311,0.0,0.0,-1.0,-1.0
0.66,7.184,4.13,0.0,2.812,0.312,0.0,0.0,-1.0,-1.0
0.68,7.241,4.136,0.0,2.812,0.313,0.0,0.0,-1.0,-1.0
0.7,7.297,4.143,0.0,2.812,0.314,0.0,0.0,-1.0,-1.0
0.72,7.353,4.149,0.0,2.812,0.315,0.0,0.0,-1.0,-1.0
0.74,7.409,4.155,0.0,2.812,0.316,0.0,0.0,-1.0,-1.0
0.76,7.465,4.162,0.0,2.812,0.317,0.0,0.0,-1.0,-1.0
0.78,7.522,4.168,0.0,2.811,0.318,0.0,0.0,-1.0,-1.0
0.8,7.578,4.174,0.0,2.811,0.319,0.0,0.0,-1.0,-1.0
0.82,7.634,4.181,0.0,2.811,0.321,0.0,0.0,-1.0,-1.0
0.84,7.69,4.187,0.0,2.811,0.323,0.0,0.0,-1.0,-1.0
0.86,7.746,4.194,0.0,2.811,0.325,0.0,0.0,-1.0,-1.0
0.88,7.803,4.2,0.0,2.811,0.326,0.0,0.0,-1.0,-1.0
0.9,7.859,4.206,0.0,2.811,0.325,0.0,0.0,-1.0,-1.0
0.92,7.915,4.213,0.0,2.811,0.323,0.0,0.0,-1.0,-1.0
0.94,7.971,4.219,0.0,2.811,0.323,0.0,0.0,-1.0,-1.0
0.96,8.027,4.226,0.0,2.811,0.324,0.0,0.0,-1.0,-1.0
0.98,8.084,4.232,0.0,2.811,0.325,0.0,0.0,-1.0,-1.0
1.0,8.14,4.238,0.0,2.811,0.323,0.0,0.0,-1.0,-1.0
1.02,8.196,4.245,0.0,2.812,0.319,0.0,0.0,-1.0,-1.0
1.04,8.252,4.251,0.0,2.813,0.309,0.0,0.0,-1.0,-1.0
1.06,8.308,4.257,0.0,2.814,0.297,0.0,0.0,-1.0,-1.0
1.079,8.365,4.263,0.0,2.815,0.288,0.0,0.0,-1.0,-1.0
1.099,8.421,4.268,0.0,2.817,0.28,0.0,0.0,-1.0,-1.0
1.119,8.477,4.273,0.0,2.818,0.271,0.0,0.0,-1.0,-1.0
1.139,8.534,4.278,0.0,2.819,0.257,0.0,0.0,-1.0,-1.0
1.159,8.59,4.283,0.0,2.82,0.236,0.0,0.0,-1.0,-1.0
1.179,8.646,4.287,0.0,2.822,0.206,-0.0,0.0,-1.0,-1.0
1.199,8.703,4.291,0.0,2.823,0.167,-0.0,0.0,-1.0,-1.0
1.219,8.759,4.294,0.0,2.825,0.123,-0.0,0.0,-1.0,-1.0
1.239,8.816,4.297,0.0,2.827,0.08,-0.0,0.0,-1.0,-1.0
1.259,8.872,4.298,0.0,2.829,0.042,-0.0,0.0,-1.0,-1.0
1.279,8.929,4.299,0.0,2.83,0.014,-0.0,0.0,-1.0,-1.0
1.299,8.985,4.3,0.0,2.829,0.001,-0.0,0.0,-1.0,-1.0
1.319,9.042,4.3,0.0,2.828,0.0,0.0,0.0,-1.0,-1.0
1.339,9.098,4.3,-0.0,2.825,0.0,0.0,0.0,-1.0,-1.0
1.359,9.155,4.3,0.0,2.817,-0.0,-0.0,0.0,-1.0,-1.0
1.379,9.211,4.3,0.0,2.796,0.0,0.0,0.0,-1.0,-1.0
1.399,9.266,4.3,-0.0,2.76,0.0,0.0,0.0,-1.0,-1.0
1.419,9.321,4.3,-0.0,2.702,-0.0,-0.0,0.0,-1.0,-1.0
1.439,9.374,4.3,0.0,2.626,-0.0,-0.0,0.0,-1.0,-1.0
1.459,9.426,4.3,-0.0,2.53,0.0,0.0,0.0,-1.0,-1.0
1.479,9.475,4.3,-0.0,2.421,0.0,0.0,0.0,-1.0,-1.0
1.499,9.523,4.3,0.0,2.304,-0.0,-0.0,0.0,-1.0,-1.0
1.519,9.567,4.3,0.0,2.185,0.0,0.0,0.0,-1.0,-1.0
1.539,9.61,4.3,-0.0,2.066,0.0,0.0,0.0,-1.0,-1.0
1.559,9.65,4.3,-0.0,1.946,-0.0,-0.0,0.0,-1.0,-1.0
1.579,9.688,4.3,0.0,1.816,0.006,0.017,0.0,-1.0,-1.0
1.599,9.723,4.3,-0.001,1.777,-0.044,-0.123,0.0,-1.0,-1.0
1.619,9.759,4.298,-0.005,1.764,-0.109,-0.311,0.0,-1.0,-1.0
1.639,9.794,4.295,-0.013,1.751,-0.175,-0.497,0.0,-1.0,-1.0
1.659,9.829,4.291,-0.025,1.736,-0.242,-0.681,0.0,-1.0,-1.0
1.679,9.863,4.286,-0.04,1.722,-0.309,-0.866,0.0,-1.0,-1.0
1.699,9.898,4.279,-0.059,1.707,-0.376,-1.05,0.0,-1.0,-1.0
1.719,9.932,4.271,-0.082,1.689,-0.444,-1.23,0.0,-1.0,-1.0
1.739,9.965,4.261,-0.109,1.67,-0.512,-1.409,0.0,-1.0,-1.0
1.759,9.998,4.25,-0.138,1.651,-0.581,-1.588,0.0,-1.0,-1.0
1.779,10.031,4.238,-0.172,1.628,-0.65,-1.763,0.0,-1.0,-1.0
1.799,10.063,4.224,-0.209,1.598,-0.722,-1.929,0.0,-1.0,-1.0
1.819,10.095,4.209,-0.249,1.572,-0.794,-2.098,0.0,-1.0,-1.0
1.839,10.126,4.192,-0.292,1.541,-0.865,-2.264,0.0,-1.0,-1.0
1.859,10.156,4.174,-0.339,1.495,-0.935,-2.413,0.0,-1.0,-1.0
1.879,10.185,4.155,-0.389,1.448,-1.007,-2.562,0.0,-1.0,-1.0
1.899,10.213,4.134,-0.441,1.401,-1.08,-2.71,0.0,-1.0,-1.0
1.919,10.241,4.112,-0.496,1.339,-1.142,-2.842,0.0,-1.0,-1.0
1.939,10.267,4.089,-0.554,1.259,-1.194,-2.957,0.0,-1.0,-1.0
1.959,10.291,4.065,-0.614,1.181,-1.248,-3.075,0.0,-1.0,-1.0
1.979,10.313,4.039,-0.677,1.097,-1.296,-3.184,0.0,-1.0,-1.0
1.999,10.334,4.013,-0.741,1.0,-1.329,-3.276,0.0,-1.0,-1.0
2.019,10.353,3.986,-0.808,0.899,-1.36,-3.37,0.0,-1.0,-1.0
2.039,10.37,3.959,-0.876,0.797,-1.39,-3.459,0.0,-1.0,-1.0
2.059,10.385,3.931,-0.945,0.695,-1.413,-3.531,0.0,-1.0,-1.0
2.079,10.398,3.903,-1.016,0.589,-1.43,-3.595,0.0,-1.0,-1.0
2.099,10.409,3.874,-1.089,0.483,-1.448,-3.662,0.0,-1.0,-1.0
2.119,10.418,3.845,-1.162,0.381,-1.463,-3.713,0.0,-1.0,-1.0
2.139,10.424,3.815,-1.237,0.288,-1.473,-3.742,0.0,-1.0,-1.0
2.159,10.429,3.786,-1.312,0.194,-1.483,-3.776,0.0,-1.0,-1.0
2.179,10.432,3.756,-1.387,0.102,-1.493,-3.801,0.0,-1.0,-1.0
2.199,10.433,3.726,-1.463,0.014,-1.502,-3.803,0.0,-1.0,-1.0
2.219,10.433,3.696,-1.539,-0.074,-1.514,-3.805,0.0,-1.0,-1.0
2.239,10.431,3.666,-1.615,-0.162,-1.526,-3.804,0.0,-1.0,-1.0
2.259,10.427,3.635,-1.69,-0.242,-1.529,-3.782,0.0,-1.0,-1.0
2.279,10.421,3.605,-1.766,-0.32,-1.525,-3.745,0.0,-1.0,-1.0
2.299,10.414,3.574,-1.84,-0.402,-1.52,-3.711,0.0,-1.0,-1.0
2.319,10.406,3.544,-1.913,-0.471,-1.514,-3.665,0.0,-1.0,-1.0
2.339,10.396,3.514,-1.986,-0.516,-1.505,-3.597,0.0,-1.0,-1.0
2.359,10.385,3.484,-2.057,-0.563,-1.491,-3.529,0.0,-1.0,-1.0
2.379,10.374,3.454,-2.127,-0.605,-1.481,-3.458,0.0,-1.0,-1.0
2.399,10.361,3.424,-2.195,-0.631,-1.485,-3.37,0.0,-1.0,-1.0
2.419,10.349,3.395,-2.261,-0.648,-1.493,-3.278,0.0,-1.0,-1.0
2.439,10.335,3.364,-2.326,-0.665,-1.5,-3.187,0.0,-1.0,-1.0
2.459,10.322,3.334,-2.388,-0.682,-1.517,-3.085,0.0,-1.0,-1.0
2.479,10.308,3.304,-2.449,-0.695,-1.546,-2.973,0.0,-1.0,-1.0
2.499,10.294,3.272,-2.507,-0.705,-1.574,-2.862,0.0,-1.0,-1.0
2.519,10.28,3.241,-2.563,-0.721,-1.605,-2.747,0.0,-1.0,-1.0
2.539,10.265,3.208,-2.617,-0.75,-1.641,-2.621,0.0,-1.0,-1.0
2.559,10.25,3.175,-2.668,-0.776,-1.681,-2.494,0.0,-1.0,-1.0
2.579,10.233,3.141,-2.716,-0.805,-1.72,-2.365,0.0,-1.0,-1.0
2.599,10.217,3.106,-2.762,-0.852,-1.753,-2.231,0.0,-1.0,-1.0
2.619,10.199,3.071,-2.805,-0.91,-1.786,-2.092,0.0,-1.0,-1.0
2.639,10.18,3.035,-2.846,-0.965,-1.82,-1.953,0.0,-1.0,-1.0
2.659,10.16,2.999,-2.883,-1.032,-1.845,-1.814,0.0,-1.0,-1.0
2.679,10.139,2.962,-2.918,-1.116,-1.858,-1.675,0.0,-1.0,-1.0
2.699,10.115,2.924,-2.95,-1.2,-1.873,-1.533,0.0,-1.0,-1.0
2.719,10.09,2.887,-2.98,-1.286,-1.883,-1.395,0.0,-1.0,-1.0
2.739,10.064,2.85,-3.006,-1.377,-1.878,-1.266,0.0,-1.0,-1.0
2.759,10.035,2.812,-3.031,-1.471,-1.871,-1.137,0.0,-1.0,-1.0
2.779,10.005,2.775,-3.052,-1.564,-1.863,-1.009,0.0,-1.0,-1.0
2.799,9.973,2.738,-3.071,-1.657,-1.844,-0.889,0.0,-1.0,-1.0
2.819,9.939,2.701,-3.088,-1.751,-1.815,-0.776,0.0,-1.0,-1.0
2.839,9.903,2.666,-3.102,-1.845,-1.788,-0.662,0.0,-1.0,-1.0
2.859,9.865,2.63,-3.114,-1.938,-1.755,-0.551,0.0,-1.0,-1.0
2.879,9.825,2.596,-3.124,-2.028,-1.714,-0.442,0.0,-1.0,-1.0
2.899,9.784,2.562,-3.132,-2.125,-1.684,-0.314,0.0,-1.0,-1.0
2.919,9.741,2.529,-3.138,-2.216,-1.644,-0.201,0.0,-1.0,-1.0
2.939,9.696,2.497,-3.142,-2.289,-1.565,-0.144,0.0,-1.0,-1.0
2.959,9.65,2.467,-3.144,-2.355,-1.463,-0.118,0.0,-1.0,-1.0
2.979,9.602,2.439,-3.147,-2.427,-1.363,-0.089,0.0,-1.0,-1.0
2.999,9.553,2.413,-3.148,-2.5,-1.263,-0.06,0.0,-1.0,-1.0
3.019,9.503,2.389,-3.15,-2.569,-1.162,-0.033,0.0,-1.0,-1.0
3.039,9.452,2.367,-3.151,-2.627,-1.058,-0.012,0.0,-1.0,-1.0
3.059,9.4,2.347,-3.151,-2.67,-0.95,0.002,0.0,-1.0,-1.0
3.079,9.346,2.329,-3.151,-2.695,-0.836,0.005,0.0,-1.0,-1.0
3.099,9.292,2.313,-3.151,-2.72,-0.708,0.008,0.0,-1.0,-1.0
3.119,9.238,2.3,-3.151,-2.748,-0.574,0.01,0.0,-1.0,-1.0
3.139,9.183,2.289,-3.15,-2.774,-0.441,0.012,0.0,-1.0,-1.0
3.159,9.127,2.28,-3.15,-2.798,-0.319,0.014,0.0,-1.0,-1.0
3.179,9.072,2.274,-3.15,-2.815,-0.215,0.016,0.0,-1.0,-1.0
3.198,9.016,2.27,-3.15,-2.823,-0.137,0.016,0.0,-1.0,-1.0
3.218,8.959,2.267,-3.149,-2.822,-0.081,0.014,0.0,-1.0,-1.0
3.238,8.903,2.266,-3.149,-2.822,-0.017,0.013,0.0,-1.0,-1.0
3.258,8.846,2.266,-3.149,-2.821,0.048,0.012,0.0,-1.0,-1.0
3.278,8.79,2.267,-3.149,-2.821,0.111,0.01,0.0,-1.0,-1.0
3.298,8.734,2.269,-3.148,-2.82,0.166,0.009,0.0,-1.0,-1.0
3.318,8.677,2.272,-3.148,-2.819,0.206,0.008,0.0,-1.0,-1.0
3.338,8.621,2.276,-3.148,-2.818,0.227,0.008,0.0,-1.0,-1.0
3.358,8.565,2.281,-3.148,-2.817,0.241,0.008,0.0,-1.0,-1.0
3.378,8.508,2.286,-3.148,-2.816,0.256,0.007,0.0,-1.0,-1.0
3.398,8.452,2.291,-3.148,-2.814,0.272,0.007,0.0,-1.0,-1.0
3.418,8.396,2.296,-3.147,-2.813,0.286,0.007,0.0,-1.0,-1.0
3.438,8.34,2.302,-3.147,-2.812,0.297,0.007,0.0,-1.0,-1.0
3.458,8.283,2.308,-3.147,-2.812,0.303,0.007,0.0,-1.0,-1.0
3.478,8.227,2.314,-3.147,-2.812,0.302,0.007,0.0,-1.0,-1.0
3.498,8.171,2.32,-3.147,-2.812,0.301,0.007,0.0,-1.0,-1.0
3.518,8.115,2.326,-3.147,-2.812,0.299,0.007,0.0,-1.0,-1.0
3.538,8.058,2.332,-3.147,-2.812,0.297,0.007,0.0,-1.0,-1.0
3.558,8.002,2.338,-3.147,-2.812,0.296,0.007,0.0,-1.0,-1.0
3.578,7.946,2.343,-3.146,-2.812,0.294,0.007,0.0,-1.0,-1.0
3.598,7.89,2.349,-3.146,-2.813,0.291,0.007,0.0,-1.0,-1.0
3.618,7.834,2.355,-3.146,-2.813,0.289,0.007,0.0,-1.0,-1.0
3.638,7.777,2.361,-3.146,-2.813,0.286,0.007,0.0,-1.0,-1.0
3.658,7.721,2.367,-3.146,-2.813,0.283,0.007,0.0,-1.0,-1.0
3.678,7.665,2.372,-3.146,-2.814,0.28,0.007,0.0,-1.0,-1.0
3.698,7.609,2.378,-3.145,-2.814,0.277,0.007,0.0,-1.0,-1.0
3.718,7.552,2.383,-3.145,-2.814,0.275,0.007,0.0,-1.0,-1.0
3.738,7.496,2.389,-3.145,-2.814,0.274,0.007,0.0,-1.0,-1.0
3.758,7.44,2.394,-3.145,-2.814,0.274,0.007,0.0,-1.0,-1.0
3.778,7.384,2.4,-3.145,-2.814,0.273,0.007,0.0,-1.0,-1.0
3.798,7.327,2.405,-3.145,-2.814,0.273,0.007,0.0,-1.0,-1.0
3.818,7.271,2.411,-3.145,-2.814,0.273,0.007,0.0,-1.0,-1.0
3.838,7.215,2.416,-3.144,-2.815,0.272,0.007,0.0,-1.0,-1.0
3.858,7.158,2.421,-3.144,-2.815,0.27,0.008,0.0,-1.0,-1.0
3.878,7.102,2.427,-3.144,-2.815,0.268,0.008,0.0,-1.0,-1.0
3.898,7.046,2.432,-3.144,-2.815,0.268,0.008,0.0,-1.0,-1.0
3.918,6.99,2.437,-3.144,-2.815,0.268,0.008,0.0,-1.0,-1.0
3.938,6.933,2.443,-3.144,-2.815,0.269,0.008,0.0,-1.0,-1.0
3.958,6.877,2.448,-3.144,-2.815,0.267,0.008,0.0,-1.0,-1.0
3.978,6.821,2.453,-3.143,-2.815,0.264,0.008,0.0,-1.0,-1.0
3.998,6.765,2.458,-3.143,-2.816,0.256,0.008,0.0,-1.0,-1.0
4.018,6.708,2.463,-3.143,-2.817,0.246,0.008,0.0,-1.0,-1.0
4.038,6.652,2.468,-3.143,-2.818,0.239,0.008,0.0,-1.0,-1.0
4.058,6.596,2.472,-3.143,-2.818,0.233,0.009,0.0,-1.0,-1.0
4.078,6.539,2.477,-3.143,-2.819,0.226,0.009,0.0,-1.0,-1.0
4.098,6.483,2.481,-3.142,-2.82,0.215,0.009,0.0,-1.0,-1.0
4.118,6.426,2.485,-3.142,-2.821,0.2,0.009,0.0,-1.0,-1.0
4.138,6.37,2.488,-3.142,-2.822,0.176,0.008,0.0,-1.0,-1.0
4.158,6.314,2.492,-3.142,-2.823,0.145,0.006,0.0,-1.0,-1.0
4.178,6.257,2.494,-3.142,-2.825,0.11,0.005,0.0,-1.0,-1.0
4.198,6.201,2.497,-3.142,-2.826,0.075,0.003,0.0,-1.0,-1.0
4.218,6.144,2.498,-3.142,-2.828,0.042,0.002,0.0,-1.0,-1.0
4.238,6.088,2.499,-3.142,-2.829,0.017,0.001,0.0,-1.0,-1.0
4.258,6.031,2.5,-3.142,-2.829,0.002,0.0,0.0,-1.0,-1.0
4.278,5.975,2.5,-3.142,-2.829,-0.0,-0.0,0.0,-1.0,-1.0
4.298,5.918,2.5,-3.142,-2.829,0.0,0.0,0.0,-1.0,-1.0
4.318,5.862,2.5,-3.142,-2.829,0.0,0.0,0.0,-1.0,-1.0
4.338,5.805,2.5,-3.142,-2.829,0.0,0.0,0.0,-1.0,-1.0
4.358,5.748,2.5,-3.142,-2.829,0.0,0.0,0.0,-1.0,-1.0
4.378,5.692,2.5,-3.142,-2.829,-0.0,-0.0,0.0,-1.0,-1.0
4.398,5.635,2.5,-3.142,-2.829,-0.0,-0.0,0.0,-1.0,-1.0
4.418,5.579,2.5,-3.142,-2.829,-0.0,-0.0,0.0,-1.0,-1.0
4.438,5.522,2.5,-3.142,-2.829,-0.0,-0.0,0.0,-1.0,-1.0
4.458,5.466,2.5,-3.142,-2.829,0.0,0.0,0.0,-1.0,-1.0
4.478,5.409,2.5,-3.142,-2.829,0.0,0.0,0.0,-1.0,-1.0
4.498,5.353,2.5,-3.142,-2.829,0.0,0.0,0.0,-1.0,-1.0
4.518,5.296,2.5,-3.142,-2.829,0.0,0.0,0.0,-1.0,-1.0
4.538,5.239,2.5,-3.142,-2.829,-0.0,-0.0,0.0,-1.0,-1.0
4.558,5.183,2.5,-3.142,-2.829,-0.0,-0.0,0.0,-1.0,-1.0
4.578,5.126,2.5,-3.142,-2.829,-0.0,-0.0,0.0,-1.0,-1.0
4.598,5.07,2.5,-3.142,-2.829,0.0,0.0,0.0,-1.0,-1.0
4.618,5.013,2.5,-3.142,-2.829,0.0,0.0,0.0,-1.0,-1.0
4.638,4.957,2.5,-3.142,-2.829,0.0,0.0,0.0,-1.0,-1.0
4.658,4.9,2.5,-3.142,-2.829,0.0,0.0,0.0,-1.0,-1.0
4.678,4.844,2.5,-3.142,-2.829,-0.0,-0.0,0.0,-1.0,-1.0
4.698,4.787,2.5,-3.142,-2.829,-0.0,-0.0,0.0,-1.0,-1.0
4.718,4.73,2.5,-3.142,-2.829,-0.0,-0.0,0.0,-1.0,-1.0
4.738,4.674,2.5,-3.142,-2.829,-0.0,-0.0,0.0,-1.0,-1.0
4.758,4.617,2.5,-3.142,-2.829,0.0,0.0,0.0,-1.0,-1.0
4.778,4.561,2.5,-3.142,-2.829,0.0,0.0,0.0,-1.0,-1.0
4.798,4.504,2.5,-3.142,-2.829,0.0,0.0,0.0,-1.0,-1.0
4.818,4.448,2.5,-3.142,-2.829,0.0,0.0,0.0,-1.0,-1.0
4.838,4.391,2.5,-3.142,-2.829,-0.0,-0.0,0.0,-1.0,-1.0
4.858,4.335,2.5,-3.142,-2.829,-0.0,-0.0,0.0,-1.0,-1.0
4.878,4.278,2.5,-3.142,-2.829,-0.0,-0.0,0.0,-1.0,-1.0
4.898,4.222,2.5,-3.142,-2.829,-0.0,-0.0,0.0,-1.0,-1.0
4.918,4.165,2.5,-3.142,-2.829,0.0,0.0,0.0,-1.0,-1.0
4.938,4.108,2.5,-3.142,-2.829,0.0,0.0,0.0,-1.0,-1.0
4.958,4.052,2.5,-3.142,-2.829,0.0,0.0,0.0,-1.0,-1.0
4.978,3.995,2.5,-3.142,-2.829,-0.0,-0.0,0.0,-1.0,-1.0
4.998,3.939,2.5,-3.142,-2.829,-0.0,-0.0,0.0,-1.0,-1.0
5.018,3.882,2.5,-3.142,-2.829,-0.0,-0.0,0.0,-1.0,-1.0
5.038,3.826,2.5,-3.142,-2.829,-0.0,-0.0,0.0,-1.0,-1.0
5.058,3.769,2.5,-3.142,-2.829,0.0,0.0,0.0,-1.0,-1.0
5.078,3.713,2.5,-3.142,-2.829,0.0,0.0,0.0,-1.0,-1.0
5.098,3.656,2.5,-3.142,-2.829,0.0,0.0,0.0,-1.0,-1.0
5.118,3.599,2.5,-3.142,-2.829,0.0,0.0,0.0,-1.0,-1.0
5.138,3.543,2.5,-3.142,-2.829,-0.0,-0.0,0.0,-1.0,-1.0
5.158,3.486,2.5,-3.142,-2.829,-0.0,-0.0,0.0,-1.0,-1.0
5.178,3.43,2.5,-3.142,-2.829,-0.0,-0.0,0.0,-1.0,-1.0
5.198,3.373,2.5,-3.142,-2.837,-0.0,-0.0,0.0,-1.0,-1.0
5.218,3.317,2.5,-3.142,-2.845,0.0,0.0,0.0,-1.0,-1.0
5.238,3.26,2.5,-3.142,-2.842,0.0,0.0,0.0,-1.0,-1.0
5.258,3.204,2.5,-3.142,-2.82,0.0,0.0,0.0,-1.0,-1.0
5.278,3.148,2.5,-3.142,-2.815,0.0,0.0,0.0,-1.0,-1.0
5.298,3.092,2.5,-3.142,-2.805,-0.0,-0.0,0.0,-1.0,-1.0
5.317,3.037,2.5,-3.142,-2.752,-0.0,-0.0,0.0,-1.0,-1.0
5.337,2.984,2.5,-3.142,-2.642,-0.0,-0.0,0.0,-1.0,-1.0
5.357,2.932,2.5,-3.142,-2.527,0.0,0.0,0.0,-1.0,-1.0
5.377,2.883,2.5,-3.142,-2.411,0.0,0.0,0.0,-1.0,-1.0
5.397,2.836,2.5,-3.142,-2.293,0.0,0.0,0.0,-1.0,-1.0
5.417,2.791,2.5,-3.142,-2.173,0.0,0.0,0.0,-1.0,-1.0
5.437,2.749,2.5,-3.142,-2.052,-0.0,-0.0,0.0,-1.0,-1.0
5.457,2.709,2.5,-3.142,-1.931,-0.0,-0.0,0.0,-1.0,-1.0
5.477,2.672,2.5,-3.142,-1.811,-0.0,-0.0,0.0,-1.0,-1.0
5.497,2.637,2.5,-3.142,-1.69,-0.0,-0.0,0.0,-1.0,-1.0
5.517,2.604,2.5,-3.142,-1.569,0.0,0.0,0.0,-1.0,-1.0
5.537,2.574,2.5,-3.142,-1.449,0.0,0.0,0.0,-1.0,-1.0
5.557,2.546,2.5,-3.142,-1.328,0.0,0.0,0.0,-1.0,-1.0
5.577,2.521,2.5,-3.142,-1.207,0.0,0.0,0.0,-1.0,-1.0
5.597,2.498,2.5,-3.142,-1.087,-0.0,-0.0,0.0,-1.0,-1.0
5.617,2.477,2.5,-3.142,-0.966,-0.0,-0.0,0.0,-1.0,-1.0
5.637,2.459,2.5,-3.142,-0.845,-0.0,-0.0,0.0,-1.0,-1.0
5.657,2.443,2.5,-3.142,-0.724,-0.0,-0.0,0.0,-1.0,-1.0
5.677,2.43,2.5,-3.142,-0.604,0.0,0.0,0.0,-1.0,-1.0
5.697,2.419,2.5,-3.142,-0.483,0.0,0.0,0.0,-1.0,-1.0
5.717,2.411,2.5,-3.142,-0.362,0.0,0.0,0.0,-1.0,-1.0
5.737,2.405,2.5,-3.142,-0.241,0.0,0.0,0.0,-1.0,-1.0
5.757,2.401,2.5,-3.142,-0.121,0.0,0.0,0.0,-1.0,-1.0
5.777,2.4,2.5,-3.142,0.0,-0.0,-0.0,1.0,-1.0,-1.0
