0.0,7.0,2.5,-0.0,-0.0,-0.0,-0.0,3.0,-1.0,-1.0
0.02,7.0,2.5,0.0,0.019,0.043,0.0,0.0,-1.0,-1.0
0.04,7.001,2.502,0.0,0.038,0.087,0.0,0.0,-1.0,-1.0
0.06,7.002,2.504,0.0,0.057,0.131,0.0,0.0,-1.0,-1.0
0.08,7.003,2.507,0.0,0.076,0.175,0.0,0.0,-1.0,-1.0
0.1,7.005,2.511,0.0,0.095,0.218,0.0,0.0,-1.0,-1.0
0.12,7.007,2.515,0.0,0.114,0.262,0.0,0.0,-1.0,-1.0
0.14,7.009,2.521,0.0,0.134,0.304,0.0,0.0,-1.0,-1.0
0.16,7.012,2.527,0.0,0.153,0.346,0.0,0.0,-1.0,-1.0
0.18,7.016,2.534,0.0,0.173,0.387,0.0,0.0,-1.0,-1.0
0.2,7.019,2.543,0.0,0.192,0.425,0.0,0.0,-1.0,-1.0
0.22,7.023,2.551,0.0,0.212,0.464,0.0,0.0,-1.0,-1.0
0.24,7.028,2.561,0.0,0.232,0.504,0.0,0.0,-1.0,-1.0
0.26,7.033,2.572,0.0,0.251,0.543,0.0,0.0,-1.0,-1.0
0.28,7.038,2.583,0.0,0.271,0.583,0.0,0.0,-1.0,-1.0
0.3,7.043,2.595,0.0,0.291,0.623,0.0,0.0,-1.0,-1.0
0.32,7.05,2.607,0.0,0.31,0.662,0.0,0.0,-1.0,-1.0
0.34,7.056,2.621,0.0,0.33,0.7,0.0,0.0,-1.0,-1.0
0.36,7.063,2.635,0.0,0.35,0.737,0.0,0.0,-1.0,-1.0
0.38,7.07,2.65,0.0,0.371,0.773,0.0,0.0,-1.0,-1.0
0.4,7.078,2.666,0.0,0.392,0.806,0.0,0.0,-1.0,-1.0
0.42,7.086,2.682,0.0,0.413,0.84,0.0,0.0,-1.0,-1.0
0.44,7.094,2.699,0.0,0.434,0.875,0.0,0.0,-1.0,-1.0
0.46,7.103,2.717,0.0,0.455,0.91,0.0,0.0,-1.0,-1.0
0.48,7.112,2.736,0.0,0.475,0.945,0.0,0.0,-1.0,-1.0
0.5,7.122,2.755,0.0,0.496,0.98,0.0,0.0,-1.0,-1.0
0.52,7.132,2.774,0.0,0.517,1.015,0.0,0.0,-1.0,-1.0
0.54,7.143,2.795,0.0,0.538,1.047,0.0,0.0,-1.0,-1.0
0.56,7.154,2.816,0.0,0.56,1.079,0.0,0.0,-1.0,-1.0
0.58,7.166,2.838,0.0,0.583,1.107,0.0,0.0,-1.0,-1.0
0.6,7.177,2.86,0.0,0.606,1.134,0.0,0.0,-1.0,-1.0
0.62,7.19,2.883,0.0,0.629,1.16,0.0,0.0,-1.0,-1.0
0.64,7.203,2.906,0.0,0.652,1.189,0.0,0.0,-1.0,-1.0
0.66,7.216,2.93,0.0,0.674,1.218,0.0,0.0,-1.0,-1.0
0.68,7.23,2.955,0.0,0.697,1.248,0.0,0.0,-1.0,-1.0
0.7,7.244,2.98,0.0,0.72,1.276,0.0,0.0,-1.0,-1.0
0.72,7.259,3.005,0.0,0.743,1.304,0.0,0.0,-1.0,-1.0
0.74,7.274,3.031,0.0,0.766,1.328,0.0,0.0,-1.0,-1.0
0.76,7.289,3.057,0.0,0.79,1.35,0.0,0.0,-1.0,-1.0
0.78,7.306,3.084,0.0,0.815,1.368,0.0,0.0,-1.0,-1.0
0.8,7.322,3.112,0.0,0.842,1.382,0.0,0.0,-1.0,-1.0
0.82,7.339,3.14,0.0,0.868,1.397,0.0,0.0,-1.0,-1.0
0.84,7.357,3.168,0.0,0.895,1.415,0.0,0.0,-1.0,-1.0
0.86,7.375,3.196,0.0,0.922,1.434,0.0,0.0,-1.0,-1.0
0.88,7.394,3.224,0.0,0.949,1.453,0.0,0.0,-1.0,-1.0
0.9,7.413,3.253,0.0,0.976,1.471,0.0,0.0,-1.0,-1.0
0.92,7.433,3.282,0.0,1.003,1.486,0.0,0.0,-1.0,-1.0
0.94,7.453,3.311,0.0,1.029,1.497,0.0,0.0,-1.0,-1.0
0.96,7.474,3.341,0.0,1.055,1.504,0.0,0.0,-1.0,-1.0
0.98,7.495,3.37,0.0,1.08,1.504,0.0,0.0,-1.0,-1.0
1.0,7.517,3.4,0.0,1.105,1.497,0.0,0.0,-1.0,-1.0
1.02,7.539,3.43,0.0,1.131,1.49,0.0,0.0,-1.0,-1.0
1.04,7.562,3.46,0.0,1.158,1.486,0.0,0.0,-1.0,-1.0
1.06,7.585,3.489,0.0,1.185,1.482,0.0,0.0,-1.0,-1.0
1.08,7.609,3.519,0.0,1.212,1.478,0.0,0.0,-1.0,-1.0
1.1,7.633,3.548,0.0,1.239,1.473,0.0,0.0,-1.0,-1.0
1.12,7.658,3.577,0.0,1.264,1.467,0.0,0.0,-1.0,-1.0
1.14,7.684,3.605,0.0,1.289,1.457,0.0,0.0,-1.0,-1.0
1.16,7.709,3.634,0.0,1.311,1.443,0.0,0.0,-1.0,-1.0
1.18,7.736,3.662,0.0,1.33,1.425,0.0,0.0,-1.0,-1.0
1.2,7.762,3.691,0.0,1.347,1.401,0.0,0.0,-1.0,-1.0
1.22,7.789,3.718,0.0,1.365,1.377,0.0,0.0,-1.0,-1.0
1.24,7.817,3.746,0.0,1.382,1.354,0.0,0.0,-1.0,-1.0
1.26,7.845,3.772,0.0,1.401,1.331,0.0,0.0,-1.0,-1.0
1.28,7.873,3.799,0.0,1.419,1.309,0.0,0.0,-1.0,-1.0
1.3,7.901,3.824,0.0,1.437,1.286,-0.0,0.0,-1.0,-1.0
1.32,7.93,3.85,0.0,1.454,1.261,-0.0,0.0,-1.0,-1.0
1.34,7.959,3.874,0.0,1.47,1.236,-0.0,0.0,-1.0,-1.0
1.36,7.988,3.899,0.0,1.484,1.208,-0.0,0.0,-1.0,-1.0
1.38,8.018,3.922,0.0,1.496,1.177,-0.0,0.0,-1.0,-1.0
1.4,8.048,3.945,0.0,1.507,1.144,-0.0,0.0,-1.0,-1.0
1.42,8.078,3.968,0.0,1.517,1.111,-0.0,0.0,-1.0,-1.0
1.44,8.109,3.99,0.0,1.528,1.079,-0.0,0.0,-1.0,-1.0
1.46,8.139,4.011,0.0,1.54,1.047,-0.0,0.0,-1.0,-1.0
1.48,8.17,4.032,0.0,1.551,1.015,-0.0,0.0,-1.0,-1.0
1.5,8.201,4.051,0.0,1.562,0.982,-0.0,0.0,-1.0,-1.0
1.52,8.232,4.071,0.0,1.572,0.949,-0.0,0.0,-1.0,-1.0
1.54,8.264,4.089,0.0,1.582,0.915,-0.0,0.0,-1.0,-1.0
1.56,8.295,4.107,0.0,1.59,0.879,-0.0,0.0,-1.0,-1.0
1.58,8.327,4.124,0.0,1.598,0.842,-0.0,0.0,-1.0,-1.0
1.6,8.359,4.14,0.0,1.604,0.803,-0.0,0.0,-1.0,-1.0
1.62,8.391,4.156,0.0,1.61,0.765,-0.0,0.0,-1.0,-1.0
1.64,8.424,4.171,0.0,1.617,0.726,-0.0,0.0,-1.0,-1.0
1.66,8.456,4.185,0.0,1.623,0.689,-0.0,0.0,-1.0,-1.0
1.68,8.488,4.198,0.0,1.63,0.651,-0.0,0.0,-1.0,-1.0
1.7,8.521,4.211,0.0,1.637,0.612,-0.0,0.0,-1.0,-1.0
1.72,8.554,4.223,0.0,1.643,0.574,-0.0,0.0,-1.0,-1.0
1.74,8.587,4.234,0.0,1.648,0.534,-0.0,0.0,-1.0,-1.0
1.76,8.62,4.244,0.0,1.653,0.493,-0.0,0.0,-1.0,-1.0
1.78,8.653,4.253,0.0,1.657,0.451,-0.0,0.0,-1.0,-1.0
1.8,8.686,4.262,0.0,1.661,0.407,-0.0,0.0,-1.0,-1.0
1.82,8.719,4.269,0.0,1.665,0.356,-0.0,0.0,-1.0,-1.0
1.84,8.752,4.276,0.0,1.67,0.3,-0.0,0.0,-1.0,-1.0
1.86,8.786,4.282,0.0,1.675,0.242,-0.001,0.0,-1.0,-1.0
1.88,8.819,4.287,0.0,1.68,0.185,-0.001,0.0,-1.0,-1.0
1.9,8.853,4.292,0.0,1.684,0.131,-0.001,0.0,-1.0,-1.0
1.92,8.886,4.295,0.0,1.688,0.083,-0.001,0.0,-1.0,-1.0
1.94,8.92,4.298,0.0,1.69,0.044,-0.001,0.0,-1.0,-1.0
1.96,8.953,4.299,0.0,1.691,0.016,-0.001,0.0,-1.0,-1.0
1.98,8.987,4.3,0.0,1.69,0.001,-0.0,0.0,-1.0,-1.0
2.0,9.021,4.3,-0.0,1.688,-0.0,0.0,0.0,-1.0,-1.0
2.02,9.055,4.3,0.0,1.683,0.0,-0.0,0.0,-1.0,-1.0
2.04,9.088,4.3,-0.0,1.675,0.0,-0.0,0.0,-1.0,-1.0
2.06,9.122,4.3,0.0,1.665,-0.0,0.0,0.0,-1.0,-1.0
2.08,9.155,4.3,-0.0,1.655,0.0,-0.0,0.0,-1.0,-1.0
2.1,9.188,4.3,0.0,1.644,-0.0,0.0,0.0,-1.0,-1.0
2.12,9.221,4.3,0.0,1.632,0.0,-0.0,0.0,-1.0,-1.0
2.14,9.253,4.3,-0.0,1.62,-0.0,0.0,0.0,-1.0,-1.0
2.16,9.285,4.3,0.0,1.607,0.0,-0.0,0.0,-1.0,-1.0
2.18,9.317,4.3,-0.0,1.593,-0.0,0.0,0.0,-1.0,-1.0
2.2,9.349,4.3,0.0,1.579,0.0,-0.0,0.0,-1.0,-1.0
2.22,9.381,4.3,-0.0,1.565,-0.0,0.0,0.0,-1.0,-1.0
2.24,9.412,4.3,0.0,1.55,-0.0,0.0,0.0,-1.0,-1.0
2.26,9.443,4.3,-0.0,1.535,0.0,-0.0,0.0,-1.0,-1.0
2.28,9.473,4.3,0.0,1.519,-0.0,0.0,0.0,-1.0,-1.0
2.3,9.503,4.3,0.0,1.503,0.0,-0.0,0.0,-1.0,-1.0
2.32,9.533,4.3,-0.0,1.487,-0.0,0.0,0.0,-1.0,-1.0
2.34,9.563,4.3,0.0,1.47,0.0,-0.0,0.0,-1.0,-1.0
2.36,9.592,4.3,-0.0,1.453,-0.0,0.0,0.0,-1.0,-1.0
2.38,9.621,4.3,0.0,1.436,0.0,-0.0,0.0,-1.0,-1.0
2.4,9.649,4.3,-0.0,1.418,-0.0,0.0,0.0,-1.0,-1.0
2.42,9.678,4.3,0.0,1.4,0.002,0.003,0.0,-1.0,-1.0
2.44,9.705,4.3,-0.0,1.382,-0.005,-0.01,0.0,-1.0,-1.0
2.46,9.733,4.3,-0.001,1.368,-0.032,-0.063,0.0,-1.0,-1.0
2.48,9.76,4.299,-0.002,1.354,-0.058,-0.116,0.0,-1.0,-1.0
2.5,9.787,4.297,-0.005,1.34,-0.085,-0.168,0.0,-1.0,-1.0
2.52,9.814,4.295,-0.009,1.325,-0.111,-0.22,0.0,-1.0,-1.0
2.54,9.84,4.293,-0.014,1.31,-0.137,-0.268,0.0,-1.0,-1.0
2.56,9.866,4.29,-0.02,1.292,-0.162,-0.314,0.0,-1.0,-1.0
2.58,9.892,4.286,-0.026,1.276,-0.188,-0.359,0.0,-1.0,-1.0
2.6,9.917,4.282,-0.034,1.259,-0.213,-0.405,0.0,-1.0,-1.0
2.62,9.942,4.278,-0.042,1.242,-0.239,-0.451,0.0,-1.0,-1.0
2.64,9.967,4.273,-0.052,1.224,-0.264,-0.496,0.0,-1.0,-1.0
2.66,9.991,4.267,-0.062,1.206,-0.289,-0.538,0.0,-1.0,-1.0
2.68,10.015,4.261,-0.073,1.186,-0.313,-0.579,0.0,-1.0,-1.0
2.7,10.038,4.255,-0.085,1.167,-0.337,-0.62,0.0,-1.0,-1.0
2.72,10.061,4.248,-0.098,1.148,-0.361,-0.662,0.0,-1.0,-1.0
2.74,10.084,4.241,-0.112,1.128,-0.385,-0.703,0.0,-1.0,-1.0
2.76,10.106,4.233,-0.126,1.108,-0.409,-0.743,0.0,-1.0,-1.0
2.78,10.128,4.224,-0.141,1.087,-0.431,-0.782,0.0,-1.0,-1.0
2.8,10.15,4.215,-0.157,1.066,-0.454,-0.82,0.0,-1.0,-1.0
2.82,10.171,4.206,-0.174,1.045,-0.477,-0.858,0.0,-1.0,-1.0
2.84,10.192,4.196,-0.192,1.024,-0.5,-0.897,0.0,-1.0,-1.0
2.86,10.212,4.186,-0.21,1.003,-0.522,-0.934,0.0,-1.0,-1.0
2.88,10.232,4.175,-0.229,0.981,-0.544,-0.971,0.0,-1.0,-1.0
2.9,10.251,4.164,-0.249,0.958,-0.565,-1.006,0.0,-1.0,-1.0
2.92,10.27,4.153,-0.269,0.935,-0.586,-1.042,0.0,-1.0,-1.0
2.94,10.289,4.141,-0.29,0.912,-0.608,-1.078,0.0,-1.0,-1.0
2.96,10.307,4.129,-0.312,0.889,-0.629,-1.113,0.0,-1.0,-1.0
2.98,10.324,4.116,-0.335,0.866,-0.649,-1.148,0.0,-1.0,-1.0
3.0,10.341,4.103,-0.358,0.843,-0.669,-1.181,0.0,-1.0,-1.0
3.02,10.358,4.089,-0.382,0.818,-0.688,-1.213,0.0,-1.0,-1.0
3.04,10.374,4.075,-0.406,0.794,-0.707,-1.245,0.0,-1.0,-1.0
3.06,10.389,4.061,-0.432,0.769,-0.727,-1.277,0.0,-1.0,-1.0
3.08,10.405,4.046,-0.457,0.745,-0.746,-1.309,0.0,-1.0,-1.0
3.1,10.419,4.031,-0.484,0.72,-0.764,-1.34,0.0,-1.0,-1.0
3.12,10.433,4.016,-0.511,0.695,-0.781,-1.369,0.0,-1.0,-1.0
3.14,10.447,4.0,-0.539,0.669,-0.798,-1.397,0.0,-1.0,-1.0
3.16,10.46,3.984,-0.567,0.643,-0.815,-1.426,0.0,-1.0,-1.0
3.18,10.473,3.967,-0.596,0.617,-0.831,-1.455,0.0,-1.0,-1.0
3.2,10.485,3.951,-0.625,0.591,-0.848,-1.482,0.0,-1.0,-1.0
3.22,10.496,3.934,-0.655,0.565,-0.864,-1.509,0.0,-1.0,-1.0
3.24,10.507,3.916,-0.685,0.538,-0.878,-1.533,0.0,-1.0,-1.0
3.26,10.518,3.898,-0.716,0.511,-0.891,-1.557,0.0,-1.0,-1.0
3.28,10.528,3.881,-0.747,0.484,-0.906,-1.581,0.0,-1.0,-1.0
3.3,10.537,3.862,-0.779,0.457,-0.92,-1.605,0.0,-1.0,-1.0
3.32,10.546,3.844,-0.811,0.429,-0.934,-1.629,0.0,-1.0,-1.0
3.34,10.554,3.825,-0.844,0.402,-0.946,-1.65,0.0,-1.0,-1.0
3.36,10.562,3.806,-0.877,0.373,-0.957,-1.669,0.0,-1.0,-1.0
3.38,10.569,3.787,-0.911,0.345,-0.968,-1.688,0.0,-1.0,-1.0
3.4,10.576,3.767,-0.945,0.317,-0.98,-1.707,0.0,-1.0,-1.0
3.42,10.582,3.748,-0.979,0.289,-0.991,-1.726,0.0,-1.0,-1.0
3.44,10.587,3.728,-1.014,0.26,-1.001,-1.744,0.0,-1.0,-1.0
3.46,10.592,3.708,-1.049,0.231,-1.01,-1.76,0.0,-1.0,-1.0
3.48,10.597,3.687,-1.084,0.202,-1.018,-1.773,0.0,-1.0,-1.0
3.5,10.6,3.667,-1.119,0.173,-1.026,-1.787,0.0,-1.0,-1.0
3.52,10.603,3.646,-1.155,0.144,-1.035,-1.801,0.0,-1.0,-1.0
3.54,10.606,3.626,-1.191,0.115,-1.043,-1.815,0.0,-1.0,-1.0
3.56,10.608,3.605,-1.228,0.085,-1.05,-1.827,0.0,-1.0,-1.0
3.58,10.609,3.584,-1.264,0.055,-1.056,-1.836,0.0,-1.0,-1.0
3.6,10.61,3.563,-1.301,0.026,-1.061,-1.844,0.0,-1.0,-1.0
3.62,10.61,3.541,-1.338,-0.004,-1.066,-1.853,0.0,-1.0,-1.0
3.64,10.61,3.52,-1.375,-0.034,-1.071,-1.862,0.0,-1.0,-1.0
3.66,10.609,3.499,-1.412,-0.064,-1.076,-1.87,0.0,-1.0,-1.0
3.68,10.608,3.477,-1.45,-0.094,-1.08,-1.876,0.0,-1.0,-1.0
3.7,10.605,3.456,-1.487,-0.124,-1.082,-1.879,0.0,-1.0,-1.0
3.72,10.603,3.434,-1.525,-0.155,-1.084,-1.882,0.0,-1.0,-1.0
3.74,10.599,3.412,-1.562,-0.185,-1.086,-1.885,0.0,-1.0,-1.0
3.76,10.595,3.39,-1.6,-0.215,-1.088,-1.889,0.0,-1.0,-1.0
3.78,10.591,3.369,-1.638,-0.245,-1.09,-1.891,0.0,-1.0,-1.0
3.8,10.585,3.347,-1.676,-0.276,-1.09,-1.891,0.0,-1.0,-1.0
3.82,10.58,3.325,-1.713,-0.306,-1.089,-1.888,0.0,-1.0,-1.0
3.84,10.573,3.303,-1.751,-0.336,-1.088,-1.886,0.0,-1.0,-1.0
3.86,10.566,3.282,-1.789,-0.367,-1.087,-1.884,0.0,-1.0,-1.0
3.88,10.558,3.26,-1.826,-0.397,-1.086,-1.882,0.0,-1.0,-1.0
3.9,10.55,3.238,-1.864,-0.428,-1.084,-1.878,0.0,-1.0,-1.0
3.92,10.541,3.217,-1.901,-0.458,-1.081,-1.872,0.0,-1.0,-1.0
3.94,10.532,3.195,-1.939,-0.488,-1.076,-1.864,0.0,-1.0,-1.0
3.96,10.522,3.174,-1.976,-0.518,-1.072,-1.857,0.0,-1.0,-1.0
3.98,10.511,3.152,-2.013,-0.548,-1.068,-1.85,0.0,-1.0,-1.0
4.0,10.5,3.131,-2.05,-0.578,-1.064,-1.842,0.0,-1.0,-1.0
4.02,10.488,3.11,-2.086,-0.608,-1.059,-1.833,0.0,-1.0,-1.0
4.04,10.476,3.089,-2.123,-0.638,-1.052,-1.821,0.0,-1.0,-1.0
4.06,10.463,3.068,-2.159,-0.667,-1.045,-1.808,0.0,-1.0,-1.0
4.08,10.449,3.047,-2.195,-0.697,-1.038,-1.796,0.0,-1.0,-1.0
4.1,10.435,3.026,-2.231,-0.727,-1.031,-1.783,0.0,-1.0,-1.0
4.12,10.42,3.006,-2.266,-0.756,-1.024,-1.77,0.0,-1.0,-1.0
4.14,10.404,2.985,-2.301,-0.786,-1.016,-1.755,0.0,-1.0,-1.0
4.16,10.388,2.965,-2.336,-0.815,-1.006,-1.738,0.0,-1.0,-1.0
4.18,10.372,2.945,-2.371,-0.844,-0.996,-1.721,0.0,-1.0,-1.0
4.2,10.355,2.925,-2.405,-0.873,-0.986,-1.704,0.0,-1.0,-1.0
4.22,10.337,2.906,-2.439,-0.902,-0.977,-1.686,0.0,-1.0,-1.0
4.24,10.319,2.886,-2.473,-0.931,-0.966,-1.668,0.0,-1.0,-1.0
4.26,10.3,2.867,-2.506,-0.959,-0.955,-1.649,0.0,-1.0,-1.0
4.28,10.28,2.848,-2.538,-0.987,-0.942,-1.627,0.0,-1.0,-1.0
4.3,10.26,2.83,-2.571,-1.015,-0.93,-1.605,0.0,-1.0,-1.0
4.32,10.24,2.811,-2.603,-1.043,-0.918,-1.584,0.0,-1.0,-1.0
4.34,10.219,2.793,-2.634,-1.072,-0.906,-1.562,0.0,-1.0,-1.0
4.36,10.197,2.775,-2.665,-1.099,-0.893,-1.54,0.0,-1.0,-1.0
4.38,10.175,2.757,-2.695,-1.127,-0.878,-1.516,0.0,-1.0,-1.0
4.4,10.152,2.74,-2.726,-1.154,-0.863,-1.491,0.0,-1.0,-1.0
4.42,10.128,2.723,-2.755,-1.182,-0.849,-1.466,0.0,-1.0,-1.0
4.44,10.105,2.706,-2.784,-1.209,-0.834,-1.442,0.0,-1.0,-1.0
4.46,10.08,2.69,-2.813,-1.236,-0.819,-1.417,0.0,-1.0,-1.0
4.48,10.055,2.673,-2.841,-1.264,-0.803,-1.391,0.0,-1.0,-1.0
4.5,10.03,2.657,-2.868,-1.29,-0.787,-1.363,0.0,-1.0,-1.0
4.52,10.004,2.642,-2.895,-1.317,-0.77,-1.335,0.0,-1.0,-1.0
4.54,9.977,2.627,-2.922,-1.343,-0.754,-1.308,0.0,-1.0,-1.0
4.56,9.95,2.612,-2.947,-1.37,-0.737,-1.28,0.0,-1.0,-1.0
4.58,9.922,2.597,-2.973,-1.396,-0.72,-1.251,0.0,-1.0,-1.0
4.6,9.894,2.583,-2.997,-1.422,-0.703,-1.222,0.0,-1.0,-1.0
4.62,9.865,2.569,-3.021,-1.448,-0.685,-1.19,0.0,-1.0,-1.0
4.64,9.836,2.556,-3.045,-1.473,-0.667,-1.16,0.0,-1.0,-1.0
4.66,9.806,2.542,-3.068,-1.498,-0.649,-1.13,0.0,-1.0,-1.0
4.68,9.776,2.53,-3.09,-1.522,-0.632,-1.1,0.0,-1.0,-1.0
4.7,9.745,2.517,-3.112,-1.548,-0.614,-1.068,0.0,-1.0,-1.0
4.72,9.714,2.505,-3.132,-1.575,-0.594,-1.033,0.0,-1.0,-1.0
4.74,9.682,2.494,-3.153,-1.604,-0.573,-0.994,0.0,-1.0,-1.0
4.76,9.65,2.482,-3.172,-1.634,-0.551,-0.954,0.0,-1.0,-1.0
4.78,9.617,2.471,-3.191,-1.663,-0.53,-0.914,0.0,-1.0,-1.0
4.8,9.583,2.461,-3.209,-1.693,-0.508,-0.874,0.0,-1.0,-1.0
4.82,9.549,2.451,-3.226,-1.722,-0.486,-0.834,0.0,-1.0,-1.0
4.84,9.515,2.442,-3.242,-1.751,-0.465,-0.795,0.0,-1.0,-1.0
4.86,9.479,2.432,-3.258,-1.78,-0.445,-0.755,0.0,-1.0,-1.0
4.88,9.443,2.424,-3.272,-1.808,-0.425,-0.717,0.0,-1.0,-1.0
4.9,9.407,2.415,-3.286,-1.835,-0.405,-0.678,0.0,-1.0,-1.0
4.92,9.37,2.407,-3.3,-1.863,-0.386,-0.638,0.0,-1.0,-1.0
4.94,9.333,2.4,-3.312,-1.89,-0.366,-0.599,0.0,-1.0,-1.0
4.96,9.295,2.393,-3.324,-1.918,-0.346,-0.559,0.0,-1.0,-1.0
4.98,9.256,2.386,-3.334,-1.945,-0.326,-0.52,0.0,-1.0,-1.0
5.0,9.217,2.38,-3.345,-1.972,-0.307,-0.482,0.0,-1.0,-1.0
5.02,9.177,2.374,-3.354,-1.999,-0.288,-0.444,0.0,-1.0,-1.0
5.04,9.137,2.368,-3.362,-2.024,-0.27,-0.407,0.0,-1.0,-1.0
5.06,9.096,2.363,-3.37,-2.049,-0.252,-0.37,0.0,-1.0,-1.0
5.08,9.055,2.358,-3.377,-2.074,-0.233,-0.333,0.0,-1.0,-1.0
5.1,9.013,2.354,-3.384,-2.1,-0.215,-0.295,0.0,-1.0,-1.0
5.12,8.971,2.349,-3.389,-2.126,-0.197,-0.258,0.0,-1.0,-1.0
5.14,8.928,2.346,-3.394,-2.151,-0.179,-0.221,0.0,-1.0,-1.0
5.16,8.885,2.342,-3.398,-2.175,-0.161,-0.186,0.0,-1.0,-1.0
5.18,8.842,2.339,-3.402,-2.199,-0.143,-0.151,0.0,-1.0,-1.0
5.2,8.797,2.336,-3.404,-2.221,-0.126,-0.119,0.0,-1.0,-1.0
5.22,8.753,2.334,-3.406,-2.244,-0.109,-0.085,0.0,-1.0,-1.0
5.24,8.708,2.332,-3.408,-2.267,-0.092,-0.051,0.0,-1.0,-1.0
5.26,8.662,2.33,-3.408,-2.291,-0.075,-0.017,0.0,-1.0,-1.0
5.28,8.616,2.329,-3.409,-2.314,-0.058,0.017,0.0,-1.0,-1.0
5.3,8.57,2.328,-3.408,-2.336,-0.041,0.049,0.0,-1.0,-1.0
5.32,8.523,2.327,-3.407,-2.358,-0.025,0.08,0.0,-1.0,-1.0
5.34,8.475,2.327,-3.405,-2.378,-0.009,0.109,0.0,-1.0,-1.0
5.36,8.428,2.327,-3.403,-2.398,0.007,0.137,0.0,-1.0,-1.0
5.38,8.38,2.327,-3.4,-2.418,0.023,0.165,0.0,-1.0,-1.0
5.4,8.331,2.328,-3.396,-2.439,0.038,0.195,0.0,-1.0,-1.0
5.42,8.282,2.329,-3.392,-2.46,0.054,0.224,0.0,-1.0,-1.0
5.44,8.233,2.33,-3.387,-2.48,0.07,0.253,0.0,-1.0,-1.0
5.46,8.183,2.332,-3.382,-2.499,0.086,0.279,0.0,-1.0,-1.0
5.48,8.133,2.333,-3.377,-2.517,0.101,0.303,0.0,-1.0,-1.0
5.5,8.083,2.336,-3.37,-2.534,0.116,0.323,0.0,-1.0,-1.0
5.52,8.032,2.338,-3.364,-2.55,0.13,0.344,0.0,-1.0,-1.0
5.54,7.981,2.341,-3.357,-2.569,0.145,0.369,0.0,-1.0,-1.0
5.56,7.929,2.344,-3.349,-2.588,0.16,0.395,0.0,-1.0,-1.0
5.58,7.877,2.347,-3.342,-2.607,0.175,0.42,0.0,-1.0,-1.0
5.6,7.825,2.351,-3.334,-2.624,0.19,0.442,0.0,-1.0,-1.0
5.62,7.773,2.355,-3.325,-2.638,0.204,0.457,0.0,-1.0,-1.0
5.64,7.72,2.359,-3.316,-2.648,0.218,0.464,0.0,-1.0,-1.0
5.66,7.667,2.363,-3.307,-2.654,0.232,0.46,0.0,-1.0,-1.0
5.68,7.614,2.368,-3.298,-2.659,0.25,0.456,0.0,-1.0,-1.0
5.7,7.561,2.373,-3.289,-2.663,0.269,0.453,0.0,-1.0,-1.0
5.72,7.508,2.379,-3.28,-2.668,0.29,0.45,0.0,-1.0,-1.0
5.74,7.454,2.384,-3.271,-2.672,0.308,0.446,0.0,-1.0,-1.0
5.76,7.401,2.39,-3.263,-2.677,0.323,0.441,0.0,-1.0,-1.0
5.78,7.347,2.396,-3.254,-2.682,0.333,0.432,0.0,-1.0,-1.0
5.8,7.293,2.403,-3.246,-2.687,0.335,0.42,0.0,-1.0,-1.0
5.82,7.24,2.409,-3.238,-2.692,0.33,0.405,0.0,-1.0,-1.0
5.84,7.186,2.416,-3.23,-2.697,0.326,0.389,0.0,-1.0,-1.0
5.86,7.132,2.422,-3.222,-2.702,0.323,0.373,0.0,-1.0,-1.0
5.88,7.078,2.428,-3.215,-2.706,0.32,0.357,0.0,-1.0,-1.0
5.9,7.023,2.435,-3.208,-2.711,0.316,0.341,0.0,-1.0,-1.0
5.92,6.969,2.441,-3.201,-2.716,0.309,0.324,0.0,-1.0,-1.0
5.94,6.915,2.447,-3.195,-2.722,0.3,0.308,0.0,-1.0,-1.0
5.96,6.86,2.452,-3.189,-2.728,0.287,0.291,0.0,-1.0,-1.0
5.98,6.806,2.458,-3.183,-2.735,0.272,0.275,0.0,-1.0,-1.0
6.0,6.751,2.463,-3.178,-2.741,0.257,0.258,0.0,-1.0,-1.0
6.02,6.696,2.468,-3.173,-2.747,0.243,0.243,0.0,-1.0,-1.0
6.04,6.641,2.473,-3.168,-2.754,0.229,0.227,0.0,-1.0,-1.0
6.06,6.586,2.477,-3.164,-2.76,0.214,0.21,0.0,-1.0,-1.0
6.08,6.53,2.481,-3.16,-2.767,0.198,0.193,0.0,-1.0,-1.0
6.1,6.475,2.485,-3.156,-2.773,0.179,0.174,0.0,-1.0,-1.0
6.12,6.42,2.488,-3.153,-2.78,0.159,0.154,0.0,-1.0,-1.0
6.14,6.364,2.491,-3.15,-2.789,0.134,0.13,0.0,-1.0,-1.0
6.16,6.308,2.494,-3.148,-2.799,0.107,0.104,0.0,-1.0,-1.0
6.18,6.252,2.496,-3.146,-2.81,0.079,0.076,0.0,-1.0,-1.0
6.2,6.196,2.497,-3.144,-2.82,0.052,0.05,0.0,-1.0,-1.0
6.22,6.14,2.499,-3.143,-2.828,0.028,0.028,0.0,-1.0,-1.0
6.24,6.084,2.5,-3.142,-2.832,0.011,0.011,0.0,-1.0,-1.0
6.26,6.027,2.5,-3.142,-2.832,0.001,0.001,0.0,-1.0,-1.0
6.28,5.971,2.5,-3.142,-2.826,-0.0,0.0,0.0,-1.0,-1.0
6.3,5.914,2.5,-3.142,-2.821,-0.0,0.0,0.0,-1.0,-1.0
6.32,5.858,2.5,-3.142,-2.815,0.0,-0.0,0.0,-1.0,-1.0
6.34,5.802,2.5,-3.142,-2.809,0.0,-0.0,0.0,-1.0,-1.0
6.36,5.746,2.5,-3.142,-2.802,0.0,-0.0,0.0,-1.0,-1.0
6.38,5.69,2.5,-3.142,-2.793,0.0,-0.0,0.0,-1.0,-1.0
6.4,5.634,2.5,-3.142,-2.784,0.0,-0.0,0.0,-1.0,-1.0
6.42,5.578,2.5,-3.142,-2.776,-0.0,0.0,0.0,-1.0,-1.0
6.44,5.523,2.5,-3.142,-2.767,-0.0,0.0,0.0,-1.0,-1.0
6.46,5.468,2.5,-3.142,-2.757,-0.0,0.0,0.0,-1.0,-1.0
6.48,5.413,2.5,-3.142,-2.746,-0.0,0.0,0.0,-1.0,-1.0
6.5,5.358,2.5,-3.142,-2.733,-0.0,0.0,0.0,-1.0,-1.0
6.52,5.303,2.5,-3.142,-2.722,0.0,-0.0,0.0,-1.0,-1.0
6.54,5.249,2.5,-3.142,-2.71,0.0,-0.0,0.0,-1.0,-1.0
6.56,5.195,2.5,-3.142,-2.697,0.0,-0.0,0.0,-1.0,-1.0
6.58,5.141,2.5,-3.142,-2.683,0.0,-0.0,0.0,-1.0,-1.0
6.6,5.088,2.5,-3.142,-2.668,0.0,-0.0,0.0,-1.0,-1.0
6.62,5.035,2.5,-3.142,-2.654,0.0,-0.0,0.0,-1.0,-1.0
6.64,4.982,2.5,-3.142,-2.639,-0.0,0.0,0.0,-1.0,-1.0
6.66,4.929,2.5,-3.142,-2.624,-0.0,0.0,0.0,-1.0,-1.0
6.68,4.877,2.5,-3.142,-2.608,-0.0,0.0,0.0,-1.0,-1.0
6.7,4.825,2.5,-3.142,-2.59,-0.0,0.0,0.0,-1.0,-1.0
6.72,4.773,2.5,-3.142,-2.573,-0.0,0.0,0.0,-1.0,-1.0
6.74,4.722,2.5,-3.142,-2.555,0.0,-0.0,0.0,-1.0,-1.0
6.76,4.671,2.5,-3.142,-2.538,0.0,-0.0,0.0,-1.0,-1.0
6.78,4.621,2.5,-3.142,-2.519,0.0,-0.0,0.0,-1.0,-1.0
6.8,4.57,2.5,-3.142,-2.499,0.0,-0.0,0.0,-1.0,-1.0
6.82,4.521,2.5,-3.142,-2.479,0.0,-0.0,0.0,-1.0,-1.0
6.84,4.471,2.5,-3.142,-2.46,-0.0,0.0,0.0,-1.0,-1.0
6.86,4.422,2.5,-3.142,-2.44,-0.0,0.0,0.0,-1.0,-1.0
6.88,4.374,2.5,-3.142,-2.419,-0.0,0.0,0.0,-1.0,-1.0
6.9,4.326,2.5,-3.142,-2.397,-0.0,0.0,0.0,-1.0,-1.0
6.92,4.278,2.5,-3.142,-2.375,-0.0,0.0,0.0,-1.0,-1.0
6.94,4.231,2.5,-3.142,-2.353,0.0,-0.0,0.0,-1.0,-1.0
6.96,4.184,2.5,-3.142,-2.331,0.0,-0.0,0.0,-1.0,-1.0
6.98,4.137,2.5,-3.142,-2.309,0.0,-0.0,0.0,-1.0,-1.0
7.0,4.091,2.5,-3.142,-2.285,0.0,-0.0,0.0,-1.0,-1.0
7.02,4.046,2.5,-3.142,-2.261,0.0,-0.0,0.0,-1.0,-1.0
7.04,4.001,2.5,-3.142,-2.237,-0.0,0.0,0.0,-1.0,-1.0
7.06,3.957,2.5,-3.142,-2.213,-0.0,0.0,0.0,-1.0,-1.0
7.08,3.913,2.5,-3.142,-2.188,-0.0,0.0,0.0,-1.0,-1.0
7.1,3.869,2.5,-3.142,-2.163,-0.0,0.0,0.0,-1.0,-1.0
7.12,3.826,2.5,-3.142,-2.137,-0.0,0.0,0.0,-1.0,-1.0
7.14,3.784,2.5,-3.142,-2.111,-0.0,0.0,0.0,-1.0,-1.0
7.16,3.742,2.5,-3.142,-2.085,0.0,-0.0,0.0,-1.0,-1.0
7.18,3.7,2.5,-3.142,-2.059,0.0,-0.0,0.0,-1.0,-1.0
7.2,3.659,2.5,-3.142,-2.032,0.0,-0.0,0.0,-1.0,-1.0
7.22,3.619,2.5,-3.142,-2.004,0.0,-0.0,0.0,-1.0,-1.0
7.24,3.579,2.5,-3.142,-1.977,0.0,-0.0,0.0,-1.0,-1.0
7.26,3.54,2.5,-3.142,-1.949,-0.0,0.0,0.0,-1.0,-1.0
7.28,3.501,2.5,-3.142,-1.921,-0.0,0.0,0.0,-1.0,-1.0
7.3,3.463,2.5,-3.142,-1.893,-0.0,0.0,0.0,-1.0,-1.0
7.32,3.426,2.5,-3.142,-1.864,-0.0,0.0,0.0,-1.0,-1.0
7.34,3.389,2.5,-3.142,-1.834,-0.0,0.0,0.0,-1.0,-1.0
7.36,3.352,2.5,-3.142,-1.805,0.0,-0.0,0.0,-1.0,-1.0
7.38,3.316,2.5,-3.142,-1.776,0.0,-0.0,0.0,-1.0,-1.0
7.4,3.281,2.5,-3.142,-1.746,0.0,-0.0,0.0,-1.0,-1.0
7.42,3.247,2.5,-3.142,-1.715,0.0,-0.0,0.0,-1.0,-1.0
7.44,3.213,2.5,-3.142,-1.684,0.0,-0.0,0.0,-1.0,-1.0
7.46,3.179,2.5,-3.142,-1.653,-0.0,0.0,0.0,-1.0,-1.0
7.48,3.147,2.5,-3.142,-1.622,-0.0,0.0,0.0,-1.0,-1.0
7.5,3.114,2.5,-3.142,-1.591,-0.0,0.0,0.0,-1.0,-1.0
7.52,3.083,2.5,-3.142,-1.559,-0.0,0.0,0.0,-1.0,-1.0
7.54,3.052,2.5,-3.142,-1.526,-0.0,0.0,0.0,-1.0,-1.0
7.56,3.022,2.5,-3.142,-1.494,-0.0,0.0,0.0,-1.0,-1.0
7.58,2.992,2.5,-3.142,-1.462,0.0,-0.0,0.0,-1.0,-1.0
7.6,2.963,2.5,-3.142,-1.429,0.0,-0.0,0.0,-1.0,-1.0
7.62,2.935,2.5,-3.142,-1.396,0.0,-0.0,0.0,-1.0,-1.0
7.64,2.908,2.5,-3.142,-1.362,0.0,-0.0,0.0,-1.0,-1.0
7.66,2.881,2.5,-3.142,-1.328,0.0,-0.0,0.0,-1.0,-1.0
7.68,2.855,2.5,-3.142,-1.295,-0.0,0.0,0.0,-1.0,-1.0
7.7,2.829,2.5,-3.142,-1.261,-0.0,0.0,0.0,-1.0,-1.0
7.72,2.804,2.5,-3.142,-1.226,-0.0,0.0,0.0,-1.0,-1.0
7.74,2.78,2.5,-3.142,-1.191,-0.0,0.0,0.0,-1.0,-1.0
7.76,2.757,2.5,-3.142,-1.156,-0.0,0.0,0.0,-1.0,-1.0
7.78,2.734,2.5,-3.142,-1.121,0.0,-0.0,0.0,-1.0,-1.0
7.8,2.712,2.5,-3.142,-1.086,0.0,-0.0,0.0,-1.0,-1.0
7.82,2.69,2.5,-3.142,-1.05,0.0,-0.0,0.0,-1.0,-1.0
7.84,2.67,2.5,-3.142,-1.014,0.0,-0.0,0.0,-1.0,-1.0
7.86,2.65,2.5,-3.142,-0.977,0.0,-0.0,0.0,-1.0,-1.0
7.88,2.631,2.5,-3.142,-0.941,-0.0,0.0,0.0,-1.0,-1.0
7.9,2.612,2.5,-3.142,-0.905,-0.0,0.0,0.0,-1.0,-1.0
7.92,2.595,2.5,-3.142,-0.868,-0.0,0.0,0.0,-1.0,-1.0
7.94,2.578,2.5,-3.142,-0.831,-0.0,0.0,0.0,-1.0,-1.0
7.96,2.561,2.5,-3.142,-0.793,-0.0,0.0,0.0,-1.0,-1.0
7.98,2.546,2.5,-3.142,-0.756,-0.0,0.0,0.0,-1.0,-1.0
8.0,2.531,2.5,-3.142,-0.718,0.0,-0.0,0.0,-1.0,-1.0
8.02,2.517,2.5,-3.142,-0.68,0.0,-0.0,0.0,-1.0,-1.0
8.04,2.504,2.5,-3.142,-0.642,0.0,-0.0,0.0,-1.0,-1.0
8.06,2.491,2.5,-3.142,-0.603,0.0,-0.0,0.0,-1.0,-1.0
8.08,2.48,2.5,-3.142,-0.564,0.0,-0.0,0.0,-1.0,-1.0
8.1,2.469,2.5,-3.142,-0.525,-0.0,0.0,0.0,-1.0,-1.0
8.12,2.459,2.5,-3.142,-0.487,-0.0,0.0,0.0,-1.0,-1.0
8.14,2.45,2.5,-3.142,-0.447,-0.0,0.0,0.0,-1.0,-1.0
8.16,2.441,2.5,-3.142,-0.407,-0.0,0.0,0.0,-1.0,-1.0
8.18,2.433,2.5,-3.142,-0.367,-0.0,0.0,0.0,-1.0,-1.0
8.2,2.426,2.5,-3.142,-0.327,-0.0,0.0,0.0,-1.0,-1.0
8.22,2.42,2.5,-3.142,-0.287,0.0,-0.0,0.0,-1.0,-1.0
8.24,2.415,2.5,-3.142,-0.247,0.0,-0.0,0.0,-1.0,-1.0
8.26,2.41,2.5,-3.142,-0.206,0.0,-0.0,0.0,-1.0,-1.0
8.28,2.407,2.5,-3.142,-0.165,0.0,-0.0,0.0,-1.0,-1.0
8.3,2.404,2.5,-3.142,-0.124,0.0,-0.0,0.0,-1.0,-1.0
8.32,2.402,2.5,-3.142,-0.082,0.0,-0.0,0.0,-1.0,-1.0
8.34,2.4,2.5,-3.142,-0.041,0.0,-0.0,0.0,-1.0,-1.0
8.36,2.4,2.5,-3.142,0.0,-0.0,0.0,1.0,-1.0,-1.0
