0.0,8.0,3.0,0.785,-0.0,0.0,-0.0,3.0,-1.0,-1.0
0.02,8.0,3.001,0.786,0.034,0.074,0.018,0.0,-1.0,-1.0
0.04,8.001,3.003,0.786,0.069,0.15,0.036,0.0,-1.0,-1.0
0.06,8.003,3.007,0.787,0.103,0.225,0.055,0.0,-1.0,-1.0
0.08,8.005,3.012,0.788,0.137,0.298,0.072,0.0,-1.0,-1.0
0.1,8.008,3.018,0.79,0.167,0.368,0.089,0.0,-1.0,-1.0
0.12,8.012,3.026,0.792,0.196,0.433,0.105,0.0,-1.0,-1.0
0.14,8.016,3.036,0.794,0.225,0.5,0.12,0.0,-1.0,-1.0
0.16,8.021,3.046,0.797,0.255,0.567,0.135,0.0,-1.0,-1.0
0.18,8.026,3.058,0.799,0.283,0.633,0.151,0.0,-1.0,-1.0
0.2,8.032,3.071,0.803,0.31,0.696,0.167,0.0,-1.0,-1.0
0.22,8.038,3.086,0.806,0.333,0.756,0.184,0.0,-1.0,-1.0
0.24,8.045,3.101,0.81,0.358,0.817,0.2,0.0,-1.0,-1.0
0.26,8.053,3.118,0.814,0.383,0.878,0.217,0.0,-1.0,-1.0
0.28,8.06,3.136,0.819,0.407,0.938,0.233,0.0,-1.0,-1.0
0.3,8.069,3.156,0.824,0.429,0.996,0.251,0.0,-1.0,-1.0
0.32,8.077,3.176,0.829,0.447,1.051,0.271,0.0,-1.0,-1.0
0.34,8.086,3.197,0.835,0.464,1.104,0.292,0.0,-1.0,-1.0
0.36,8.096,3.22,0.841,0.484,1.158,0.31,0.0,-1.0,-1.0
0.379,8.105,3.243,0.847,0.503,1.213,0.329,0.0,-1.0,-1.0
0.399,8.116,3.268,0.854,0.518,1.265,0.351,0.0,-1.0,-1.0
0.419,8.126,3.294,0.861,0.529,1.312,0.377,0.0,-1.0,-1.0
0.439,8.136,3.32,0.869,0.535,1.355,0.406,0.0,-1.0,-1.0
0.459,8.147,3.348,0.878,0.545,1.403,0.432,0.0,-1.0,-1.0
0.479,8.158,3.376,0.887,0.556,1.452,0.458,0.0,-1.0,-1.0
0.499,8.169,3.405,0.896,0.563,1.496,0.487,0.0,-1.0,-1.0
0.519,8.18,3.435,0.907,0.56,1.531,0.523,0.0,-1.0,-1.0
0.539,8.191,3.466,0.918,0.544,1.553,0.569,0.0,-1.0,-1.0
0.559,8.201,3.497,0.93,0.525,1.575,0.62,0.0,-1.0,-1.0
0.579,8.211,3.528,0.943,0.507,1.6,0.67,0.0,-1.0,-1.0
0.599,8.221,3.56,0.956,0.489,1.623,0.721,0.0,-1.0,-1.0
0.619,8.231,3.592,0.971,0.466,1.637,0.771,0.0,-1.0,-1.0
0.639,8.239,3.625,0.987,0.438,1.638,0.821,0.0,-1.0,-1.0
0.659,8.248,3.657,1.004,0.406,1.628,0.869,0.0,-1.0,-1.0
0.679,8.256,3.69,1.022,0.376,1.62,0.918,0.0,-1.0,-1.0
0.699,8.263,3.722,1.041,0.345,1.611,0.966,0.0,-1.0,-1.0
0.719,8.269,3.754,1.061,0.312,1.601,1.015,0.0,-1.0,-1.0
0.739,8.275,3.786,1.081,0.277,1.588,1.065,0.0,-1.0,-1.0
0.759,8.28,3.817,1.103,0.238,1.573,1.117,0.0,-1.0,-1.0
0.779,8.285,3.849,1.126,0.2,1.559,1.17,0.0,-1.0,-1.0
0.799,8.288,3.88,1.15,0.162,1.546,1.223,0.0,-1.0,-1.0
0.819,8.291,3.91,1.175,0.123,1.531,1.275,0.0,-1.0,-1.0
0.839,8.293,3.94,1.201,0.082,1.512,1.327,0.0,-1.0,-1.0
0.859,8.294,3.97,1.228,0.037,1.488,1.377,0.0,-1.0,-1.0
0.879,8.294,4.0,1.256,-0.008,1.465,1.428,0.0,-1.0,-1.0
0.899,8.294,4.029,1.285,-0.052,1.442,1.48,0.0,-1.0,-1.0
0.919,8.292,4.057,1.315,-0.096,1.419,1.531,0.0,-1.0,-1.0
0.939,8.29,4.085,1.346,-0.143,1.392,1.581,0.0,-1.0,-1.0
0.959,8.286,4.112,1.378,-0.191,1.359,1.629,0.0,-1.0,-1.0
0.979,8.282,4.139,1.411,-0.243,1.322,1.678,0.0,-1.0,-1.0
0.999,8.277,4.165,1.445,-0.295,1.285,1.729,0.0,-1.0,-1.0
1.019,8.27,4.19,1.48,-0.347,1.249,1.78,0.0,-1.0,-1.0
1.039,8.263,4.215,1.516,-0.398,1.211,1.828,0.0,-1.0,-1.0
1.059,8.254,4.239,1.553,-0.447,1.172,1.872,0.0,-1.0,-1.0
1.079,8.245,4.262,1.59,-0.494,1.131,1.91,0.0,-1.0,-1.0
1.099,8.235,4.284,1.629,-0.544,1.09,1.951,0.0,-1.0,-1.0
1.119,8.223,4.305,1.668,-0.594,1.049,1.992,0.0,-1.0,-1.0
1.138,8.211,4.326,1.708,-0.642,1.008,2.031,0.0,-1.0,-1.0
1.158,8.198,4.345,1.749,-0.686,0.966,2.063,0.0,-1.0,-1.0
1.178,8.184,4.364,1.79,-0.725,0.923,2.087,0.0,-1.0,-1.0
1.198,8.169,4.382,1.832,-0.764,0.878,2.113,0.0,-1.0,-1.0
1.218,8.154,4.399,1.874,-0.804,0.834,2.141,0.0,-1.0,-1.0
1.238,8.137,4.416,1.917,-0.843,0.79,2.166,0.0,-1.0,-1.0
1.258,8.12,4.431,1.96,-0.878,0.746,2.184,0.0,-1.0,-1.0
1.278,8.102,4.445,2.004,-0.908,0.702,2.192,0.0,-1.0,-1.0
1.298,8.084,4.459,2.048,-0.936,0.657,2.197,0.0,-1.0,-1.0
1.318,8.065,4.472,2.091,-0.964,0.611,2.205,0.0,-1.0,-1.0
1.338,8.046,4.484,2.135,-0.992,0.565,2.211,0.0,-1.0,-1.0
1.358,8.026,4.494,2.179,-1.018,0.522,2.212,0.0,-1.0,-1.0
1.378,8.005,4.504,2.223,-1.042,0.481,2.204,0.0,-1.0,-1.0
1.398,7.984,4.514,2.267,-1.063,0.441,2.191,0.0,-1.0,-1.0
1.418,7.963,4.522,2.311,-1.084,0.4,2.18,0.0,-1.0,-1.0
1.438,7.941,4.53,2.354,-1.105,0.359,2.168,0.0,-1.0,-1.0
1.458,7.919,4.537,2.397,-1.126,0.32,2.153,0.0,-1.0,-1.0
1.478,7.896,4.543,2.44,-1.146,0.286,2.132,0.0,-1.0,-1.0
1.498,7.873,4.548,2.482,-1.165,0.256,2.104,0.0,-1.0,-1.0
1.518,7.849,4.553,2.524,-1.184,0.226,2.076,0.0,-1.0,-1.0
1.538,7.826,4.557,2.565,-1.203,0.195,2.049,0.0,-1.0,-1.0
1.558,7.801,4.561,2.605,-1.223,0.165,2.021,0.0,-1.0,-1.0
1.578,7.777,4.564,2.645,-1.241,0.139,1.99,0.0,-1.0,-1.0
1.598,7.752,4.567,2.685,-1.26,0.117,1.957,0.0,-1.0,-1.0
1.618,7.726,4.569,2.723,-1.279,0.094,1.923,0.0,-1.0,-1.0
1.638,7.701,4.571,2.762,-1.298,0.071,1.889,0.0,-1.0,-1.0
1.658,7.675,4.572,2.799,-1.317,0.049,1.856,0.0,-1.0,-1.0
1.678,7.648,4.573,2.836,-1.335,0.028,1.822,0.0,-1.0,-1.0
1.698,7.621,4.573,2.872,-1.353,0.009,1.788,0.0,-1.0,-1.0
1.718,7.594,4.573,2.907,-1.371,-0.01,1.754,0.0,-1.0,-1.0
1.738,7.567,4.573,2.942,-1.389,-0.029,1.72,0.0,-1.0,-1.0
1.758,7.539,4.572,2.976,-1.407,-0.048,1.686,0.0,-1.0,-1.0
1.778,7.51,4.571,3.009,-1.424,-0.066,1.653,0.0,-1.0,-1.0
1.798,7.482,4.569,3.042,-1.441,-0.084,1.619,0.0,-1.0,-1.0
1.818,7.453,4.567,3.074,-1.457,-0.101,1.587,0.0,-1.0,-1.0
1.838,7.424,4.565,3.105,-1.475,-0.118,1.555,0.0,-1.0,-1.0
1.858,7.394,4.563,3.136,-1.492,-0.135,1.522,0.0,-1.0,-1.0
1.878,7.364,4.56,3.166,-1.508,-0.153,1.489,0.0,-1.0,-1.0
1.897,7.334,4.557,3.195,-1.521,-0.172,1.453,0.0,-1.0,-1.0
1.917,7.303,4.553,3.224,-1.533,-0.195,1.417,0.0,-1.0,-1.0
1.937,7.273,4.549,3.252,-1.545,-0.219,1.385,0.0,-1.0,-1.0
1.957,7.242,4.544,3.279,-1.557,-0.243,1.351,0.0,-1.0,-1.0
1.977,7.211,4.539,3.305,-1.568,-0.264,1.314,0.0,-1.0,-1.0
1.997,7.179,4.534,3.331,-1.58,-0.28,1.27,0.0,-1.0,-1.0
2.017,7.147,4.528,3.356,-1.591,-0.289,1.216,0.0,-1.0,-1.0
2.037,7.116,4.523,3.38,-1.605,-0.296,1.155,0.0,-1.0,-1.0
2.057,7.083,4.516,3.402,-1.618,-0.302,1.093,0.0,-1.0,-1.0
2.077,7.051,4.51,3.424,-1.63,-0.31,1.037,0.0,-1.0,-1.0
2.097,7.019,4.504,3.445,-1.639,-0.323,0.992,0.0,-1.0,-1.0
2.117,6.986,4.497,3.464,-1.644,-0.342,0.962,0.0,-1.0,-1.0
2.137,6.953,4.49,3.483,-1.652,-0.363,0.926,0.0,-1.0,-1.0
2.157,6.92,4.483,3.502,-1.66,-0.385,0.89,0.0,-1.0,-1.0
2.177,6.887,4.475,3.52,-1.664,-0.405,0.865,0.0,-1.0,-1.0
2.197,6.854,4.467,3.537,-1.659,-0.421,0.863,0.0,-1.0,-1.0
2.217,6.821,4.458,3.554,-1.65,-0.436,0.871,0.0,-1.0,-1.0
2.237,6.788,4.449,3.572,-1.643,-0.452,0.877,0.0,-1.0,-1.0
2.257,6.755,4.44,3.59,-1.634,-0.467,0.886,0.0,-1.0,-1.0
2.277,6.723,4.431,3.608,-1.621,-0.48,0.906,0.0,-1.0,-1.0
2.297,6.691,4.421,3.626,-1.604,-0.49,0.937,0.0,-1.0,-1.0
2.317,6.659,4.411,3.645,-1.589,-0.5,0.966,0.0,-1.0,-1.0
2.337,6.627,4.401,3.665,-1.573,-0.51,0.997,0.0,-1.0,-1.0
2.357,6.596,4.391,3.686,-1.555,-0.519,1.031,0.0,-1.0,-1.0
2.377,6.565,4.38,3.707,-1.533,-0.529,1.073,0.0,-1.0,-1.0
2.397,6.535,4.37,3.728,-1.511,-0.538,1.117,0.0,-1.0,-1.0
2.417,6.505,4.359,3.751,-1.489,-0.548,1.16,0.0,-1.0,-1.0
2.437,6.476,4.348,3.775,-1.466,-0.557,1.204,0.0,-1.0,-1.0
2.457,6.447,4.336,3.8,-1.44,-0.567,1.252,0.0,-1.0,-1.0
2.477,6.418,4.325,3.825,-1.413,-0.579,1.305,0.0,-1.0,-1.0
2.497,6.39,4.313,3.852,-1.388,-0.591,1.359,0.0,-1.0,-1.0
2.517,6.363,4.301,3.879,-1.361,-0.602,1.412,0.0,-1.0,-1.0
2.537,6.336,4.289,3.908,-1.329,-0.612,1.46,0.0,-1.0,-1.0
2.557,6.31,4.277,3.937,-1.289,-0.619,1.503,0.0,-1.0,-1.0
2.577,6.285,4.265,3.968,-1.25,-0.627,1.547,0.0,-1.0,-1.0
2.597,6.26,4.252,3.999,-1.211,-0.635,1.591,0.0,-1.0,-1.0
2.617,6.237,4.239,4.031,-1.169,-0.641,1.631,0.0,-1.0,-1.0
2.637,6.214,4.227,4.064,-1.12,-0.645,1.664,0.0,-1.0,-1.0
2.656,6.192,4.214,4.097,-1.07,-0.648,1.695,0.0,-1.0,-1.0
2.676,6.171,4.201,4.131,-1.02,-0.651,1.726,0.0,-1.0,-1.0
2.696,6.151,4.188,4.166,-0.969,-0.653,1.756,0.0,-1.0,-1.0
2.716,6.133,4.175,4.201,-0.914,-0.654,1.781,0.0,-1.0,-1.0
2.736,6.115,4.162,4.237,-0.855,-0.654,1.802,0.0,-1.0,-1.0
2.756,6.099,4.149,4.273,-0.797,-0.655,1.824,0.0,-1.0,-1.0
2.776,6.083,4.136,4.31,-0.739,-0.655,1.845,0.0,-1.0,-1.0
2.796,6.069,4.123,4.347,-0.678,-0.654,1.864,0.0,-1.0,-1.0
2.816,6.056,4.109,4.384,-0.614,-0.653,1.879,0.0,-1.0,-1.0
2.836,6.045,4.096,4.422,-0.55,-0.651,1.893,0.0,-1.0,-1.0
2.856,6.034,4.083,4.46,-0.487,-0.65,1.907,0.0,-1.0,-1.0
2.876,6.025,4.071,4.498,-0.422,-0.648,1.921,0.0,-1.0,-1.0
2.896,6.018,4.058,4.536,-0.354,-0.645,1.931,0.0,-1.0,-1.0
2.916,6.011,4.045,4.575,-0.284,-0.642,1.94,0.0,-1.0,-1.0
2.936,6.006,4.032,4.614,-0.215,-0.639,1.95,0.0,-1.0,-1.0
2.956,6.003,4.019,4.653,-0.145,-0.636,1.959,0.0,-1.0,-1.0
2.976,6.001,4.007,4.692,-0.074,-0.633,1.966,0.0,-1.0,-1.0
2.996,6.0,3.994,4.731,-0.002,-0.629,1.971,0.0,-1.0,-1.0
3.016,6.0,3.981,4.771,0.071,-0.626,1.978,0.0,-1.0,-1.0
3.036,6.003,3.969,4.81,0.144,-0.622,1.984,0.0,-1.0,-1.0
3.056,6.006,3.957,4.85,0.216,-0.619,1.988,0.0,-1.0,-1.0
3.076,6.011,3.944,4.89,0.284,-0.615,1.988,0.0,-1.0,-1.0
3.096,6.017,3.932,4.929,0.353,-0.612,1.987,0.0,-1.0,-1.0
3.116,6.025,3.92,4.969,0.421,-0.609,1.987,0.0,-1.0,-1.0
3.136,6.034,3.908,5.008,0.489,-0.606,1.985,0.0,-1.0,-1.0
3.156,6.045,3.896,5.048,0.554,-0.603,1.978,0.0,-1.0,-1.0
3.176,6.056,3.884,5.087,0.619,-0.6,1.97,0.0,-1.0,-1.0
3.196,6.069,3.872,5.127,0.684,-0.597,1.963,0.0,-1.0,-1.0
3.216,6.084,3.86,5.166,0.749,-0.594,1.955,0.0,-1.0,-1.0
3.236,6.099,3.848,5.204,0.811,-0.591,1.942,0.0,-1.0,-1.0
3.256,6.116,3.836,5.243,0.872,-0.589,1.925,0.0,-1.0,-1.0
3.276,6.134,3.824,5.281,0.934,-0.586,1.911,0.0,-1.0,-1.0
3.296,6.153,3.813,5.319,0.995,-0.584,1.895,0.0,-1.0,-1.0
3.316,6.174,3.801,5.357,1.054,-0.582,1.875,0.0,-1.0,-1.0
3.336,6.195,3.789,5.394,1.11,-0.58,1.849,0.0,-1.0,-1.0
3.356,6.218,3.778,5.431,1.168,-0.578,1.825,0.0,-1.0,-1.0
3.376,6.242,3.766,5.467,1.225,-0.575,1.801,0.0,-1.0,-1.0
3.396,6.267,3.755,5.502,1.28,-0.574,1.772,0.0,-1.0,-1.0
3.415,6.293,3.743,5.537,1.331,-0.572,1.735,0.0,-1.0,-1.0
3.435,6.32,3.732,5.571,1.383,-0.571,1.7,0.0,-1.0,-1.0
3.455,6.348,3.721,5.605,1.435,-0.569,1.666,0.0,-1.0,-1.0
3.475,6.377,3.709,5.638,1.485,-0.568,1.626,0.0,-1.0,-1.0
3.495,6.407,3.698,5.669,1.528,-0.569,1.573,0.0,-1.0,-1.0
3.515,6.438,3.686,5.7,1.571,-0.571,1.519,0.0,-1.0,-1.0
3.535,6.47,3.675,5.73,1.615,-0.572,1.468,0.0,-1.0,-1.0
3.555,6.502,3.664,5.758,1.656,-0.574,1.41,0.0,-1.0,-1.0
3.575,6.535,3.652,5.786,1.689,-0.577,1.337,0.0,-1.0,-1.0
3.595,6.569,3.64,5.811,1.716,-0.58,1.251,0.0,-1.0,-1.0
3.615,6.604,3.629,5.835,1.744,-0.583,1.168,0.0,-1.0,-1.0
3.635,6.639,3.617,5.858,1.771,-0.587,1.082,0.0,-1.0,-1.0
3.655,6.674,3.605,5.878,1.792,-0.589,0.988,0.0,-1.0,-1.0
3.675,6.71,3.594,5.897,1.807,-0.591,0.885,0.0,-1.0,-1.0
3.695,6.746,3.582,5.913,1.823,-0.592,0.782,0.0,-1.0,-1.0
3.715,6.783,3.57,5.928,1.838,-0.594,0.679,0.0,-1.0,-1.0
3.735,6.82,3.558,5.94,1.85,-0.596,0.572,0.0,-1.0,-1.0
3.755,6.857,3.546,5.951,1.856,-0.597,0.459,0.0,-1.0,-1.0
3.775,6.894,3.534,5.959,1.862,-0.599,0.345,0.0,-1.0,-1.0
3.795,6.931,3.522,5.964,1.869,-0.601,0.23,0.0,-1.0,-1.0
3.815,6.968,3.51,5.968,1.873,-0.603,0.116,0.0,-1.0,-1.0
3.835,7.006,3.498,5.969,1.871,-0.604,0.001,0.0,-1.0,-1.0
3.855,7.043,3.486,5.968,1.868,-0.606,-0.115,0.0,-1.0,-1.0
3.875,7.08,3.474,5.965,1.866,-0.608,-0.232,0.0,-1.0,-1.0
3.895,7.117,3.462,5.959,1.861,-0.61,-0.347,0.0,-1.0,-1.0
3.915,7.154,3.45,5.951,1.852,-0.611,-0.457,0.0,-1.0,-1.0
3.935,7.191,3.437,5.941,1.84,-0.612,-0.566,0.0,-1.0,-1.0
3.955,7.228,3.425,5.928,1.83,-0.614,-0.677,0.0,-1.0,-1.0
3.975,7.264,3.413,5.914,1.818,-0.615,-0.785,0.0,-1.0,-1.0
3.995,7.3,3.401,5.897,1.801,-0.615,-0.886,0.0,-1.0,-1.0
4.015,7.336,3.388,5.879,1.777,-0.614,-0.979,0.0,-1.0,-1.0
4.035,7.371,3.376,5.858,1.756,-0.612,-1.077,0.0,-1.0,-1.0
4.055,7.406,3.364,5.836,1.734,-0.611,-1.173,0.0,-1.0,-1.0
4.075,7.44,3.352,5.812,1.706,-0.609,-1.258,0.0,-1.0,-1.0
4.095,7.474,3.34,5.786,1.669,-0.607,-1.327,0.0,-1.0,-1.0
4.115,7.506,3.328,5.759,1.633,-0.604,-1.398,0.0,-1.0,-1.0
4.135,7.539,3.316,5.731,1.597,-0.601,-1.468,0.0,-1.0,-1.0
4.154,7.57,3.304,5.701,1.557,-0.599,-1.531,0.0,-1.0,-1.0
4.174,7.601,3.292,5.67,1.51,-0.598,-1.58,0.0,-1.0,-1.0
4.194,7.63,3.28,5.638,1.463,-0.597,-1.627,0.0,-1.0,-1.0
4.214,7.659,3.268,5.605,1.416,-0.596,-1.675,0.0,-1.0,-1.0
4.234,7.687,3.256,5.572,1.367,-0.595,-1.718,0.0,-1.0,-1.0
4.254,7.713,3.244,5.537,1.314,-0.594,-1.754,0.0,-1.0,-1.0
4.274,7.739,3.232,5.502,1.26,-0.593,-1.785,0.0,-1.0,-1.0
4.294,7.764,3.22,5.466,1.206,-0.592,-1.819,0.0,-1.0,-1.0
4.314,7.787,3.208,5.429,1.151,-0.591,-1.85,0.0,-1.0,-1.0
4.334,7.81,3.197,5.392,1.094,-0.59,-1.875,0.0,-1.0,-1.0
4.354,7.831,3.185,5.354,1.035,-0.589,-1.896,0.0,-1.0,-1.0
4.374,7.851,3.173,5.316,0.977,-0.588,-1.919,0.0,-1.0,-1.0
4.394,7.87,3.161,5.278,0.917,-0.587,-1.941,0.0,-1.0,-1.0
4.414,7.888,3.15,5.239,0.857,-0.585,-1.958,0.0,-1.0,-1.0
4.434,7.904,3.138,5.2,0.794,-0.584,-1.971,0.0,-1.0,-1.0
4.454,7.919,3.126,5.16,0.731,-0.582,-1.985,0.0,-1.0,-1.0
4.474,7.933,3.115,5.121,0.668,-0.58,-1.999,0.0,-1.0,-1.0
4.494,7.946,3.103,5.081,0.604,-0.578,-2.01,0.0,-1.0,-1.0
4.514,7.957,3.092,5.04,0.538,-0.576,-2.016,0.0,-1.0,-1.0
4.534,7.967,3.08,5.0,0.472,-0.574,-2.023,0.0,-1.0,-1.0
4.554,7.976,3.069,4.96,0.406,-0.572,-2.029,0.0,-1.0,-1.0
4.574,7.983,3.057,4.919,0.34,-0.57,-2.034,0.0,-1.0,-1.0
4.594,7.99,3.046,4.879,0.271,-0.568,-2.036,0.0,-1.0,-1.0
4.614,7.994,3.035,4.838,0.204,-0.566,-2.036,0.0,-1.0,-1.0
4.634,7.998,3.023,4.797,0.138,-0.564,-2.037,0.0,-1.0,-1.0
4.654,7.999,3.012,4.757,0.069,-0.561,-2.037,0.0,-1.0,-1.0
4.674,8.0,3.001,4.716,-0.008,-0.558,-2.035,0.0,-1.0,-1.0
4.694,7.999,2.99,4.675,-0.092,-0.555,-2.031,0.0,-1.0,-1.0
4.714,7.996,2.979,4.635,-0.178,-0.551,-2.029,0.0,-1.0,-1.0
4.734,7.992,2.968,4.594,-0.265,-0.548,-2.026,0.0,-1.0,-1.0
4.754,7.986,2.957,4.554,-0.35,-0.545,-2.023,0.0,-1.0,-1.0
4.774,7.978,2.946,4.514,-0.434,-0.541,-2.018,0.0,-1.0,-1.0
4.794,7.969,2.935,4.474,-0.514,-0.537,-2.012,0.0,-1.0,-1.0
4.814,7.958,2.925,4.434,-0.592,-0.533,-2.003,0.0,-1.0,-1.0
4.834,7.945,2.914,4.394,-0.669,-0.529,-1.995,0.0,-1.0,-1.0
4.854,7.931,2.904,4.354,-0.748,-0.526,-1.988,0.0,-1.0,-1.0
4.874,7.916,2.893,4.314,-0.826,-0.522,-1.981,0.0,-1.0,-1.0
4.894,7.898,2.883,4.275,-0.903,-0.518,-1.972,0.0,-1.0,-1.0
4.913,7.88,2.872,4.236,-0.978,-0.514,-1.961,0.0,-1.0,-1.0
4.933,7.86,2.862,4.197,-1.05,-0.509,-1.948,0.0,-1.0,-1.0
4.953,7.838,2.852,4.158,-1.12,-0.505,-1.934,0.0,-1.0,-1.0
4.973,7.815,2.842,4.12,-1.192,-0.5,-1.921,0.0,-1.0,-1.0
4.993,7.79,2.832,4.081,-1.264,-0.496,-1.908,0.0,-1.0,-1.0
5.013,7.765,2.822,4.044,-1.335,-0.491,-1.894,0.0,-1.0,-1.0
5.033,7.737,2.813,4.006,-1.405,-0.486,-1.879,0.0,-1.0,-1.0
5.053,7.709,2.803,3.969,-1.471,-0.481,-1.86,0.0,-1.0,-1.0
5.073,7.679,2.793,3.932,-1.534,-0.475,-1.838,0.0,-1.0,-1.0
5.093,7.648,2.784,3.895,-1.598,-0.469,-1.818,0.0,-1.0,-1.0
5.113,7.615,2.775,3.859,-1.663,-0.464,-1.799,0.0,-1.0,-1.0
5.133,7.581,2.765,3.824,-1.728,-0.458,-1.779,0.0,-1.0,-1.0
5.153,7.546,2.756,3.789,-1.791,-0.452,-1.757,0.0,-1.0,-1.0
5.173,7.51,2.747,3.754,-1.85,-0.446,-1.731,0.0,-1.0,-1.0
5.193,7.473,2.739,3.72,-1.905,-0.438,-1.7,0.0,-1.0,-1.0
5.213,7.434,2.73,3.686,-1.958,-0.43,-1.668,0.0,-1.0,-1.0
5.233,7.395,2.721,3.653,-2.015,-0.422,-1.639,0.0,-1.0,-1.0
5.253,7.354,2.713,3.621,-2.072,-0.413,-1.612,0.0,-1.0,-1.0
5.273,7.312,2.705,3.59,-2.127,-0.405,-1.582,0.0,-1.0,-1.0
5.293,7.27,2.697,3.559,-2.178,-0.397,-1.546,0.0,-1.0,-1.0
5.313,7.226,2.689,3.529,-2.222,-0.391,-1.5,0.0,-1.0,-1.0
5.333,7.181,2.681,3.5,-2.258,-0.387,-1.442,0.0,-1.0,-1.0
5.353,7.136,2.673,3.471,-2.295,-0.383,-1.383,0.0,-1.0,-1.0
5.373,7.09,2.666,3.444,-2.333,-0.379,-1.324,0.0,-1.0,-1.0
5.393,7.043,2.658,3.419,-2.37,-0.375,-1.266,0.0,-1.0,-1.0
5.413,6.996,2.651,3.394,-2.406,-0.37,-1.206,0.0,-1.0,-1.0
5.433,6.947,2.644,3.371,-2.437,-0.366,-1.145,0.0,-1.0,-1.0
5.453,6.899,2.636,3.348,-2.463,-0.36,-1.082,0.0,-1.0,-1.0
5.473,6.849,2.629,3.327,-2.486,-0.354,-1.016,0.0,-1.0,-1.0
5.493,6.799,2.622,3.308,-2.51,-0.349,-0.949,0.0,-1.0,-1.0
5.513,6.749,2.615,3.289,-2.534,-0.343,-0.881,0.0,-1.0,-1.0
5.533,6.698,2.609,3.272,-2.557,-0.337,-0.814,0.0,-1.0,-1.0
5.553,6.647,2.602,3.256,-2.579,-0.331,-0.751,0.0,-1.0,-1.0
5.573,6.595,2.595,3.242,-2.599,-0.325,-0.691,0.0,-1.0,-1.0
5.593,6.543,2.589,3.229,-2.616,-0.318,-0.636,0.0,-1.0,-1.0
5.613,6.491,2.583,3.216,-2.633,-0.311,-0.579,0.0,-1.0,-1.0
5.633,6.438,2.576,3.205,-2.651,-0.305,-0.52,0.0,-1.0,-1.0
5.653,6.385,2.57,3.195,-2.669,-0.299,-0.461,0.0,-1.0,-1.0
5.672,6.332,2.565,3.186,-2.686,-0.292,-0.406,0.0,-1.0,-1.0
5.692,6.278,2.559,3.178,-2.702,-0.284,-0.356,0.0,-1.0,-1.0
5.712,6.224,2.553,3.172,-2.715,-0.276,-0.314,0.0,-1.0,-1.0
5.732,6.17,2.548,3.166,-2.728,-0.267,-0.274,0.0,-1.0,-1.0
5.752,6.115,2.543,3.16,-2.742,-0.26,-0.23,0.0,-1.0,-1.0
5.772,6.06,2.538,3.156,-2.756,-0.253,-0.184,0.0,-1.0,-1.0
5.792,6.005,2.533,3.152,-2.77,-0.245,-0.142,0.0,-1.0,-1.0
5.812,5.95,2.528,3.149,-2.781,-0.236,-0.106,0.0,-1.0,-1.0
5.832,5.894,2.524,3.147,-2.79,-0.224,-0.08,0.0,-1.0,-1.0
5.852,5.839,2.519,3.146,-2.794,-0.208,-0.067,0.0,-1.0,-1.0
5.872,5.783,2.515,3.144,-2.798,-0.191,-0.053,0.0,-1.0,-1.0
5.892,5.727,2.512,3.143,-2.803,-0.174,-0.039,0.0,-1.0,-1.0
5.912,5.671,2.508,3.143,-2.807,-0.157,-0.024,0.0,-1.0,-1.0
5.932,5.615,2.505,3.142,-2.811,-0.141,-0.012,0.0,-1.0,-1.0
5.952,5.559,2.503,3.142,-2.814,-0.125,-0.004,0.0,-1.0,-1.0
5.972,5.502,2.5,3.142,-2.815,-0.112,-0.0,0.0,-1.0,-1.0
5.992,5.446,2.498,3.142,-2.816,-0.099,-0.0,0.0,-1.0,-1.0
6.012,5.39,2.496,3.142,-2.816,-0.086,-0.0,0.0,-1.0,-1.0
6.032,5.334,2.494,3.142,-2.817,-0.071,-0.0,0.0,-1.0,-1.0
6.052,5.278,2.493,3.142,-2.817,-0.058,-0.0,0.0,-1.0,-1.0
6.072,5.221,2.492,3.142,-2.818,-0.045,-0.0,0.0,-1.0,-1.0
6.092,5.165,2.491,3.142,-2.818,-0.034,-0.0,0.0,-1.0,-1.0
6.112,5.109,2.49,3.142,-2.818,-0.025,-0.0,0.0,-1.0,-1.0
6.132,5.052,2.49,3.142,-2.818,-0.019,-0.0,0.0,-1.0,-1.0
6.152,4.996,2.49,3.142,-2.818,-0.011,-0.0,0.0,-1.0,-1.0
6.172,4.94,2.489,3.142,-2.818,-0.003,-0.0,0.0,-1.0,-1.0
6.192,4.884,2.489,3.142,-2.818,0.004,-0.0,0.0,-1.0,-1.0
6.212,4.827,2.489,3.142,-2.818,0.011,-0.0,0.0,-1.0,-1.0
6.232,4.771,2.489,3.142,-2.818,0.017,-0.0,0.0,-1.0,-1.0
6.252,4.715,2.49,3.142,-2.818,0.021,-0.0,0.0,-1.0,-1.0
6.272,4.658,2.49,3.142,-2.818,0.021,-0.0,0.0,-1.0,-1.0
6.292,4.602,2.491,3.142,-2.818,0.021,-0.0,0.0,-1.0,-1.0
6.312,4.546,2.491,3.142,-2.818,0.021,-0.0,0.0,-1.0,-1.0
6.332,4.489,2.491,3.142,-2.819,0.021,-0.0,0.0,-1.0,-1.0
6.352,4.433,2.492,3.142,-2.819,0.021,-0.0,0.0,-1.0,-1.0
6.372,4.377,2.492,3.142,-2.819,0.02,-0.0,0.0,-1.0,-1.0
6.392,4.321,2.493,3.142,-2.819,0.02,-0.0,0.0,-1.0,-1.0
6.412,4.264,2.493,3.142,-2.819,0.02,-0.0,0.0,-1.0,-1.0
6.431,4.208,2.493,3.142,-2.821,0.019,-0.0,0.0,-1.0,-1.0
6.451,4.152,2.494,3.141,-2.829,0.018,-0.0,0.0,-1.0,-1.0
6.471,4.095,2.494,3.141,-2.84,0.018,-0.0,0.0,-1.0,-1.0
6.491,4.039,2.494,3.141,-2.85,0.017,-0.0,0.0,-1.0,-1.0
6.511,3.983,2.495,3.141,-2.855,0.017,-0.0,0.0,-1.0,-1.0
6.531,3.927,2.495,3.141,-2.851,0.016,-0.0,0.0,-1.0,-1.0
6.551,3.87,2.495,3.141,-2.836,0.015,-0.0,0.0,-1.0,-1.0
6.571,3.814,2.496,3.141,-2.806,0.014,-0.0,0.0,-1.0,-1.0
6.591,3.758,2.496,3.141,-2.775,0.013,-0.0,0.0,-1.0,-1.0
6.611,3.703,2.496,3.141,-2.747,0.012,-0.0,0.0,-1.0,-1.0
6.631,3.649,2.496,3.141,-2.719,0.01,-0.001,0.0,-1.0,-1.0
6.651,3.595,2.497,3.141,-2.689,0.009,-0.001,0.0,-1.0,-1.0
6.671,3.542,2.497,3.141,-2.655,0.008,-0.001,0.0,-1.0,-1.0
6.691,3.49,2.497,3.141,-2.616,0.007,-0.001,0.0,-1.0,-1.0
6.711,3.438,2.497,3.141,-2.569,0.007,-0.001,0.0,-1.0,-1.0
6.731,3.388,2.497,3.141,-2.519,0.007,-0.001,0.0,-1.0,-1.0
6.751,3.338,2.497,3.141,-2.47,0.007,-0.001,0.0,-1.0,-1.0
6.771,3.289,2.498,3.141,-2.422,0.007,-0.0,0.0,-1.0,-1.0
6.791,3.241,2.498,3.141,-2.374,0.006,-0.0,0.0,-1.0,-1.0
6.811,3.195,2.498,3.141,-2.324,0.006,-0.0,0.0,-1.0,-1.0
6.831,3.149,2.498,3.141,-2.27,0.006,-0.0,0.0,-1.0,-1.0
6.851,3.104,2.498,3.141,-2.213,0.006,-0.0,0.0,-1.0,-1.0
6.871,3.061,2.498,3.141,-2.151,0.006,0.0,0.0,-1.0,-1.0
6.891,3.018,2.498,3.141,-2.091,0.006,0.0,0.0,-1.0,-1.0
6.911,2.977,2.498,3.141,-2.031,0.005,0.0,0.0,-1.0,-1.0
6.931,2.938,2.499,3.141,-1.971,0.005,0.0,0.0,-1.0,-1.0
6.951,2.899,2.499,3.141,-1.911,0.005,0.0,0.0,-1.0,-1.0
6.971,2.862,2.499,3.141,-1.848,0.005,0.0,0.0,-1.0,-1.0
6.991,2.825,2.499,3.141,-1.782,0.005,0.0,0.0,-1.0,-1.0
7.011,2.791,2.499,3.141,-1.713,0.005,0.0,0.0,-1.0,-1.0
7.031,2.757,2.499,3.141,-1.643,0.004,0.001,0.0,-1.0,-1.0
7.051,2.725,2.499,3.141,-1.574,0.004,0.001,0.0,-1.0,-1.0
7.071,2.694,2.499,3.141,-1.505,0.004,0.001,0.0,-1.0,-1.0
7.091,2.665,2.499,3.141,-1.436,0.004,0.001,0.0,-1.0,-1.0
7.111,2.637,2.499,3.141,-1.366,0.004,0.001,0.0,-1.0,-1.0
7.131,2.611,2.499,3.141,-1.293,0.003,0.001,0.0,-1.0,-1.0
7.151,2.586,2.499,3.141,-1.217,0.003,0.001,0.0,-1.0,-1.0
7.171,2.562,2.5,3.141,-1.14,0.003,0.001,0.0,-1.0,-1.0
7.19,2.54,2.5,3.141,-1.063,0.003,0.001,0.0,-1.0,-1.0
7.21,2.52,2.5,3.141,-0.987,0.003,0.001,0.0,-1.0,-1.0
7.23,2.501,2.5,3.142,-0.911,0.002,0.001,0.0,-1.0,-1.0
7.25,2.484,2.5,3.142,-0.834,0.002,0.001,0.0,-1.0,-1.0
7.27,2.468,2.5,3.142,-0.755,0.002,0.001,0.0,-1.0,-1.0
7.29,2.454,2.5,3.142,-0.674,0.002,0.001,0.0,-1.0,-1.0
7.31,2.441,2.5,3.142,-0.59,0.002,0.001,0.0,-1.0,-1.0
7.33,2.43,2.5,3.142,-0.506,0.001,0.0,0.0,-1.0,-1.0
7.35,2.421,2.5,3.142,-0.422,0.001,0.0,0.0,-1.0,-1.0
7.37,2.413,2.5,3.142,-0.337,0.001,0.0,0.0,-1.0,-1.0
7.39,2.408,2.5,3.142,-0.253,0.001,0.0,0.0,-1.0,-1.0
7.41,2.403,2.5,3.142,-0.169,0.0,0.0,0.0,-1.0,-1.0
7.43,2.401,2.5,3.142,-0.084,0.0,0.0,0.0,-1.0,-1.0
7.45,2.4,2.5,3.142,-0.0,0.0,0.0,1.0,-1.0,-1.0
