0.0,3.5,2.5,0.0,-0.0,0.0,0.0,0.0,-1.0,-1.0
0.02,3.501,2.5,0.0,0.086,-0.0,-0.0,0.0,-1.0,-1.0
0.04,3.503,2.5,0.0,0.172,-0.0,-0.0,0.0,-1.0,-1.0
0.06,3.508,2.5,0.0,0.259,-0.0,-0.0,0.0,-1.0,-1.0
0.08,3.514,2.5,-0.0,0.345,-0.0,-0.0,0.0,-1.0,-1.0
0.1,3.522,2.5,-0.0,0.431,-0.0,-0.0,0.0,-1.0,-1.0
0.12,3.531,2.5,-0.0,0.517,-0.0,-0.0,0.0,-1.0,-1.0
0.14,3.542,2.5,-0.0,0.603,-0.0,-0.0,0.0,-1.0,-1.0
0.16,3.555,2.5,-0.0,0.689,0.0,0.0,0.0,-1.0,-1.0
0.18,3.57,2.5,-0.0,0.776,0.0,0.0,0.0,-1.0,-1.0
0.2,3.586,2.5,-0.0,0.862,0.0,0.0,0.0,-1.0,-1.0
0.22,3.604,2.5,-0.0,0.948,0.0,0.0,0.0,-1.0,-1.0
0.24,3.624,2.5,0.0,1.034,0.0,0.0,0.0,-1.0,-1.0
0.26,3.645,2.5,0.0,1.121,0.0,0.0,0.0,-1.0,-1.0
0.28,3.669,2.5,0.0,1.212,-0.0,-0.0,0.0,-1.0,-1.0
0.3,3.694,2.5,0.0,1.303,-0.0,-0.0,0.0,-1.0,-1.0
0.32,3.72,2.5,0.0,1.392,-0.0,-0.0,0.0,-1.0,-1.0
0.339,3.749,2.5,0.0,1.477,-0.0,-0.0,0.0,-1.0,-1.0
0.359,3.779,2.5,-0.0,1.556,-0.0,-0.0,0.0,-1.0,-1.0
0.379,3.811,2.5,-0.0,1.631,-0.0,-0.0,0.0,-1.0,-1.0
0.399,3.844,2.5,-0.0,1.72,-0.0,-0.0,0.0,-1.0,-1.0
0.419,3.878,2.5,-0.0,1.814,0.0,0.0,0.0,-1.0,-1.0
0.439,3.914,2.5,-0.0,1.901,0.0,0.0,0.0,-1.0,-1.0
0.459,3.952,2.5,-0.0,1.972,0.0,0.0,0.0,-1.0,-1.0
0.479,3.991,2.5,-0.0,2.014,0.0,0.0,0.0,-1.0,-1.0
0.499,4.031,2.5,0.0,2.021,0.0,0.0,0.0,-1.0,-1.0
0.519,4.071,2.5,0.0,2.021,0.0,0.0,0.0,-1.0,-1.0
0.539,4.112,2.5,0.0,2.021,-0.0,-0.0,0.0,-1.0,-1.0
0.559,4.152,2.5,0.0,2.021,-0.0,-0.0,0.0,-1.0,-1.0
0.579,4.192,2.5,0.0,2.021,-0.0,-0.0,0.0,-1.0,-1.0
0.599,4.233,2.5,0.0,2.021,-0.0,-0.0,0.0,-1.0,-1.0
0.619,4.273,2.5,-0.0,2.021,-0.0,-0.0,0.0,-1.0,-1.0
0.639,4.313,2.5,-0.0,2.021,-0.0,-0.0,0.0,-1.0,-1.0
0.659,4.354,2.5,-0.0,2.021,0.0,0.0,0.0,-1.0,-1.0
0.679,4.394,2.5,-0.0,2.021,0.0,0.0,0.0,-1.0,-1.0
0.699,4.434,2.5,-0.0,2.021,0.0,0.0,0.0,-1.0,-1.0
0.719,4.475,2.5,-0.0,2.021,0.0,0.0,0.0,-1.0,-1.0
0.739,4.515,2.5,0.0,2.021,0.0,0.0,0.0,-1.0,-1.0
0.759,4.555,2.5,0.0,2.021,0.0,0.0,0.0,-1.0,-1.0
0.779,4.596,2.5,0.0,2.021,-0.0,-0.0,0.0,-1.0,-1.0
0.799,4.636,2.5,0.0,2.021,-0.0,-0.0,0.0,-1.0,-1.0
0.819,4.677,2.5,0.0,2.021,-0.0,-0.0,0.0,-1.0,-1.0
0.839,4.717,2.5,0.0,2.021,-0.0,-0.0,0.0,-1.0,-1.0
0.859,4.757,2.5,-0.0,2.021,-0.0,-0.0,0.0,-1.0,-1.0
0.879,4.798,2.5,-0.0,2.021,-0.0,-0.0,0.0,-1.0,-1.0
0.899,4.838,2.5,-0.0,2.021,0.0,0.0,0.0,-1.0,-1.0
0.919,4.878,2.5,-0.0,2.021,0.0,0.0,0.0,-1.0,-1.0
0.939,4.919,2.5,-0.0,2.021,0.0,0.0,0.0,-1.0,-1.0
0.959,4.959,2.5,-0.0,2.021,0.0,0.0,0.0,-1.0,-1.0
0.978,4.999,2.5,0.0,2.021,0.0,0.0,0.0,-1.0,-1.0
0.998,5.04,2.5,0.0,2.021,0.0,0.0,0.0,-1.0,-1.0
1.018,5.08,2.5,0.0,2.021,0.0,0.0,0.0,-1.0,-1.0
1.038,5.12,2.5,0.0,2.021,-0.0,-0.0,0.0,-1.0,-1.0
1.058,5.161,2.5,0.0,2.021,-0.0,-0.0,0.0,-1.0,-1.0
1.078,5.201,2.5,0.0,2.021,-0.0,-0.0,0.0,-1.0,-1.0
1.098,5.242,2.5,0.0,2.021,-0.0,-0.0,0.0,-1.0,-1.0
1.118,5.282,2.5,-0.0,2.021,0.006,-0.0,0.0,-1.0,-1.0
1.138,5.322,2.5,-0.0,2.022,0.026,-0.0,0.0,-1.0,-1.0
1.158,5.363,2.5,-0.0,2.023,0.05,-0.0,0.0,-1.0,-1.0
1.178,5.403,2.5,-0.0,2.024,0.066,-0.0,0.0,-1.0,-1.0
1.198,5.443,2.5,-0.0,2.024,0.062,-0.0,0.0,-1.0,-1.0
1.218,5.484,2.5,-0.0,2.022,0.026,-0.0,0.0,-1.0,-1.0
1.238,5.524,2.5,0.0,2.019,-0.046,0.0,0.0,-1.0,-1.0
1.258,5.564,2.498,0.0,2.016,-0.124,0.0,0.0,-1.0,-1.0
1.278,5.605,2.495,0.0,2.011,-0.192,0.0,0.0,-1.0,-1.0
1.298,5.645,2.491,0.0,2.003,-0.255,0.0,0.0,-1.0,-1.0
1.318,5.684,2.485,0.0,1.995,-0.317,0.0,0.0,-1.0,-1.0
1.338,5.724,2.478,0.0,1.987,-0.362,0.0,0.0,-1.0,-1.0
1.358,5.764,2.471,0.0,1.978,-0.407,0.0,0.0,-1.0,-1.0
1.378,5.803,2.462,0.0,1.971,-0.444,0.0,0.0,-1.0,-1.0
1.398,5.843,2.453,0.0,1.965,-0.469,0.0,0.0,-1.0,-1.0
1.418,5.882,2.444,0.0,1.959,-0.493,0.0,0.0,-1.0,-1.0
1.438,5.921,2.434,0.0,1.956,-0.506,0.0,0.0,-1.0,-1.0
1.458,5.96,2.424,0.0,1.953,-0.517,0.0,0.0,-1.0,-1.0
1.478,5.999,2.413,0.0,1.951,-0.523,0.0,0.0,-1.0,-1.0
1.498,6.038,2.403,0.0,1.952,-0.521,0.0,0.0,-1.0,-1.0
1.518,6.077,2.392,0.0,1.953,-0.518,0.0,0.0,-1.0,-1.0
1.538,6.116,2.382,0.0,1.955,-0.51,0.0,0.0,-1.0,-1.0
1.558,6.155,2.372,0.0,1.962,-0.499,0.0,0.0,-1.0,-1.0
1.578,6.194,2.362,0.0,1.966,-0.486,0.0,0.0,-1.0,-1.0
1.598,6.233,2.353,0.0,1.962,-0.467,0.0,0.0,-1.0,-1.0
1.618,6.272,2.344,0.0,1.966,-0.448,0.0,0.0,-1.0,-1.0
1.637,6.311,2.335,0.0,1.944,-0.423,0.0,0.0,-1.0,-1.0
1.657,6.349,2.327,0.0,1.89,-0.388,0.0,0.0,-1.0,-1.0
1.677,6.387,2.32,0.0,1.836,-0.353,-0.0,0.0,-1.0,-1.0
1.697,6.422,2.313,0.0,1.762,-0.319,-0.0,0.0,-1.0,-1.0
1.717,6.457,2.307,0.0,1.66,-0.284,0.0,0.0,-1.0,-1.0
1.737,6.49,2.302,0.0,1.587,-0.25,-0.0,0.0,-1.0,-1.0
1.757,6.521,2.297,-0.0,1.583,-0.216,-0.002,7.0,-1.0,-1.0
1.777,6.553,2.293,-0.0,1.586,-0.178,-0.005,0.0,-1.0,-1.0
1.797,6.585,2.29,-0.0,1.589,-0.137,-0.008,0.0,-1.0,-1.0
1.817,6.616,2.287,-0.0,1.592,-0.099,-0.01,0.0,-1.0,-1.0
1.837,6.648,2.285,-0.001,1.594,-0.067,-0.012,0.0,-1.0,-1.0
1.857,6.68,2.283,-0.001,1.595,-0.043,-0.014,0.0,-1.0,-1.0
1.877,6.712,2.282,-0.001,1.595,-0.031,-0.014,0.0,-1.0,-1.0
1.897,6.744,2.282,-0.001,1.595,-0.021,-0.015,0.0,-1.0,-1.0
1.917,6.776,2.282,-0.002,1.595,-0.009,-0.015,0.0,-1.0,-1.0
1.937,6.807,2.281,-0.002,1.595,0.002,-0.016,0.0,-1.0,-1.0
1.957,6.839,2.281,-0.002,1.595,0.012,-0.016,0.0,-1.0,-1.0
1.977,6.871,2.281,-0.003,1.595,0.018,-0.016,0.0,-1.0,-1.0
1.997,6.903,2.282,-0.003,1.595,0.021,-0.017,0.0,-1.0,-1.0
2.017,6.935,2.282,-0.003,1.595,0.021,-0.017,0.0,-1.0,-1.0
2.037,6.967,2.283,-0.004,1.595,0.021,-0.016,0.0,-1.0,-1.0
2.057,6.999,2.283,-0.004,1.595,0.021,-0.016,0.0,-1.0,-1.0
2.077,7.03,2.283,-0.004,1.595,0.021,-0.016,0.0,-1.0,-1.0
2.097,7.062,2.284,-0.005,1.595,0.021,-0.016,0.0,-1.0,-1.0
2.117,7.094,2.284,-0.005,1.595,0.021,-0.016,0.0,-1.0,-1.0
2.137,7.126,2.285,-0.005,1.595,0.02,-0.016,0.0,-1.0,-1.0
2.157,7.158,2.285,-0.006,1.595,0.019,-0.016,0.0,-1.0,-1.0
2.177,7.19,2.285,-0.006,1.595,0.018,-0.016,0.0,-1.0,-1.0
2.197,7.222,2.286,-0.006,1.595,0.017,-0.016,0.0,-1.0,-1.0
2.217,7.253,2.286,-0.006,1.595,0.016,-0.016,0.0,-1.0,-1.0
2.237,7.285,2.286,-0.007,1.595,0.015,-0.016,0.0,-1.0,-1.0
2.257,7.317,2.287,-0.007,1.595,0.015,-0.016,0.0,-1.0,-1.0
2.277,7.349,2.287,-0.007,1.595,0.014,-0.015,0.0,-1.0,-1.0
2.296,7.381,2.287,-0.008,1.595,0.014,-0.015,0.0,-1.0,-1.0
2.316,7.413,2.288,-0.008,1.596,0.014,-0.015,0.0,-1.0,-1.0
2.336,7.444,2.288,-0.008,1.596,0.013,-0.015,0.0,-1.0,-1.0
2.356,7.476,2.288,-0.009,1.596,0.013,-0.015,0.0,-1.0,-1.0
2.376,7.508,2.288,-0.009,1.595,0.012,-0.016,0.0,-1.0,-1.0
2.396,7.54,2.289,-0.009,1.595,0.012,-0.017,0.0,-1.0,-1.0
2.416,7.572,2.289,-0.01,1.595,0.011,-0.017,0.0,-1.0,-1.0
2.436,7.604,2.289,-0.01,1.595,0.011,-0.017,0.0,-1.0,-1.0
2.456,7.636,2.289,-0.01,1.595,0.01,-0.018,0.0,-1.0,-1.0
2.476,7.667,2.289,-0.011,1.594,0.01,-0.02,0.0,-1.0,-1.0
2.496,7.699,2.29,-0.011,1.593,0.009,-0.023,0.0,-1.0,-1.0
2.516,7.731,2.29,-0.012,1.592,0.008,-0.028,0.0,-1.0,-1.0
2.536,7.763,2.29,-0.012,1.591,0.006,-0.033,0.0,-1.0,-1.0
2.556,7.795,2.29,-0.013,1.589,0.005,-0.037,0.0,-1.0,-1.0
2.576,7.826,2.29,-0.014,1.588,0.003,-0.042,0.0,-1.0,-1.0
2.596,7.858,2.29,-0.015,1.587,0.002,-0.047,0.0,-1.0,-1.0
2.616,7.89,2.29,-0.016,1.585,0.001,-0.051,0.0,-1.0,-1.0
2.636,7.921,2.29,-0.017,1.584,0.0,-0.056,0.0,-1.0,-1.0
2.656,7.953,2.29,-0.018,1.581,-0.001,-0.065,0.0,-1.0,-1.0
2.676,7.984,2.29,-0.019,1.578,-0.003,-0.075,0.0,-1.0,-1.0
2.696,8.016,2.29,-0.021,1.576,-0.005,-0.084,0.0,-1.0,-1.0
2.716,8.048,2.29,-0.022,1.574,-0.006,-0.09,0.0,-1.0,-1.0
2.736,8.079,2.29,-0.024,1.574,-0.005,-0.09,0.0,-1.0,-1.0
2.756,8.111,2.29,-0.025,1.576,-0.002,-0.082,0.0,-1.0,-1.0
2.776,8.142,2.29,-0.027,1.584,0.002,-0.079,0.0,-1.0,-1.0
2.796,8.174,2.29,-0.028,1.597,0.004,-0.086,0.0,-1.0,-1.0
2.816,8.205,2.291,-0.029,1.609,0.007,-0.093,0.0,-1.0,-1.0
2.836,8.237,2.291,-0.03,1.617,0.01,-0.091,0.0,-1.0,-1.0
2.856,8.269,2.291,-0.03,1.617,0.016,-0.069,0.0,-1.0,-1.0
2.876,8.301,2.292,-0.03,1.604,0.025,-0.018,0.0,-1.0,-1.0
2.896,8.333,2.292,-0.03,1.582,0.037,0.052,0.0,-1.0,-1.0
2.916,8.364,2.293,-0.028,1.563,0.052,0.112,0.0,-1.0,-1.0
2.935,8.395,2.294,-0.025,1.546,0.066,0.168,0.0,-1.0,-1.0
2.955,8.425,2.296,-0.02,1.526,0.08,0.231,0.0,-1.0,-1.0
2.975,8.455,2.297,-0.013,1.501,0.092,0.31,0.0,-1.0,-1.0
2.995,8.484,2.299,-0.005,1.469,0.1,0.414,0.0,-1.0,-1.0
3.015,8.513,2.301,0.005,1.426,0.104,0.549,0.0,-1.0,-1.0
3.035,8.541,2.303,0.017,1.382,0.106,0.691,0.0,-1.0,-1.0
3.055,8.568,2.305,0.032,1.337,0.109,0.833,0.0,-1.0,-1.0
3.075,8.595,2.308,0.05,1.292,0.115,0.971,0.0,-1.0,-1.0
3.095,8.62,2.31,0.071,1.248,0.124,1.106,0.0,-1.0,-1.0
3.115,8.644,2.312,0.094,1.204,0.134,1.244,0.0,-1.0,-1.0
3.135,8.668,2.315,0.12,1.159,0.143,1.378,0.0,-1.0,-1.0
3.155,8.69,2.318,0.149,1.108,0.15,1.504,0.0,-1.0,-1.0
3.175,8.712,2.321,0.18,1.056,0.158,1.626,0.0,-1.0,-1.0
3.195,8.733,2.324,0.214,1.004,0.166,1.749,0.0,-1.0,-1.0
3.215,8.752,2.328,0.25,0.951,0.17,1.869,0.0,-1.0,-1.0
3.235,8.771,2.331,0.289,0.896,0.171,1.987,0.0,-1.0,-1.0
3.255,8.788,2.334,0.329,0.84,0.172,2.106,0.0,-1.0,-1.0
3.275,8.804,2.338,0.373,0.784,0.172,2.224,0.0,-1.0,-1.0
3.295,8.819,2.341,0.418,0.73,0.169,2.336,0.0,-1.0,-1.0
3.315,8.833,2.345,0.466,0.676,0.161,2.447,0.0,-1.0,-1.0
3.335,8.846,2.348,0.515,0.618,0.152,2.566,0.0,-1.0,-1.0
3.355,8.858,2.351,0.567,0.567,0.145,2.671,0.0,-1.0,-1.0
3.375,8.869,2.354,0.621,0.53,0.141,2.743,0.0,-1.0,-1.0
3.395,8.88,2.356,0.677,0.495,0.133,2.819,0.0,-1.0,-1.0
3.415,8.889,2.359,0.733,0.46,0.124,2.893,0.0,-1.0,-1.0
3.435,8.899,2.362,0.791,0.434,0.129,2.938,0.0,-1.0,-1.0
3.455,8.907,2.365,0.849,0.423,0.151,2.944,0.0,-1.0,-1.0
3.475,8.915,2.368,0.908,0.414,0.168,2.958,0.0,-1.0,-1.0
3.495,8.924,2.372,0.967,0.404,0.19,2.962,0.0,-1.0,-1.0
3.515,8.932,2.377,1.025,0.393,0.235,2.927,0.0,-1.0,-1.0
3.535,8.939,2.382,1.083,0.383,0.299,2.866,0.0,-1.0,-1.0
3.555,8.947,2.388,1.139,0.372,0.363,2.808,0.0,-1.0,-1.0
3.575,8.954,2.396,1.194,0.36,0.426,2.741,0.0,-1.0,-1.0
3.594,8.961,2.405,1.248,0.344,0.485,2.653,0.0,-1.0,-1.0
3.614,8.968,2.416,1.3,0.328,0.544,2.563,0.0,-1.0,-1.0
3.634,8.974,2.427,1.35,0.312,0.603,2.471,0.0,-1.0,-1.0
3.654,8.98,2.44,1.399,0.293,0.659,2.374,0.0,-1.0,-1.0
3.674,8.986,2.453,1.445,0.271,0.711,2.272,0.0,-1.0,-1.0
3.694,8.991,2.468,1.489,0.246,0.763,2.173,0.0,-1.0,-1.0
3.714,8.996,2.484,1.532,0.224,0.815,2.071,0.0,-1.0,-1.0
3.734,9.0,2.5,1.572,0.206,0.865,1.956,0.0,-1.0,-1.0
3.754,9.004,2.518,1.609,0.192,0.914,1.832,0.0,-1.0,-1.0
3.774,9.008,2.537,1.645,0.177,0.964,1.709,0.0,-1.0,-1.0
3.794,9.011,2.557,1.678,0.163,1.013,1.585,0.0,-1.0,-1.0
3.814,9.014,2.577,1.708,0.147,1.062,1.458,0.0,-1.0,-1.0
3.834,9.017,2.599,1.736,0.133,1.111,1.331,0.0,-1.0,-1.0
3.854,9.019,2.622,1.761,0.118,1.159,1.204,0.0,-1.0,-1.0
3.874,9.022,2.645,1.784,0.101,1.208,1.076,0.0,-1.0,-1.0
3.894,9.023,2.67,1.804,0.084,1.257,0.946,0.0,-1.0,-1.0
3.914,9.025,2.695,1.822,0.068,1.307,0.814,0.0,-1.0,-1.0
3.934,9.026,2.722,1.837,0.049,1.353,0.689,0.0,-1.0,-1.0
3.954,9.027,2.749,1.85,0.024,1.396,0.571,0.0,-1.0,-1.0
3.974,9.027,2.778,1.86,-0.002,1.443,0.443,0.0,-1.0,-1.0
3.994,9.027,2.807,1.868,-0.028,1.486,0.324,0.0,-1.0,-1.0
4.014,9.026,2.837,1.874,-0.048,1.516,0.24,0.0,-1.0,-1.0
4.034,9.025,2.867,1.878,-0.067,1.539,0.17,0.0,-1.0,-1.0
4.054,9.024,2.898,1.881,-0.086,1.564,0.096,0.0,-1.0,-1.0
4.074,9.022,2.929,1.883,-0.101,1.582,0.044,0.0,-1.0,-1.0
4.094,9.02,2.961,1.884,-0.11,1.586,0.028,0.0,-1.0,-1.0
4.114,9.017,2.992,1.884,-0.12,1.59,0.015,0.0,-1.0,-1.0
4.134,9.015,3.024,1.885,-0.128,1.593,0.004,0.0,-1.0,-1.0
4.154,9.012,3.056,1.885,-0.131,1.594,-0.0,0.0,-1.0,-1.0
4.174,9.01,3.088,1.885,-0.132,1.594,0.0,0.0,-1.0,-1.0
4.194,9.007,3.12,1.885,-0.134,1.594,0.0,0.0,-1.0,-1.0
4.214,9.005,3.152,1.885,-0.131,1.594,0.001,0.0,-1.0,-1.0
4.234,9.002,3.183,1.885,-0.121,1.595,0.001,0.0,-1.0,-1.0
4.253,9.0,3.215,1.885,-0.113,1.595,0.001,0.0,-1.0,-1.0
4.273,8.998,3.247,1.885,-0.103,1.596,0.001,0.0,-1.0,-1.0
4.293,8.996,3.279,1.885,-0.082,1.597,0.001,0.0,-1.0,-1.0
4.313,8.995,3.311,1.885,-0.058,1.598,0.001,0.0,-1.0,-1.0
4.333,8.994,3.343,1.885,-0.035,1.6,0.001,0.0,-1.0,-1.0
4.353,8.994,3.375,1.885,-0.005,1.6,0.002,0.0,-1.0,-1.0
4.373,8.994,3.407,1.885,0.039,1.6,-0.005,0.0,-1.0,-1.0
4.393,8.995,3.438,1.885,0.091,1.607,-0.034,0.0,-1.0,-1.0
4.413,8.997,3.47,1.885,0.138,1.609,-0.044,0.0,-1.0,-1.0
4.433,9.0,3.502,1.885,0.166,1.587,0.008,0.0,-1.0,-1.0
4.453,9.004,3.533,1.886,0.184,1.551,0.099,0.0,-1.0,-1.0
4.473,9.007,3.564,1.889,0.198,1.515,0.192,0.0,-1.0,-1.0
4.493,9.011,3.594,1.894,0.207,1.476,0.289,0.0,-1.0,-1.0
4.513,9.016,3.623,1.901,0.213,1.438,0.387,0.0,-1.0,-1.0
4.533,9.02,3.651,1.909,0.208,1.397,0.492,0.0,-1.0,-1.0
4.553,9.024,3.679,1.92,0.202,1.357,0.598,0.0,-1.0,-1.0
4.573,9.028,3.705,1.933,0.184,1.316,0.71,0.0,-1.0,-1.0
4.593,9.031,3.731,1.949,0.166,1.274,0.822,0.0,-1.0,-1.0
4.613,9.034,3.756,1.966,0.136,1.234,0.934,0.0,-1.0,-1.0
4.633,9.036,3.781,1.986,0.106,1.194,1.047,0.0,-1.0,-1.0
4.653,9.038,3.804,2.008,0.068,1.154,1.157,0.0,-1.0,-1.0
4.673,9.039,3.827,2.032,0.028,1.115,1.267,0.0,-1.0,-1.0
4.693,9.039,3.849,2.058,-0.016,1.075,1.372,0.0,-1.0,-1.0
4.713,9.038,3.87,2.087,-0.063,1.035,1.476,0.0,-1.0,-1.0
4.733,9.037,3.89,2.117,-0.111,0.995,1.575,0.0,-1.0,-1.0
4.753,9.034,3.909,2.15,-0.163,0.954,1.67,0.0,-1.0,-1.0
4.773,9.03,3.928,2.184,-0.215,0.912,1.761,0.0,-1.0,-1.0
4.793,9.025,3.946,2.22,-0.27,0.868,1.844,0.0,-1.0,-1.0
4.813,9.019,3.963,2.257,-0.326,0.823,1.925,0.0,-1.0,-1.0
4.833,9.012,3.978,2.297,-0.381,0.776,2.01,0.0,-1.0,-1.0
4.853,9.004,3.993,2.337,-0.437,0.727,2.092,0.0,-1.0,-1.0
4.873,8.995,4.007,2.379,-0.498,0.669,2.087,0.0,-1.0,-1.0
4.892,8.984,4.02,2.42,-0.564,0.604,2.078,0.0,-1.0,-1.0
4.912,8.973,4.032,2.461,-0.632,0.536,2.073,0.0,-1.0,-1.0
4.932,8.96,4.042,2.502,-0.699,0.47,2.065,0.0,-1.0,-1.0
4.952,8.945,4.052,2.542,-0.761,0.41,2.045,0.0,-1.0,-1.0
4.972,8.93,4.06,2.581,-0.814,0.361,2.003,0.0,-1.0,-1.0
4.992,8.913,4.067,2.62,-0.857,0.325,1.932,0.0,-1.0,-1.0
5.012,8.896,4.073,2.658,-0.896,0.292,1.851,0.0,-1.0,-1.0
5.032,8.878,4.079,2.694,-0.935,0.256,1.772,0.0,-1.0,-1.0
5.052,8.859,4.084,2.728,-0.975,0.221,1.692,0.0,-1.0,-1.0
5.072,8.839,4.088,2.761,-1.013,0.189,1.611,0.0,-1.0,-1.0
5.092,8.818,4.092,2.792,-1.051,0.161,1.527,0.0,-1.0,-1.0
5.112,8.797,4.095,2.822,-1.088,0.141,1.44,0.0,-1.0,-1.0
5.132,8.775,4.098,2.85,-1.124,0.127,1.347,0.0,-1.0,-1.0
5.152,8.752,4.1,2.876,-1.163,0.113,1.251,0.0,-1.0,-1.0
5.172,8.729,4.102,2.9,-1.202,0.098,1.154,0.0,-1.0,-1.0
5.192,8.704,4.104,2.923,-1.24,0.083,1.06,0.0,-1.0,-1.0
5.212,8.679,4.105,2.943,-1.275,0.07,0.97,0.0,-1.0,-1.0
5.232,8.654,4.107,2.962,-1.305,0.057,0.889,0.0,-1.0,-1.0
5.252,8.628,4.108,2.979,-1.331,0.045,0.816,0.0,-1.0,-1.0
5.272,8.601,4.109,2.995,-1.358,0.033,0.737,0.0,-1.0,-1.0
5.292,8.573,4.109,3.009,-1.387,0.02,0.654,0.0,-1.0,-1.0
5.312,8.546,4.11,3.022,-1.415,0.008,0.574,0.0,-1.0,-1.0
5.332,8.517,4.11,3.033,-1.44,-0.004,0.502,0.0,-1.0,-1.0
5.352,8.489,4.11,3.043,-1.46,-0.013,0.443,0.0,-1.0,-1.0
5.372,8.459,4.109,3.052,-1.473,-0.02,0.402,0.0,-1.0,-1.0
5.392,8.43,4.109,3.059,-1.486,-0.027,0.36,0.0,-1.0,-1.0
5.412,8.4,4.108,3.066,-1.502,-0.036,0.312,0.0,-1.0,-1.0
5.432,8.37,4.108,3.073,-1.516,-0.044,0.265,0.0,-1.0,-1.0
5.452,8.34,4.107,3.078,-1.529,-0.051,0.225,0.0,-1.0,-1.0
5.472,8.31,4.106,3.083,-1.538,-0.055,0.198,0.0,-1.0,-1.0
5.492,8.279,4.105,3.088,-1.54,-0.056,0.191,0.0,-1.0,-1.0
5.512,8.248,4.104,3.092,-1.539,-0.054,0.196,0.0,-1.0,-1.0
5.532,8.218,4.103,3.096,-1.54,-0.052,0.192,0.0,-1.0,-1.0
5.551,8.187,4.102,3.1,-1.542,-0.049,0.187,0.0,-1.0,-1.0
5.571,8.156,4.101,3.104,-1.542,-0.047,0.187,0.0,-1.0,-1.0
5.591,8.126,4.1,3.109,-1.539,-0.045,0.199,0.0,-1.0,-1.0
5.611,8.095,4.099,3.114,-1.53,-0.044,0.23,0.0,-1.0,-1.0
5.631,8.065,4.098,3.119,-1.516,-0.043,0.281,0.0,-1.0,-1.0
5.651,8.035,4.097,3.125,-1.503,-0.038,0.326,0.0,-1.0,-1.0
5.671,8.005,4.096,3.133,-1.493,-0.032,0.369,0.0,-1.0,-1.0
5.691,7.976,4.095,3.141,-1.481,-0.026,0.413,0.0,-1.0,-1.0
5.711,7.947,4.094,3.151,-1.466,-0.025,0.467,0.0,-1.0,-1.0
5.731,7.918,4.093,3.161,-1.444,-0.032,0.535,0.0,-1.0,-1.0
5.751,7.889,4.093,3.173,-1.414,-0.048,0.624,0.0,-1.0,-1.0
5.771,7.861,4.091,3.186,-1.383,-0.069,0.719,0.0,-1.0,-1.0
5.791,7.834,4.09,3.202,-1.354,-0.089,0.812,0.0,-1.0,-1.0
5.811,7.808,4.088,3.219,-1.324,-0.108,0.905,0.0,-1.0,-1.0
5.831,7.782,4.085,3.238,-1.293,-0.129,1.001,0.0,-1.0,-1.0
5.851,7.757,4.083,3.26,-1.257,-0.15,1.1,0.0,-1.0,-1.0
5.871,7.732,4.079,3.283,-1.216,-0.173,1.205,0.0,-1.0,-1.0
5.891,7.708,4.076,3.308,-1.17,-0.197,1.316,0.0,-1.0,-1.0
5.911,7.685,4.071,3.335,-1.125,-0.224,1.428,0.0,-1.0,-1.0
5.931,7.663,4.067,3.365,-1.081,-0.25,1.541,0.0,-1.0,-1.0
5.951,7.642,4.062,3.397,-1.036,-0.276,1.652,0.0,-1.0,-1.0
5.971,7.622,4.056,3.431,-0.989,-0.299,1.762,0.0,-1.0,-1.0
5.991,7.603,4.05,3.467,-0.94,-0.318,1.87,0.0,-1.0,-1.0
6.011,7.585,4.044,3.505,-0.887,-0.332,1.978,0.0,-1.0,-1.0
6.031,7.568,4.037,3.546,-0.837,-0.338,2.112,0.0,-1.0,-1.0
6.051,7.552,4.03,3.588,-0.788,-0.342,2.256,0.0,-1.0,-1.0
6.071,7.537,4.022,3.633,-0.738,-0.347,2.393,0.0,-1.0,-1.0
6.091,7.523,4.015,3.679,-0.685,-0.36,2.504,0.0,-1.0,-1.0
6.111,7.51,4.007,3.728,-0.627,-0.384,2.57,0.0,-1.0,-1.0
6.131,7.498,3.999,3.779,-0.56,-0.425,2.575,0.0,-1.0,-1.0
6.151,7.488,3.99,3.83,-0.488,-0.476,2.562,0.0,-1.0,-1.0
6.171,7.478,3.98,3.881,-0.416,-0.526,2.548,0.0,-1.0,-1.0
6.19,7.471,3.969,3.931,-0.349,-0.569,2.517,0.0,-1.0,-1.0
6.21,7.464,3.957,3.981,-0.281,-0.604,2.468,0.0,-1.0,-1.0
6.23,7.459,3.945,4.03,-0.21,-0.64,2.423,0.0,-1.0,-1.0
6.25,7.456,3.932,4.077,-0.15,-0.675,2.368,0.0,-1.0,-1.0
6.27,7.453,3.918,4.124,-0.11,-0.707,2.297,0.0,-1.0,-1.0
6.29,7.451,3.903,4.169,-0.069,-0.738,2.225,0.0,-1.0,-1.0
6.31,7.45,3.888,4.213,-0.032,-0.77,2.151,0.0,-1.0,-1.0
6.33,7.449,3.872,4.255,-0.01,-0.806,2.067,0.0,-1.0,-1.0
6.35,7.449,3.856,4.295,0.006,-0.843,1.981,0.0,-1.0,-1.0
6.37,7.45,3.839,4.334,0.021,-0.88,1.895,0.0,-1.0,-1.0
6.39,7.45,3.821,4.371,0.033,-0.919,1.805,0.0,-1.0,-1.0
6.41,7.451,3.802,4.406,0.039,-0.96,1.713,0.0,-1.0,-1.0
6.43,7.452,3.782,4.439,0.045,-1.001,1.62,0.0,-1.0,-1.0
6.45,7.453,3.762,4.47,0.051,-1.042,1.527,0.0,-1.0,-1.0
6.47,7.454,3.741,4.5,0.058,-1.082,1.432,0.0,-1.0,-1.0
6.49,7.455,3.719,4.528,0.063,-1.123,1.337,0.0,-1.0,-1.0
6.51,7.456,3.696,4.553,0.07,-1.162,1.242,0.0,-1.0,-1.0
6.53,7.458,3.672,4.577,0.08,-1.2,1.146,0.0,-1.0,-1.0
6.55,7.459,3.648,4.599,0.09,-1.236,1.051,0.0,-1.0,-1.0
6.57,7.461,3.623,4.619,0.1,-1.273,0.955,0.0,-1.0,-1.0
6.59,7.463,3.597,4.637,0.112,-1.307,0.86,0.0,-1.0,-1.0
6.61,7.466,3.571,4.653,0.126,-1.34,0.764,0.0,-1.0,-1.0
6.63,7.469,3.544,4.668,0.14,-1.373,0.669,0.0,-1.0,-1.0
6.65,7.471,3.516,4.68,0.154,-1.404,0.574,0.0,-1.0,-1.0
6.67,7.475,3.488,4.691,0.168,-1.436,0.479,0.0,-1.0,-1.0
6.69,7.478,3.459,4.699,0.183,-1.473,0.387,0.0,-1.0,-1.0
6.71,7.482,3.429,4.706,0.198,-1.507,0.293,0.0,-1.0,-1.0
6.73,7.486,3.399,4.711,0.207,-1.522,0.193,0.0,-1.0,-1.0
6.75,7.49,3.369,4.714,0.216,-1.538,0.097,0.0,-1.0,-1.0
6.77,7.494,3.338,4.714,0.226,-1.555,0.001,0.0,-1.0,-1.0
6.79,7.499,3.308,4.713,0.228,-1.546,-0.112,0.0,-1.0,-1.0
6.81,7.503,3.277,4.709,0.222,-1.503,-0.249,0.0,-1.0,-1.0
6.83,7.508,3.248,4.703,0.216,-1.458,-0.387,0.0,-1.0,-1.0
6.849,7.512,3.219,4.694,0.209,-1.412,-0.521,0.0,-1.0,-1.0
6.869,7.516,3.191,4.682,0.201,-1.366,-0.656,0.0,-1.0,-1.0
6.889,7.52,3.165,4.668,0.193,-1.319,-0.788,0.0,-1.0,-1.0
6.909,7.524,3.139,4.651,0.185,-1.27,-0.917,0.0,-1.0,-1.0
6.929,7.527,3.114,4.631,0.176,-1.222,-1.046,0.0,-1.0,-1.0
6.949,7.531,3.09,4.609,0.166,-1.173,-1.171,0.0,-1.0,-1.0
6.969,7.534,3.067,4.585,0.157,-1.124,-1.296,0.0,-1.0,-1.0
6.989,7.537,3.045,4.558,0.146,-1.075,-1.418,0.0,-1.0,-1.0
7.009,7.54,3.024,4.528,0.131,-1.027,-1.535,0.0,-1.0,-1.0
7.029,7.542,3.004,4.496,0.117,-0.979,-1.654,0.0,-1.0,-1.0
7.049,7.544,2.985,4.462,0.096,-0.936,-1.761,0.0,-1.0,-1.0
7.069,7.546,2.966,4.426,0.074,-0.894,-1.867,0.0,-1.0,-1.0
7.089,7.547,2.949,4.388,0.048,-0.855,-1.966,0.0,-1.0,-1.0
7.109,7.548,2.932,4.348,0.013,-0.824,-2.047,0.0,-1.0,-1.0
7.129,7.547,2.916,4.306,-0.022,-0.793,-2.13,0.0,-1.0,-1.0
7.149,7.546,2.9,4.263,-0.071,-0.768,-2.189,0.0,-1.0,-1.0
7.169,7.544,2.885,4.219,-0.124,-0.747,-2.242,0.0,-1.0,-1.0
7.189,7.541,2.871,4.174,-0.183,-0.726,-2.286,0.0,-1.0,-1.0
7.209,7.537,2.856,4.128,-0.256,-0.705,-2.304,0.0,-1.0,-1.0
7.229,7.531,2.842,4.082,-0.331,-0.685,-2.322,0.0,-1.0,-1.0
7.249,7.524,2.829,4.036,-0.408,-0.656,-2.32,0.0,-1.0,-1.0
7.269,7.515,2.816,3.99,-0.482,-0.611,-2.304,0.0,-1.0,-1.0
7.289,7.504,2.804,3.944,-0.56,-0.577,-2.289,0.0,-1.0,-1.0
7.309,7.492,2.793,3.898,-0.647,-0.574,-2.285,0.0,-1.0,-1.0
7.329,7.479,2.781,3.853,-0.741,-0.579,-2.3,0.0,-1.0,-1.0
7.349,7.463,2.77,3.808,-0.837,-0.586,-2.319,0.0,-1.0,-1.0
7.369,7.446,2.759,3.763,-0.929,-0.59,-2.328,0.0,-1.0,-1.0
7.389,7.427,2.747,3.718,-1.012,-0.587,-2.311,0.0,-1.0,-1.0
7.409,7.406,2.736,3.673,-1.08,-0.571,-2.254,0.0,-1.0,-1.0
7.429,7.384,2.725,3.629,-1.136,-0.546,-2.162,0.0,-1.0,-1.0
7.449,7.361,2.714,3.587,-1.194,-0.523,-2.072,0.0,-1.0,-1.0
7.469,7.337,2.704,3.546,-1.252,-0.499,-1.981,0.0,-1.0,-1.0
7.489,7.311,2.694,3.508,-1.308,-0.474,-1.889,0.0,-1.0,-1.0
7.508,7.285,2.685,3.471,-1.361,-0.447,-1.794,0.0,-1.0,-1.0
7.528,7.257,2.677,3.436,-1.408,-0.417,-1.692,0.0,-1.0,-1.0
7.548,7.229,2.669,3.404,-1.453,-0.382,-1.585,0.0,-1.0,-1.0
7.568,7.199,2.661,3.373,-1.499,-0.344,-1.479,0.0,-1.0,-1.0
7.588,7.169,2.655,3.345,-1.545,-0.307,-1.373,0.0,-1.0,-1.0
7.608,7.138,2.649,3.318,-1.59,-0.273,-1.267,0.0,-1.0,-1.0
7.628,7.106,2.643,3.294,-1.631,-0.244,-1.161,0.0,-1.0,-1.0
7.648,7.073,2.639,3.272,-1.667,-0.224,-1.057,0.0,-1.0,-1.0
7.668,7.039,2.634,3.252,-1.703,-0.204,-0.945,0.0,-1.0,-1.0
7.688,7.005,2.63,3.234,-1.742,-0.182,-0.827,0.0,-1.0,-1.0
7.708,6.97,2.627,3.218,-1.78,-0.16,-0.712,0.0,-1.0,-1.0
7.728,6.935,2.623,3.204,-1.814,-0.142,-0.605,0.0,-1.0,-1.0
7.748,6.898,2.62,3.192,-1.843,-0.132,-0.516,0.0,-1.0,-1.0
7.768,6.861,2.617,3.182,-1.863,-0.133,-0.448,0.0,-1.0,-1.0
7.788,6.824,2.615,3.174,-1.884,-0.135,-0.376,0.0,-1.0,-1.0
7.808,6.786,2.612,3.167,-1.906,-0.138,-0.3,0.0,-1.0,-1.0
7.828,6.748,2.609,3.161,-1.927,-0.14,-0.227,0.0,-1.0,-1.0
7.848,6.71,2.606,3.157,-1.945,-0.143,-0.166,0.0,-1.0,-1.0
7.868,6.671,2.603,3.153,-1.958,-0.148,-0.123,0.0,-1.0,-1.0
7.888,6.632,2.6,3.151,-1.963,-0.154,-0.101,0.0,-1.0,-1.0
7.908,6.592,2.597,3.149,-1.97,-0.161,-0.079,0.0,-1.0,-1.0
7.928,6.553,2.594,3.147,-1.976,-0.169,-0.055,0.0,-1.0,-1.0
7.948,6.514,2.591,3.146,-1.982,-0.176,-0.033,0.0,-1.0,-1.0
7.968,6.474,2.587,3.146,-1.986,-0.182,-0.017,0.0,-1.0,-1.0
7.988,6.435,2.583,3.145,-1.989,-0.186,-0.008,0.0,-1.0,-1.0
8.008,6.395,2.58,3.145,-1.988,-0.19,-0.007,0.0,-1.0,-1.0
8.028,6.355,2.576,3.145,-1.988,-0.194,-0.007,0.0,-1.0,-1.0
8.048,6.315,2.572,3.145,-1.988,-0.199,-0.006,0.0,-1.0,-1.0
8.068,6.276,2.568,3.145,-1.988,-0.203,-0.006,0.0,-1.0,-1.0
8.088,6.236,2.564,3.144,-1.987,-0.206,-0.006,0.0,-1.0,-1.0
8.108,6.196,2.56,3.144,-1.987,-0.207,-0.006,0.0,-1.0,-1.0
8.128,6.157,2.556,3.144,-1.987,-0.207,-0.007,0.0,-1.0,-1.0
8.147,6.117,2.552,3.144,-1.987,-0.208,-0.008,0.0,-1.0,-1.0
8.167,6.077,2.548,3.144,-1.986,-0.21,-0.008,0.0,-1.0,-1.0
8.187,6.038,2.543,3.144,-1.986,-0.21,-0.009,0.0,-1.0,-1.0
8.207,5.998,2.539,3.143,-1.986,-0.209,-0.01,0.0,-1.0,-1.0
8.227,5.958,2.535,3.143,-1.986,-0.204,-0.01,0.0,-1.0,-1.0
8.247,5.919,2.531,3.143,-1.987,-0.199,-0.01,0.0,-1.0,-1.0
8.267,5.879,2.527,3.143,-1.987,-0.196,-0.011,0.0,-1.0,-1.0
8.287,5.839,2.524,3.143,-1.987,-0.192,-0.011,0.0,-1.0,-1.0
8.307,5.8,2.52,3.143,-1.988,-0.187,-0.011,0.0,-1.0,-1.0
8.327,5.76,2.516,3.142,-1.989,-0.178,-0.011,0.0,-1.0,-1.0
8.347,5.72,2.513,3.142,-1.99,-0.163,-0.009,0.0,-1.0,-1.0
8.367,5.68,2.51,3.142,-1.991,-0.15,-0.007,0.0,-1.0,-1.0
8.387,5.641,2.507,3.142,-1.991,-0.138,-0.005,0.0,-1.0,-1.0
8.407,5.601,2.505,3.142,-1.992,-0.126,-0.003,0.0,-1.0,-1.0
8.427,5.561,2.503,3.142,-1.993,-0.11,-0.001,0.0,-1.0,-1.0
8.447,5.521,2.501,3.142,-1.996,-0.089,-0.0,0.0,-1.0,-1.0
8.467,5.481,2.499,3.142,-2.0,-0.059,-0.0,0.0,-1.0,-1.0
8.487,5.441,2.498,3.142,-2.005,-0.014,-0.0,0.0,-1.0,-1.0
8.507,5.401,2.498,3.142,-2.011,0.033,0.0,0.0,-1.0,-1.0
8.527,5.361,2.498,3.142,-2.016,0.071,0.0,0.0,-1.0,-1.0
8.547,5.321,2.499,3.142,-2.019,0.085,0.0,0.0,-1.0,-1.0
8.567,5.28,2.5,3.142,-2.019,0.063,0.0,0.0,-1.0,-1.0
8.587,5.24,2.501,3.142,-2.019,0.021,0.0,0.0,-1.0,-1.0
8.607,5.2,2.502,3.142,-2.019,-0.027,-0.0,0.0,-1.0,-1.0
8.627,5.159,2.502,3.142,-2.019,-0.067,-0.0,0.0,-1.0,-1.0
8.647,5.119,2.501,3.142,-2.019,-0.085,-0.0,0.0,-1.0,-1.0
8.667,5.079,2.5,3.142,-2.019,-0.068,-0.0,0.0,-1.0,-1.0
8.687,5.038,2.499,3.142,-2.019,-0.027,-0.0,0.0,-1.0,-1.0
8.707,4.998,2.498,3.142,-2.019,0.021,0.0,0.0,-1.0,-1.0
8.727,4.958,2.498,3.142,-2.019,0.063,0.0,0.0,-1.0,-1.0
8.747,4.917,2.499,3.142,-2.019,0.084,0.0,0.0,-1.0,-1.0
8.767,4.877,2.5,3.142,-2.019,0.072,0.0,0.0,-1.0,-1.0
8.787,4.837,2.501,3.142,-2.019,0.033,0.0,0.0,-1.0,-1.0
8.806,4.796,2.502,3.142,-2.019,-0.015,-0.0,0.0,-1.0,-1.0
8.826,4.756,2.502,3.142,-2.019,-0.058,-0.0,0.0,-1.0,-1.0
8.846,4.716,2.501,3.142,-2.019,-0.083,-0.0,0.0,-1.0,-1.0
8.866,4.675,2.5,3.142,-2.019,-0.076,-0.0,0.0,-1.0,-1.0
8.886,4.635,2.499,3.142,-2.019,-0.039,-0.0,0.0,-1.0,-1.0
8.906,4.595,2.498,3.142,-2.019,0.009,0.0,0.0,-1.0,-1.0
8.926,4.554,2.498,3.142,-2.019,0.053,0.0,0.0,-1.0,-1.0
8.946,4.514,2.499,3.142,-2.019,0.081,0.0,0.0,-1.0,-1.0
8.966,4.474,2.5,3.142,-2.019,0.079,0.0,0.0,-1.0,-1.0
8.986,4.434,2.501,3.142,-2.019,0.044,0.0,0.0,-1.0,-1.0
9.006,4.393,2.502,3.142,-2.019,-0.002,-0.0,0.0,-1.0,-1.0
9.026,4.353,2.502,3.142,-2.019,-0.048,-0.0,0.0,-1.0,-1.0
9.046,4.313,2.501,3.142,-2.019,-0.079,-0.0,0.0,-1.0,-1.0
9.066,4.272,2.5,3.142,-2.019,-0.082,-0.0,0.0,-1.0,-1.0
9.086,4.232,2.499,3.142,-2.019,-0.05,-0.0,0.0,-1.0,-1.0
9.106,4.192,2.498,3.142,-2.02,-0.004,-0.0,0.0,-1.0,-1.0
9.126,4.151,2.498,3.142,-2.02,0.043,0.0,0.0,-1.0,-1.0
9.146,4.111,2.498,3.142,-2.02,0.076,0.0,0.0,-1.0,-1.0
9.166,4.071,2.499,3.142,-2.02,0.083,0.0,0.0,-1.0,-1.0
9.186,4.03,2.501,3.142,-2.023,0.055,0.0,0.0,-1.0,-1.0
9.206,3.99,2.502,3.142,-2.039,0.01,0.0,0.0,-1.0,-1.0
9.226,3.95,2.502,3.142,-2.057,-0.037,-0.0,0.0,-1.0,-1.0
9.246,3.909,2.502,3.142,-2.064,-0.073,-0.0,0.0,-1.0,-1.0
9.266,3.869,2.501,3.142,-2.046,-0.084,-0.0,0.0,-1.0,-1.0
9.286,3.829,2.499,3.142,-1.995,-0.06,-0.0,0.0,-1.0,-1.0
9.306,3.789,2.498,3.142,-1.941,-0.017,-0.0,0.0,-1.0,-1.0
9.326,3.751,2.498,3.142,-1.889,0.031,0.0,0.0,-1.0,-1.0
9.346,3.715,2.498,3.142,-1.833,0.069,0.0,0.0,-1.0,-1.0
9.366,3.679,2.499,3.142,-1.768,0.085,0.0,0.0,-1.0,-1.0
9.386,3.644,2.5,3.142,-1.69,0.067,0.0,0.0,-1.0,-1.0
9.406,3.611,2.501,3.142,-1.597,0.05,0.0,0.0,-1.0,-1.0
9.426,3.58,2.502,3.142,-1.498,0.038,-0.0,0.0,-1.0,-1.0
9.446,3.55,2.502,3.142,-1.407,0.019,-0.0,0.0,-1.0,-1.0
9.465,3.522,2.501,3.142,-1.335,-0.019,-0.0,0.0,-1.0,-1.0
9.485,3.496,2.5,3.142,-1.295,-0.088,-0.0,0.0,-1.0,-1.0
9.505,3.47,2.497,3.142,-1.269,-0.17,-0.0,0.0,-1.0,-1.0
9.525,3.445,2.493,3.142,-1.243,-0.252,-0.0,0.0,-1.0,-1.0
9.545,3.421,2.487,3.142,-1.217,-0.335,-0.0,0.0,-1.0,-1.0
9.565,3.397,2.48,3.142,-1.191,-0.417,-0.0,0.0,-1.0,-1.0
9.585,3.373,2.471,3.142,-1.165,-0.499,-0.0,0.0,-1.0,-1.0
9.605,3.35,2.46,3.142,-1.137,-0.581,-0.0,0.0,-1.0,-1.0
9.625,3.328,2.447,3.142,-1.109,-0.662,-0.0,0.0,-1.0,-1.0
9.645,3.306,2.433,3.142,-1.08,-0.743,-0.0,0.0,-1.0,-1.0
9.665,3.285,2.418,3.142,-1.052,-0.825,-0.0,0.0,-1.0,-1.0
9.685,3.264,2.4,3.142,-1.026,-0.907,-0.0,0.0,-1.0,-1.0
9.705,3.244,2.382,3.142,-0.999,-0.989,-0.0,0.0,-1.0,-1.0
9.725,3.225,2.361,3.142,-0.971,-1.071,-0.0,0.0,-1.0,-1.0
9.745,3.206,2.339,3.142,-0.94,-1.152,-0.0,0.0,-1.0,-1.0
9.765,3.187,2.315,3.142,-0.906,-1.23,-0.0,0.0,-1.0,-1.0
9.785,3.17,2.29,3.142,-0.868,-1.308,-0.0,0.0,-1.0,-1.0
9.805,3.153,2.263,3.142,-0.836,-1.394,-0.0,0.0,-1.0,-1.0
9.825,3.137,2.235,3.142,-0.809,-1.486,-0.0,0.0,-1.0,-1.0
9.845,3.121,2.205,3.142,-0.783,-1.58,-0.0,0.0,-1.0,-1.0
9.865,3.107,2.173,3.142,-0.753,-1.669,-0.0,0.0,-1.0,-1.0
9.885,3.093,2.14,3.142,-0.715,-1.748,-0.0,0.0,-1.0,-1.0
9.905,3.08,2.106,3.142,-0.663,-1.81,-0.0,0.0,-1.0,-1.0
9.925,3.068,2.07,3.142,-0.594,-1.849,-0.0,0.0,-1.0,-1.0
9.945,3.057,2.033,3.142,-0.508,-1.875,-0.0,0.0,-1.0,-1.0
9.965,3.048,1.995,3.142,-0.413,-1.904,-0.0,0.0,-1.0,-1.0
9.985,3.04,1.957,3.142,-0.315,-1.935,-0.0,0.0,-1.0,-1.0
10.005,3.034,1.919,3.142,-0.219,-1.965,-0.0,0.0,-1.0,-1.0
10.025,3.029,1.88,3.142,-0.129,-1.991,-0.0,0.0,-1.0,-1.0
10.045,3.027,1.84,3.142,-0.052,-2.01,-0.0,0.0,-1.0,-1.0
10.065,3.025,1.8,3.142,0.008,-2.02,-0.0,0.0,-1.0,-1.0
10.085,3.026,1.76,3.142,0.051,-2.019,0.0,0.0,-1.0,-1.0
10.104,3.027,1.72,3.142,0.106,-2.015,0.0,0.0,-1.0,-1.0
10.124,3.029,1.679,3.142,0.172,-2.01,0.0,0.0,-1.0,-1.0
10.144,3.032,1.639,3.142,0.239,-2.005,0.0,0.0,-1.0,-1.0
10.164,3.036,1.599,3.142,0.296,-2.001,0.0,0.0,-1.0,-1.0
10.184,3.04,1.559,3.142,0.333,-1.998,0.0,0.0,-1.0,-1.0
10.204,3.045,1.519,3.142,0.34,-1.997,0.0,0.0,-1.0,-1.0
10.224,3.051,1.479,3.142,0.307,-1.998,0.0,0.0,-1.0,-1.0
10.244,3.056,1.439,3.142,0.251,-2.004,-0.0,0.0,-1.0,-1.0
10.264,3.061,1.399,3.142,0.198,-2.017,-0.0,0.0,-1.0,-1.0
10.284,3.064,1.359,3.142,0.146,-2.032,-0.0,0.0,-1.0,-1.0
10.304,3.066,1.319,3.142,0.094,-2.044,-0.0,0.0,-1.0,-1.0
10.324,3.067,1.279,3.142,0.038,-2.051,-0.0,0.0,-1.0,-1.0
10.344,3.066,1.239,3.142,-0.024,-2.048,-0.0,0.0,-1.0,-1.0
10.364,3.065,1.199,3.142,-0.094,-2.03,-0.0,0.0,-1.0,-1.0
10.384,3.062,1.159,3.142,-0.173,-2.0,0.0,0.0,-1.0,-1.0
10.404,3.058,1.119,3.142,-0.26,-1.975,0.0,0.0,-1.0,-1.0
10.424,3.052,1.08,3.142,-0.351,-1.954,0.0,0.0,-1.0,-1.0
10.444,3.045,1.042,3.142,-0.442,-1.933,0.0,0.0,-1.0,-1.0
10.464,3.036,1.004,3.142,-0.528,-1.907,0.0,0.0,-1.0,-1.0
10.484,3.025,0.967,3.142,-0.606,-1.872,0.0,0.0,-1.0,-1.0
10.504,3.013,0.931,3.142,-0.671,-1.823,0.0,0.0,-1.0,-1.0
10.524,3.0,0.896,3.142,-0.72,-1.756,0.0,0.0,-1.0,-1.0
10.544,2.985,0.861,3.142,-0.763,-1.681,0.0,0.0,-1.0,-1.0
10.564,2.969,0.829,3.142,-0.808,-1.607,0.0,0.0,-1.0,-1.0
10.584,2.953,0.797,3.142,-0.852,-1.533,0.0,0.0,-1.0,-1.0
10.604,2.935,0.768,3.142,-0.896,-1.459,0.0,0.0,-1.0,-1.0
10.624,2.917,0.739,3.142,-0.939,-1.384,0.0,0.0,-1.0,-1.0
10.644,2.898,0.713,3.142,-0.978,-1.307,0.0,0.0,-1.0,-1.0
10.664,2.879,0.687,3.142,-1.014,-1.229,0.0,0.0,-1.0,-1.0
10.684,2.858,0.664,3.142,-1.046,-1.149,0.0,0.0,-1.0,-1.0
10.704,2.837,0.641,3.142,-1.078,-1.069,0.0,0.0,-1.0,-1.0
10.724,2.815,0.621,3.142,-1.111,-0.989,0.0,0.0,-1.0,-1.0
10.744,2.793,0.602,3.142,-1.143,-0.909,0.0,0.0,-1.0,-1.0
10.763,2.77,0.585,3.142,-1.175,-0.829,0.0,0.0,-1.0,-1.0
10.783,2.746,0.569,3.142,-1.207,-0.749,0.0,0.0,-1.0,-1.0
10.803,2.721,0.555,3.142,-1.237,-0.668,0.0,0.0,-1.0,-1.0
10.823,2.697,0.542,3.142,-1.265,-0.586,0.0,0.0,-1.0,-1.0
10.843,2.671,0.531,3.142,-1.283,-0.492,0.0,0.0,-1.0,-1.0
10.863,2.645,0.522,3.142,-1.294,-0.386,0.0,0.0,-1.0,-1.0
10.883,2.618,0.514,3.142,-1.303,-0.278,0.0,0.0,-1.0,-1.0
10.903,2.591,0.508,3.142,-1.317,-0.176,0.0,0.0,-1.0,-1.0
10.923,2.563,0.504,3.142,-1.342,-0.091,0.0,0.0,-1.0,-1.0
10.943,2.535,0.501,3.142,-1.384,-0.029,0.0,0.0,-1.0,-1.0
10.963,2.506,0.5,3.142,-1.45,-0.001,0.0,0.0,-1.0,-1.0
10.983,2.476,0.5,3.142,-1.543,-0.0,0.0,0.0,-1.0,-1.0
11.003,2.445,0.5,3.142,-1.652,-0.0,0.0,0.0,-1.0,-1.0
11.023,2.411,0.5,3.142,-1.763,0.0,0.0,0.0,-1.0,-1.0
11.043,2.376,0.5,3.142,-1.864,0.0,0.0,0.0,-1.0,-1.0
11.063,2.34,0.5,3.142,-1.941,0.0,0.0,0.0,-1.0,-1.0
11.083,2.301,0.5,3.142,-1.98,0.0,0.0,0.0,-1.0,-1.0
11.103,2.262,0.5,3.142,-1.988,0.0,0.0,0.0,-1.0,-1.0
11.123,2.222,0.5,3.142,-1.996,0.0,0.0,0.0,-1.0,-1.0
11.143,2.182,0.5,3.142,-2.005,-0.0,0.0,0.0,-1.0,-1.0
11.163,2.142,0.5,3.142,-2.013,-0.0,0.0,0.0,-1.0,-1.0
11.183,2.102,0.5,3.142,-2.018,-0.0,0.0,0.0,-1.0,-1.0
11.203,2.062,0.5,3.142,-2.021,-0.0,0.0,0.0,-1.0,-1.0
11.223,2.021,0.5,3.142,-2.021,-0.0,-0.0,0.0,-1.0,-1.0
11.243,1.981,0.5,3.142,-2.021,-0.0,-0.0,0.0,-1.0,-1.0
11.263,1.941,0.5,3.142,-2.021,0.0,-0.0,0.0,-1.0,-1.0
11.283,1.9,0.5,3.142,-2.021,0.0,-0.0,0.0,-1.0,-1.0
11.303,1.86,0.5,3.142,-2.021,0.0,-0.0,0.0,-1.0,-1.0
11.323,1.819,0.5,3.142,-2.021,0.0,-0.0,0.0,-1.0,-1.0
11.343,1.779,0.5,3.142,-2.021,0.0,-0.0,0.0,-1.0,-1.0
11.363,1.739,0.5,3.142,-2.021,0.0,-0.0,0.0,-1.0,-1.0
11.383,1.698,0.5,3.142,-2.021,-0.0,-0.0,0.0,-1.0,-1.0
11.402,1.658,0.5,3.142,-2.021,-0.0,-0.0,0.0,-1.0,-1.0
11.422,1.618,0.5,3.142,-2.021,-0.0,-0.0,0.0,-1.0,-1.0
11.442,1.577,0.5,3.142,-2.021,-0.0,-0.0,0.0,-1.0,-1.0
11.462,1.537,0.5,3.142,-2.021,-0.0,-0.0,0.0,-1.0,-1.0
11.482,1.497,0.5,3.142,-2.021,-0.0,-0.0,0.0,-1.0,-1.0
11.502,1.456,0.5,3.142,-2.021,0.0,-0.0,0.0,-1.0,-1.0
11.522,1.416,0.5,3.142,-2.021,0.0,-0.0,0.0,-1.0,-1.0
11.542,1.376,0.5,3.142,-2.021,0.0,-0.0,0.0,-1.0,-1.0
11.562,1.335,0.5,3.142,-2.021,0.0,-0.0,0.0,-1.0,-1.0
11.582,1.295,0.5,3.142,-2.03,0.0,0.0,0.0,-1.0,-1.0
11.602,1.254,0.5,3.142,-2.054,0.0,0.0,0.0,-1.0,-1.0
11.622,1.214,0.5,3.142,-2.078,-0.0,0.0,0.0,-1.0,-1.0
11.642,1.174,0.5,3.142,-2.091,-0.0,0.0,0.0,-1.0,-1.0
11.662,1.133,0.5,3.142,-2.079,-0.0,0.0,0.0,-1.0,-1.0
11.682,1.093,0.5,3.142,-2.027,-0.0,-0.0,0.0,-1.0,-1.0
11.702,1.053,0.5,3.142,-1.949,-0.0,-0.0,0.0,-1.0,-1.0
11.722,1.015,0.5,3.142,-1.871,-0.0,-0.0,0.0,-1.0,-1.0
11.742,0.979,0.5,3.142,-1.794,0.0,-0.0,0.0,-1.0,-1.0
11.762,0.944,0.5,3.142,-1.715,0.0,-0.0,0.0,-1.0,-1.0
11.782,0.91,0.5,3.142,-1.634,0.0,-0.0,0.0,-1.0,-1.0
11.802,0.879,0.5,3.142,-1.551,0.0,-0.0,0.0,-1.0,-1.0
11.822,0.849,0.5,3.142,-1.464,0.0,-0.0,0.0,-1.0,-1.0
11.842,0.82,0.5,3.142,-1.378,0.0,-0.0,0.0,-1.0,-1.0
11.862,0.794,0.5,3.142,-1.292,-0.0,-0.0,0.0,-1.0,-1.0
11.882,0.769,0.5,3.142,-1.206,-0.0,-0.0,0.0,-1.0,-1.0
11.902,0.745,0.5,3.142,-1.12,-0.0,-0.0,0.0,-1.0,-1.0
11.922,0.724,0.5,3.142,-1.034,-0.0,-0.0,0.0,-1.0,-1.0
11.942,0.704,0.5,3.142,-0.948,-0.0,-0.0,0.0,-1.0,-1.0
11.962,0.686,0.5,3.142,-0.862,-0.0,-0.0,0.0,-1.0,-1.0
11.982,0.67,0.5,3.142,-0.775,-0.0,-0.0,0.0,-1.0,-1.0
12.002,0.655,0.5,3.142,-0.689,0.0,-0.0,0.0,-1.0,-1.0
12.022,0.642,0.5,3.142,-0.603,0.0,-0.0,0.0,-1.0,-1.0
12.042,0.631,0.5,3.142,-0.517,0.0,-0.0,0.0,-1.0,-1.0
12.061,0.622,0.5,3.142,-0.431,0.0,-0.0,0.0,-1.0,-1.0
12.081,0.614,0.5,3.142,-0.345,0.0,-0.0,0.0,-1.0,-1.0
12.101,0.608,0.5,3.142,-0.259,0.0,-0.0,0.0,-1.0,-1.0
12.121,0.603,0.5,3.142,-0.172,0.0,-0.0,0.0,-1.0,-1.0
12.141,0.601,0.5,3.142,-0.086,0.0,-0.0,0.0,-1.0,-1.0
12.161,0.6,0.5,3.142,0.0,-0.0,0.0,0.0,-1.0,-1.0
