0.0,3.5,2.5,-0.0,-0.0,-0.0,-0.0,0.0,-1.0,-1.0
0.02,3.501,2.5,-0.0,0.121,0.0,0.0,0.0,-1.0,-1.0
0.04,3.505,2.5,-0.0,0.241,0.0,0.0,0.0,-1.0,-1.0
0.06,3.511,2.5,0.0,0.362,0.0,0.0,0.0,-1.0,-1.0
0.08,3.519,2.5,0.0,0.483,0.0,0.0,0.0,-1.0,-1.0
0.1,3.53,2.5,0.0,0.603,0.0,0.0,0.0,-1.0,-1.0
0.12,3.543,2.5,0.0,0.724,-0.0,-0.0,0.0,-1.0,-1.0
0.14,3.559,2.5,0.0,0.845,-0.0,-0.0,0.0,-1.0,-1.0
0.16,3.577,2.5,0.0,0.965,-0.0,-0.0,0.0,-1.0,-1.0
0.18,3.598,2.5,-0.0,1.086,-0.0,-0.0,0.0,-1.0,-1.0
0.2,3.621,2.5,-0.0,1.207,-0.0,-0.0,0.0,-1.0,-1.0
0.22,3.646,2.5,-0.0,1.327,0.0,0.0,0.0,-1.0,-1.0
0.24,3.674,2.5,-0.0,1.448,0.0,0.0,0.0,-1.0,-1.0
0.26,3.704,2.5,-0.0,1.569,0.0,0.0,0.0,-1.0,-1.0
0.28,3.736,2.5,0.0,1.689,0.0,0.0,0.0,-1.0,-1.0
0.3,3.771,2.5,0.0,1.81,0.0,0.0,0.0,-1.0,-1.0
0.32,3.809,2.5,0.0,1.932,-0.0,-0.0,0.0,-1.0,-1.0
0.34,3.848,2.5,0.0,2.054,-0.0,-0.0,0.0,-1.0,-1.0
0.36,3.891,2.5,0.0,2.174,-0.0,-0.0,0.0,-1.0,-1.0
0.38,3.935,2.5,-0.0,2.292,-0.0,-0.0,0.0,-1.0,-1.0
0.4,3.982,2.5,-0.0,2.432,-0.0,-0.0,0.0,-1.0,-1.0
0.42,4.031,2.5,-0.0,2.585,0.0,0.0,0.0,-1.0,-1.0
0.44,4.083,2.5,-0.0,2.721,0.0,0.0,0.0,-1.0,-1.0
0.459,4.137,2.5,-0.0,2.808,0.0,0.0,0.0,-1.0,-1.0
0.479,4.193,2.5,0.0,2.825,0.0,0.0,0.0,-1.0,-1.0
0.499,4.249,2.5,0.0,2.826,0.0,0.0,0.0,-1.0,-1.0
0.519,4.306,2.5,0.0,2.828,-0.0,-0.0,0.0,-1.0,-1.0
0.539,4.362,2.5,0.0,2.829,-0.0,-0.0,0.0,-1.0,-1.0
0.559,4.419,2.5,0.0,2.829,-0.0,-0.0,0.0,-1.0,-1.0
0.579,4.475,2.5,-0.0,2.829,-0.0,-0.0,0.0,-1.0,-1.0
0.599,4.532,2.5,-0.0,2.829,0.0,0.0,0.0,-1.0,-1.0
0.619,4.588,2.5,-0.0,2.829,0.0,0.0,0.0,-1.0,-1.0
0.639,4.645,2.5,-0.0,2.829,0.0,0.0,0.0,-1.0,-1.0
0.659,4.701,2.5,0.0,2.829,0.0,0.0,0.0,-1.0,-1.0
0.679,4.758,2.5,0.0,2.829,0.0,0.0,0.0,-1.0,-1.0
0.699,4.814,2.5,0.0,2.829,-0.0,-0.0,0.0,-1.0,-1.0
0.719,4.871,2.5,0.0,2.829,-0.0,-0.0,0.0,-1.0,-1.0
0.739,4.927,2.5,0.0,2.829,-0.0,-0.0,0.0,-1.0,-1.0
0.759,4.984,2.5,-0.0,2.829,-0.0,-0.0,0.0,-1.0,-1.0
0.779,5.041,2.5,-0.0,2.831,-0.0,-0.0,0.0,-1.0,-1.0
0.799,5.097,2.5,-0.0,2.833,0.0,0.0,0.0,-1.0,-1.0
0.819,5.154,2.5,-0.0,2.834,0.0,0.0,0.0,-1.0,-1.0
0.839,5.21,2.5,-0.0,2.831,0.0,0.0,0.0,-1.0,-1.0
0.859,5.267,2.5,0.0,2.826,0.005,0.0,0.0,-1.0,-1.0
0.879,5.323,2.5,0.0,2.819,0.029,0.0,0.0,-1.0,-1.0
0.899,5.379,2.5,0.0,2.813,0.054,0.0,0.0,-1.0,-1.0
0.919,5.435,2.5,0.0,2.807,0.056,0.0,0.0,-1.0,-1.0
0.939,5.491,2.5,0.0,2.8,0.012,0.0,0.0,-1.0,-1.0
0.959,5.547,2.499,-0.0,2.793,-0.076,-0.0,3.0,-1.0,-1.0
0.979,5.603,2.497,-0.0,2.787,-0.173,-0.001,0.0,-1.0,-1.0
0.999,5.659,2.493,-0.0,2.781,-0.27,-0.002,0.0,-1.0,-1.0
1.019,5.714,2.487,-0.0,2.774,-0.359,-0.002,0.0,-1.0,-1.0
1.039,5.769,2.48,-0.0,2.766,-0.431,-0.003,0.0,-1.0,-1.0
1.059,5.824,2.471,-0.0,2.756,-0.482,-0.003,0.0,-1.0,-1.0
1.079,5.879,2.461,-0.0,2.745,-0.536,-0.002,0.0,-1.0,-1.0
1.099,5.934,2.45,-0.0,2.733,-0.592,-0.002,0.0,-1.0,-1.0
1.119,5.989,2.438,-0.0,2.722,-0.644,-0.002,0.0,-1.0,-1.0
1.139,6.043,2.425,-0.0,2.713,-0.686,-0.002,0.0,-1.0,-1.0
1.159,6.097,2.411,-0.0,2.707,-0.711,-0.002,0.0,-1.0,-1.0
1.179,6.151,2.397,-0.0,2.702,-0.729,-0.002,0.0,-1.0,-1.0
1.199,6.205,2.382,-0.0,2.696,-0.75,-0.002,0.0,-1.0,-1.0
1.219,6.259,2.368,-0.001,2.69,-0.771,-0.002,0.0,-1.0,-1.0
1.239,6.313,2.352,-0.001,2.686,-0.786,-0.002,0.0,-1.0,-1.0
1.259,6.367,2.337,-0.001,2.685,-0.791,-0.002,0.0,-1.0,-1.0
1.279,6.42,2.321,-0.001,2.686,-0.786,-0.002,0.0,-1.0,-1.0
1.299,6.474,2.305,-0.001,2.687,-0.785,-0.003,0.0,-1.0,-1.0
1.319,6.528,2.29,-0.001,2.687,-0.785,-0.003,0.0,-1.0,-1.0
1.339,6.581,2.275,-0.001,2.688,-0.781,-0.004,0.0,-1.0,-1.0
1.358,6.635,2.26,-0.001,2.691,-0.769,-0.004,0.0,-1.0,-1.0
1.378,6.689,2.245,-0.001,2.697,-0.745,-0.004,0.0,-1.0,-1.0
1.398,6.743,2.23,-0.001,2.706,-0.72,-0.011,0.0,-1.0,-1.0
1.418,6.797,2.216,-0.001,2.716,-0.7,-0.022,0.0,-1.0,-1.0
1.438,6.851,2.203,-0.001,2.725,-0.677,-0.031,0.0,-1.0,-1.0
1.458,6.906,2.19,-0.001,2.733,-0.647,-0.031,0.0,-1.0,-1.0
1.478,6.96,2.178,-0.001,2.736,-0.602,-0.014,0.0,-1.0,-1.0
1.498,7.015,2.166,-0.001,2.738,-0.545,0.011,0.0,-1.0,-1.0
1.518,7.07,2.156,-0.001,2.748,-0.491,0.015,0.0,-1.0,-1.0
1.538,7.124,2.147,0.001,2.759,-0.436,0.018,0.0,-1.0,-1.0
1.558,7.179,2.139,0.003,2.763,-0.379,0.04,0.0,-1.0,-1.0
1.578,7.233,2.132,0.006,2.751,-0.316,0.102,0.0,-1.0,-1.0
1.598,7.288,2.127,0.009,2.719,-0.245,0.223,0.0,-1.0,-1.0
1.618,7.342,2.122,0.015,2.685,-0.164,0.356,0.0,-1.0,-1.0
1.638,7.395,2.12,0.024,2.653,-0.077,0.487,0.0,-1.0,-1.0
1.658,7.447,2.118,0.035,2.619,0.005,0.62,0.0,-1.0,-1.0
1.678,7.499,2.119,0.049,2.578,0.074,0.761,0.0,-1.0,-1.0
1.698,7.55,2.12,0.066,2.525,0.123,0.916,0.0,-1.0,-1.0
1.718,7.6,2.123,0.086,2.465,0.155,1.084,0.0,-1.0,-1.0
1.738,7.648,2.126,0.11,2.406,0.187,1.256,0.0,-1.0,-1.0
1.758,7.696,2.13,0.136,2.348,0.22,1.427,0.0,-1.0,-1.0
1.778,7.742,2.135,0.166,2.287,0.252,1.594,0.0,-1.0,-1.0
1.798,7.787,2.14,0.199,2.222,0.282,1.755,0.0,-1.0,-1.0
1.818,7.83,2.146,0.236,2.153,0.31,1.908,0.0,-1.0,-1.0
1.838,7.873,2.153,0.276,2.084,0.331,2.066,0.0,-1.0,-1.0
1.858,7.913,2.16,0.318,2.015,0.351,2.227,0.0,-1.0,-1.0
1.878,7.953,2.167,0.364,1.945,0.374,2.383,0.0,-1.0,-1.0
1.898,7.991,2.176,0.412,1.874,0.406,2.529,0.0,-1.0,-1.0
1.918,8.028,2.184,0.464,1.8,0.454,2.657,0.0,-1.0,-1.0
1.938,8.063,2.194,0.518,1.726,0.512,2.776,0.0,-1.0,-1.0
1.958,8.097,2.205,0.575,1.654,0.572,2.896,0.0,-1.0,-1.0
1.978,8.129,2.217,0.634,1.582,0.632,3.016,0.0,-1.0,-1.0
1.998,8.159,2.23,0.695,1.507,0.689,3.134,0.0,-1.0,-1.0
2.018,8.189,2.244,0.759,1.426,0.742,3.249,0.0,-1.0,-1.0
2.038,8.216,2.259,0.825,1.339,0.789,3.36,0.0,-1.0,-1.0
2.058,8.242,2.275,0.893,1.252,0.838,3.471,0.0,-1.0,-1.0
2.078,8.266,2.293,0.963,1.162,0.883,3.58,0.0,-1.0,-1.0
2.098,8.288,2.311,1.036,1.069,0.924,3.688,0.0,-1.0,-1.0
2.118,8.309,2.329,1.111,0.977,0.966,3.797,0.0,-1.0,-1.0
2.138,8.327,2.349,1.188,0.88,1.001,3.9,0.0,-1.0,-1.0
2.158,8.344,2.369,1.266,0.781,1.034,4.0,0.0,-1.0,-1.0
2.178,8.358,2.39,1.347,0.681,1.065,4.1,0.0,-1.0,-1.0
2.198,8.371,2.412,1.43,0.575,1.085,4.187,0.0,-1.0,-1.0
2.218,8.381,2.433,1.514,0.468,1.105,4.274,0.0,-1.0,-1.0
2.238,8.39,2.456,1.601,0.36,1.12,4.356,0.0,-1.0,-1.0
2.257,8.396,2.478,1.688,0.247,1.12,4.419,0.0,-1.0,-1.0
2.277,8.399,2.5,1.777,0.133,1.122,4.486,0.0,-1.0,-1.0
2.297,8.401,2.522,1.867,0.018,1.115,4.54,0.0,-1.0,-1.0
2.317,8.4,2.544,1.958,-0.098,1.093,4.576,0.0,-1.0,-1.0
2.337,8.397,2.566,2.05,-0.216,1.073,4.616,0.0,-1.0,-1.0
2.357,8.392,2.587,2.142,-0.329,1.04,4.636,0.0,-1.0,-1.0
2.377,8.384,2.607,2.234,-0.442,0.997,4.64,0.0,-1.0,-1.0
2.397,8.374,2.627,2.327,-0.555,0.953,4.644,0.0,-1.0,-1.0
2.417,8.362,2.645,2.419,-0.655,0.898,4.622,0.0,-1.0,-1.0
2.437,8.348,2.662,2.511,-0.752,0.838,4.591,0.0,-1.0,-1.0
2.457,8.332,2.679,2.603,-0.846,0.778,4.555,0.0,-1.0,-1.0
2.477,8.315,2.694,2.693,-0.923,0.714,4.495,0.0,-1.0,-1.0
2.497,8.296,2.707,2.782,-0.998,0.65,4.431,0.0,-1.0,-1.0
2.517,8.275,2.719,2.87,-1.069,0.584,4.362,0.0,-1.0,-1.0
2.537,8.253,2.73,2.956,-1.128,0.511,4.285,0.0,-1.0,-1.0
2.557,8.23,2.74,3.04,-1.185,0.425,4.227,0.0,-1.0,-1.0
2.577,8.206,2.748,3.123,-1.243,0.368,4.119,0.0,-1.0,-1.0
2.597,8.18,2.756,3.204,-1.305,0.358,3.929,0.0,-1.0,-1.0
2.617,8.153,2.763,3.28,-1.366,0.351,3.736,0.0,-1.0,-1.0
2.637,8.126,2.77,3.353,-1.43,0.339,3.548,0.0,-1.0,-1.0
2.657,8.096,2.776,3.422,-1.497,0.327,3.362,0.0,-1.0,-1.0
2.677,8.066,2.782,3.487,-1.564,0.313,3.177,0.0,-1.0,-1.0
2.697,8.034,2.788,3.549,-1.634,0.291,2.999,0.0,-1.0,-1.0
2.717,8.0,2.794,3.607,-1.705,0.269,2.825,0.0,-1.0,-1.0
2.737,7.966,2.799,3.662,-1.774,0.243,2.649,0.0,-1.0,-1.0
2.757,7.93,2.804,3.713,-1.842,0.21,2.475,0.0,-1.0,-1.0
2.777,7.892,2.807,3.761,-1.912,0.177,2.304,0.0,-1.0,-1.0
2.797,7.854,2.811,3.805,-1.968,0.139,2.118,0.0,-1.0,-1.0
2.817,7.814,2.813,3.845,-2.017,0.096,1.923,0.0,-1.0,-1.0
2.837,7.773,2.814,3.881,-2.064,0.052,1.727,0.0,-1.0,-1.0
2.857,7.732,2.815,3.914,-2.087,0.01,1.514,0.0,-1.0,-1.0
2.877,7.69,2.815,3.942,-2.107,-0.032,1.296,0.0,-1.0,-1.0
2.897,7.648,2.814,3.965,-2.119,-0.073,1.077,0.0,-1.0,-1.0
2.917,7.606,2.812,3.985,-2.109,-0.112,0.852,0.0,-1.0,-1.0
2.937,7.564,2.809,4.0,-2.097,-0.149,0.625,0.0,-1.0,-1.0
2.957,7.522,2.806,4.01,-2.079,-0.187,0.4,0.0,-1.0,-1.0
2.977,7.481,2.802,4.016,-2.053,-0.223,0.178,0.0,-1.0,-1.0
2.997,7.44,2.797,4.017,-2.026,-0.259,-0.044,0.0,-1.0,-1.0
3.017,7.4,2.791,4.014,-1.996,-0.296,-0.263,0.0,-1.0,-1.0
3.037,7.361,2.785,4.006,-1.963,-0.333,-0.48,0.0,-1.0,-1.0
3.057,7.322,2.778,3.995,-1.929,-0.37,-0.696,0.0,-1.0,-1.0
3.077,7.283,2.77,3.979,-1.894,-0.408,-0.911,0.0,-1.0,-1.0
3.097,7.246,2.762,3.958,-1.862,-0.441,-1.135,0.0,-1.0,-1.0
3.117,7.209,2.753,3.934,-1.824,-0.483,-1.342,0.0,-1.0,-1.0
3.137,7.173,2.742,3.905,-1.775,-0.537,-1.521,0.0,-1.0,-1.0
3.156,7.138,2.731,3.873,-1.726,-0.591,-1.7,0.0,-1.0,-1.0
3.176,7.104,2.719,3.838,-1.671,-0.651,-1.863,0.0,-1.0,-1.0
3.196,7.072,2.705,3.799,-1.616,-0.716,-2.031,0.0,-1.0,-1.0
3.216,7.04,2.69,3.757,-1.555,-0.772,-2.168,0.0,-1.0,-1.0
3.236,7.01,2.674,3.713,-1.478,-0.836,-2.297,0.0,-1.0,-1.0
3.256,6.981,2.657,3.666,-1.411,-0.885,-2.401,0.0,-1.0,-1.0
3.276,6.953,2.64,3.618,-1.367,-0.889,-2.438,0.0,-1.0,-1.0
3.296,6.926,2.622,3.57,-1.322,-0.892,-2.473,0.0,-1.0,-1.0
3.316,6.899,2.605,3.521,-1.315,-0.844,-2.427,0.0,-1.0,-1.0
3.336,6.873,2.589,3.473,-1.317,-0.78,-2.365,0.0,-1.0,-1.0
3.356,6.846,2.574,3.427,-1.331,-0.709,-2.264,0.0,-1.0,-1.0
3.376,6.82,2.561,3.383,-1.362,-0.624,-2.123,0.0,-1.0,-1.0
3.396,6.792,2.549,3.343,-1.392,-0.542,-1.975,0.0,-1.0,-1.0
3.416,6.764,2.539,3.305,-1.417,-0.473,-1.8,0.0,-1.0,-1.0
3.436,6.735,2.53,3.271,-1.442,-0.405,-1.623,0.0,-1.0,-1.0
3.456,6.706,2.522,3.24,-1.462,-0.344,-1.43,0.0,-1.0,-1.0
3.476,6.677,2.516,3.214,-1.481,-0.286,-1.232,0.0,-1.0,-1.0
3.496,6.647,2.511,3.191,-1.498,-0.231,-1.029,0.0,-1.0,-1.0
3.516,6.617,2.507,3.173,-1.513,-0.18,-0.819,0.0,-1.0,-1.0
3.536,6.587,2.504,3.159,-1.528,-0.13,-0.608,0.0,-1.0,-1.0
3.556,6.556,2.502,3.149,-1.532,-0.079,-0.371,0.0,-1.0,-1.0
3.576,6.525,2.5,3.143,-1.519,-0.021,-0.1,0.0,-1.0,-1.0
3.596,6.494,2.5,3.142,-1.591,0.0,-0.0,0.0,-1.0,-1.0
3.616,6.461,2.5,3.142,-1.725,0.0,-0.0,0.0,-1.0,-1.0
3.636,6.426,2.5,3.142,-1.871,0.0,-0.0,0.0,-1.0,-1.0
3.656,6.388,2.5,3.142,-2.024,-0.0,0.0,0.0,-1.0,-1.0
3.676,6.348,2.5,3.142,-2.174,-0.0,0.0,0.0,-1.0,-1.0
3.696,6.305,2.5,3.142,-2.314,-0.0,0.0,0.0,-1.0,-1.0
3.716,6.26,2.5,3.142,-2.437,-0.0,0.0,0.0,-1.0,-1.0
3.736,6.213,2.5,3.142,-2.536,-0.0,0.0,0.0,-1.0,-1.0
3.756,6.163,2.5,3.142,-2.601,-0.0,0.0,0.0,-1.0,-1.0
3.776,6.111,2.5,3.142,-2.632,-0.0,0.0,0.0,-1.0,-1.0
3.796,6.058,2.5,3.142,-2.66,-0.0,0.0,0.0,-1.0,-1.0
3.816,6.005,2.5,3.142,-2.691,-0.0,0.0,0.0,-1.0,-1.0
3.836,5.951,2.5,3.142,-2.723,0.0,-0.0,0.0,-1.0,-1.0
3.856,5.897,2.5,3.142,-2.754,0.0,-0.0,0.0,-1.0,-1.0
3.876,5.842,2.5,3.142,-2.782,0.0,-0.0,0.0,-1.0,-1.0
3.896,5.787,2.5,3.142,-2.805,0.0,-0.0,0.0,-1.0,-1.0
3.916,5.731,2.5,3.142,-2.822,0.0,-0.0,0.0,-1.0,-1.0
3.936,5.675,2.5,3.142,-2.829,0.0,-0.0,0.0,-1.0,-1.0
3.956,5.618,2.5,3.142,-2.83,0.0,-0.0,0.0,-1.0,-1.0
3.976,5.562,2.5,3.142,-2.83,0.0,-0.0,0.0,-1.0,-1.0
3.996,5.505,2.5,3.142,-2.83,0.0,-0.0,0.0,-1.0,-1.0
4.016,5.449,2.5,3.142,-2.83,-0.0,0.0,0.0,-1.0,-1.0
4.036,5.392,2.5,3.142,-2.83,-0.0,0.0,0.0,-1.0,-1.0
4.056,5.336,2.5,3.142,-2.83,-0.0,0.0,0.0,-1.0,-1.0
4.075,5.279,2.5,3.142,-2.83,-0.0,0.0,0.0,-1.0,-1.0
4.095,5.223,2.5,3.142,-2.83,-0.0,0.0,0.0,-1.0,-1.0
4.115,5.166,2.5,3.142,-2.83,-0.0,0.0,0.0,-1.0,-1.0
4.135,5.109,2.5,3.142,-2.83,-0.0,0.0,0.0,-1.0,-1.0
4.155,5.053,2.5,3.142,-2.83,-0.0,0.0,0.0,-1.0,-1.0
4.175,4.996,2.5,3.142,-2.83,-0.0,0.0,0.0,-1.0,-1.0
4.195,4.94,2.5,3.142,-2.83,0.0,-0.0,0.0,-1.0,-1.0
4.215,4.883,2.5,3.142,-2.83,0.0,-0.0,0.0,-1.0,-1.0
4.235,4.827,2.5,3.142,-2.83,0.0,-0.0,0.0,-1.0,-1.0
4.255,4.77,2.5,3.142,-2.83,0.0,-0.0,0.0,-1.0,-1.0
4.275,4.714,2.5,3.142,-2.83,0.0,-0.0,0.0,-1.0,-1.0
4.295,4.657,2.5,3.142,-2.83,0.0,-0.0,0.0,-1.0,-1.0
4.315,4.601,2.5,3.142,-2.83,0.0,-0.0,0.0,-1.0,-1.0
4.335,4.544,2.5,3.142,-2.83,0.0,-0.0,0.0,-1.0,-1.0
4.355,4.488,2.5,3.142,-2.83,0.0,-0.0,0.0,-1.0,-1.0
4.375,4.431,2.5,3.142,-2.83,-0.0,0.0,0.0,-1.0,-1.0
4.395,4.375,2.5,3.142,-2.83,-0.0,0.0,0.0,-1.0,-1.0
4.415,4.318,2.5,3.142,-2.83,-0.0,0.0,0.0,-1.0,-1.0
4.435,4.262,2.5,3.142,-2.83,-0.0,0.0,0.0,-1.0,-1.0
4.455,4.205,2.5,3.142,-2.83,-0.0,0.0,0.0,-1.0,-1.0
4.475,4.148,2.5,3.142,-2.83,-0.0,0.0,0.0,-1.0,-1.0
4.495,4.092,2.5,3.142,-2.83,-0.0,0.0,0.0,-1.0,-1.0
4.515,4.035,2.5,3.142,-2.83,-0.0,0.0,0.0,-1.0,-1.0
4.535,3.979,2.5,3.142,-2.83,0.0,-0.0,0.0,-1.0,-1.0
4.555,3.922,2.5,3.142,-2.83,0.0,-0.0,0.0,-1.0,-1.0
4.575,3.866,2.5,3.142,-2.83,0.0,-0.0,0.0,-1.0,-1.0
4.595,3.809,2.5,3.142,-2.83,0.0,-0.0,0.0,-1.0,-1.0
4.615,3.753,2.5,3.142,-2.83,0.0,-0.0,0.0,-1.0,-1.0
4.635,3.696,2.5,3.142,-2.83,0.0,-0.0,0.0,-1.0,-1.0
4.655,3.64,2.5,3.142,-2.836,0.0,-0.0,0.0,-1.0,-1.0
4.675,3.583,2.5,3.142,-2.856,0.0,-0.0,0.0,-1.0,-1.0
4.695,3.527,2.5,3.142,-2.883,0.0,-0.0,0.0,-1.0,-1.0
4.715,3.47,2.5,3.142,-2.909,-0.0,0.0,0.0,-1.0,-1.0
4.735,3.414,2.5,3.142,-2.93,-0.0,0.0,0.0,-1.0,-1.0
4.755,3.357,2.5,3.142,-2.937,-0.0,0.0,0.0,-1.0,-1.0
4.775,3.301,2.5,3.142,-2.925,-0.0,0.0,0.0,-1.0,-1.0
4.795,3.244,2.5,3.142,-2.887,-0.0,0.0,0.0,-1.0,-1.0
4.815,3.187,2.5,3.142,-2.817,-0.0,0.0,0.0,-1.0,-1.0
4.835,3.132,2.5,3.142,-2.738,-0.0,0.0,0.0,-1.0,-1.0
4.855,3.078,2.5,3.142,-2.665,-0.0,0.0,0.0,-1.0,-1.0
4.875,3.026,2.5,3.142,-2.594,-0.0,0.0,0.0,-1.0,-1.0
4.895,2.976,2.5,3.142,-2.523,0.0,-0.0,0.0,-1.0,-1.0
4.915,2.927,2.5,3.142,-2.447,0.0,-0.0,0.0,-1.0,-1.0
4.935,2.88,2.5,3.142,-2.365,0.0,-0.0,0.0,-1.0,-1.0
4.955,2.834,2.5,3.142,-2.274,0.0,-0.0,0.0,-1.0,-1.0
4.974,2.79,2.5,3.142,-2.17,0.0,-0.0,0.0,-1.0,-1.0
4.994,2.748,2.5,3.142,-2.052,0.0,-0.0,0.0,-1.0,-1.0
5.014,2.709,2.5,3.142,-1.931,0.0,-0.0,0.0,-1.0,-1.0
5.034,2.671,2.5,3.142,-1.81,0.0,-0.0,0.0,-1.0,-1.0
5.054,2.636,2.5,3.142,-1.69,0.0,-0.0,0.0,-1.0,-1.0
5.074,2.604,2.5,3.142,-1.569,0.0,-0.0,0.0,-1.0,-1.0
5.094,2.574,2.5,3.142,-1.448,-0.0,0.0,0.0,-1.0,-1.0
5.114,2.546,2.5,3.142,-1.328,-0.0,0.0,0.0,-1.0,-1.0
5.134,2.521,2.5,3.142,-1.207,-0.0,0.0,0.0,-1.0,-1.0
5.154,2.498,2.5,3.142,-1.086,-0.0,0.0,0.0,-1.0,-1.0
5.174,2.477,2.5,3.142,-0.966,-0.0,0.0,0.0,-1.0,-1.0
5.194,2.459,2.5,3.142,-0.845,-0.0,0.0,0.0,-1.0,-1.0
5.214,2.443,2.5,3.142,-0.724,-0.0,0.0,0.0,-1.0,-1.0
5.234,2.43,2.5,3.142,-0.604,-0.0,0.0,0.0,-1.0,-1.0
5.254,2.419,2.5,3.142,-0.483,-0.0,0.0,0.0,-1.0,-1.0
5.274,2.411,2.5,3.142,-0.362,-0.0,0.0,0.0,-1.0,-1.0
5.294,2.405,2.5,3.142,-0.241,-0.0,0.0,0.0,-1.0,-1.0
5.314,2.401,2.5,3.142,-0.121,-0.0,0.0,0.0,-1.0,-1.0
5.334,2.4,2.5,3.142,-0.0,0.0,-0.0,1.0,-1.0,-1.0
