0.0,3.5,2.5,1.571,-0.0,0.0,0.0,0.0,-1.0,-1.0
0.02,3.501,2.5,1.571,0.103,-0.0,-0.0,0.0,-1.0,-1.0
0.04,3.504,2.5,1.571,0.207,-0.0,-0.0,0.0,-1.0,-1.0
0.06,3.509,2.5,1.571,0.31,-0.0,-0.0,0.0,-1.0,-1.0
0.08,3.517,2.5,1.571,0.414,-0.0,-0.0,0.0,-1.0,-1.0
0.1,3.526,2.5,1.571,0.517,-0.0,-0.0,0.0,-1.0,-1.0
0.12,3.537,2.5,1.571,0.621,-0.0,-0.0,0.0,-1.0,-1.0
0.14,3.551,2.5,1.571,0.724,-0.0,-0.0,0.0,-1.0,-1.0
0.16,3.566,2.5,1.571,0.828,0.0,0.0,0.0,-1.0,-1.0
0.18,3.584,2.5,1.571,0.931,0.0,0.0,0.0,-1.0,-1.0
0.2,3.603,2.5,1.571,1.035,0.0,0.0,0.0,-1.0,-1.0
0.22,3.625,2.5,1.571,1.138,0.0,0.0,0.0,-1.0,-1.0
0.24,3.649,2.5,1.571,1.241,0.0,0.0,0.0,-1.0,-1.0
0.26,3.675,2.5,1.571,1.345,0.0,0.0,0.0,-1.0,-1.0
0.28,3.703,2.5,1.571,1.448,0.0,0.0,0.0,-1.0,-1.0
0.3,3.733,2.5,1.571,1.552,-0.0,-0.0,0.0,-1.0,-1.0
0.32,3.765,2.5,1.571,1.655,-0.0,-0.0,0.0,-1.0,-1.0
0.34,3.799,2.5,1.571,1.759,-0.0,-0.0,0.0,-1.0,-1.0
0.36,3.835,2.5,1.571,1.862,-0.0,-0.0,0.0,-1.0,-1.0
0.38,3.873,2.5,1.571,1.966,-0.0,-0.0,0.0,-1.0,-1.0
0.4,3.913,2.5,1.571,2.069,-0.0,-0.0,0.0,-1.0,-1.0
0.42,3.956,2.5,1.571,2.172,0.0,0.0,0.0,-1.0,-1.0
0.44,4.0,2.5,1.571,2.276,0.0,0.0,0.0,-1.0,-1.0
0.46,4.047,2.5,1.571,2.379,0.0,0.0,0.0,-1.0,-1.0
0.48,4.095,2.5,1.571,2.483,0.0,0.0,0.0,-1.0,-1.0
0.499,4.146,2.5,1.571,2.586,0.0,0.0,0.0,-1.0,-1.0
0.519,4.199,2.5,1.571,2.705,0.0,0.0,0.0,-1.0,-1.0
0.539,4.253,2.5,1.571,2.839,-0.0,-0.0,0.0,-1.0,-1.0
0.559,4.31,2.5,1.571,2.974,-0.0,-0.0,0.0,-1.0,-1.0
0.579,4.369,2.5,1.571,3.092,-0.0,-0.0,0.0,-1.0,-1.0
0.599,4.43,2.5,1.571,3.179,-0.0,-0.0,0.0,-1.0,-1.0
0.619,4.493,2.5,1.571,3.219,-0.0,-0.0,0.0,-1.0,-1.0
0.639,4.557,2.5,1.571,3.222,-0.0,-0.0,0.0,-1.0,-1.0
0.659,4.622,2.5,1.571,3.225,-0.0,-0.0,0.0,-1.0,-1.0
0.679,4.686,2.5,1.571,3.228,0.0,0.0,0.0,-1.0,-1.0
0.699,4.751,2.5,1.571,3.231,0.0,0.0,0.0,-1.0,-1.0
0.719,4.815,2.5,1.571,3.233,0.0,0.0,0.0,-1.0,-1.0
0.739,4.88,2.5,1.571,3.234,0.0,0.0,0.0,-1.0,-1.0
0.759,4.944,2.5,1.571,3.234,0.0,0.0,0.0,-1.0,-1.0
0.779,5.009,2.5,1.571,3.234,0.0,0.0,0.0,-1.0,-1.0
0.799,5.074,2.5,1.571,3.234,-0.0,-0.0,0.0,-1.0,-1.0
0.819,5.138,2.5,1.571,3.234,-0.0,-0.0,0.0,-1.0,-1.0
0.839,5.203,2.5,1.571,3.234,-0.0,-0.0,0.0,-1.0,-1.0
0.859,5.267,2.5,1.571,3.234,-0.0,-0.0,0.0,-1.0,-1.0
0.879,5.332,2.5,1.571,3.234,-0.0,-0.0,0.0,-1.0,-1.0
0.899,5.397,2.5,1.571,3.234,-0.0,-0.0,0.0,-1.0,-1.0
0.919,5.461,2.5,1.571,3.234,0.0,0.0,0.0,-1.0,-1.0
0.939,5.526,2.5,1.571,3.234,0.0,0.0,0.0,-1.0,-1.0
0.959,5.59,2.5,1.571,3.234,0.0,0.0,0.0,-1.0,-1.0
0.979,5.655,2.5,1.571,3.234,0.0,0.0,0.0,-1.0,-1.0
0.999,5.72,2.5,1.571,3.234,0.0,0.0,0.0,-1.0,-1.0
1.019,5.784,2.5,1.571,3.24,0.0,0.0,0.0,-1.0,-1.0
1.039,5.849,2.5,1.571,3.251,-0.0,-0.0,0.0,-1.0,-1.0
1.059,5.913,2.5,1.571,3.261,-0.0,-0.0,0.0,-1.0,-1.0
1.079,5.978,2.5,1.571,3.265,-0.0,-0.0,0.0,-1.0,-1.0
1.099,6.043,2.5,1.571,3.259,-0.0,-0.0,0.0,-1.0,-1.0
1.119,6.107,2.5,1.571,3.235,-0.0,-0.0,0.0,-1.0,-1.0
1.139,6.172,2.5,1.571,3.199,-0.011,-0.01,0.0,-1.0,-1.0
1.159,6.235,2.5,1.571,3.158,-0.037,-0.035,0.0,-1.0,-1.0
1.179,6.298,2.5,1.571,3.118,-0.065,-0.062,0.0,-1.0,-1.0
1.199,6.36,2.5,1.571,3.08,-0.081,-0.078,0.0,-1.0,-1.0
1.219,6.422,2.5,1.571,3.047,-0.071,-0.069,0.0,-1.0,-1.0
1.239,6.483,2.5,1.571,3.023,-0.023,-0.022,0.0,-1.0,-1.0
1.259,6.543,2.5,1.571,3.007,0.063,0.062,0.0,-1.0,-1.0
1.279,6.603,2.503,1.573,2.996,0.151,0.153,0.0,-1.0,-1.0
1.299,6.662,2.506,1.577,2.985,0.238,0.244,0.0,-1.0,-1.0
1.319,6.722,2.512,1.582,2.973,0.326,0.333,0.0,-1.0,-1.0
1.339,6.781,2.52,1.59,2.955,0.414,0.416,0.0,-1.0,-1.0
1.359,6.839,2.529,1.599,2.93,0.503,0.49,0.0,-1.0,-1.0
1.379,6.897,2.54,1.609,2.899,0.592,0.558,0.0,-1.0,-1.0
1.399,6.955,2.552,1.621,2.874,0.683,0.63,0.0,-1.0,-1.0
1.419,7.012,2.567,1.634,2.849,0.774,0.704,0.0,-1.0,-1.0
1.439,7.068,2.583,1.648,2.821,0.865,0.774,0.0,-1.0,-1.0
1.458,7.124,2.601,1.664,2.786,0.953,0.836,0.0,-1.0,-1.0
1.478,7.179,2.621,1.681,2.738,1.037,0.886,0.0,-1.0,-1.0
1.498,7.233,2.642,1.699,2.68,1.119,0.926,0.0,-1.0,-1.0
1.518,7.286,2.666,1.718,2.625,1.202,0.97,0.0,-1.0,-1.0
1.538,7.337,2.69,1.737,2.57,1.285,1.015,0.0,-1.0,-1.0
1.558,7.388,2.717,1.758,2.513,1.367,1.057,0.0,-1.0,-1.0
1.578,7.437,2.745,1.779,2.452,1.448,1.093,0.0,-1.0,-1.0
1.598,7.486,2.774,1.801,2.386,1.525,1.119,0.0,-1.0,-1.0
1.618,7.533,2.806,1.823,2.316,1.599,1.139,0.0,-1.0,-1.0
1.638,7.578,2.838,1.846,2.247,1.676,1.164,0.0,-1.0,-1.0
1.658,7.622,2.872,1.869,2.178,1.752,1.191,0.0,-1.0,-1.0
1.678,7.665,2.908,1.893,2.108,1.828,1.213,0.0,-1.0,-1.0
1.698,7.706,2.945,1.917,2.036,1.901,1.226,0.0,-1.0,-1.0
1.718,7.746,2.984,1.941,1.96,1.97,1.225,0.0,-1.0,-1.0
1.738,7.784,3.024,1.965,1.882,2.037,1.216,0.0,-1.0,-1.0
1.758,7.821,3.065,1.989,1.803,2.106,1.214,0.0,-1.0,-1.0
1.778,7.856,3.108,2.013,1.723,2.174,1.212,0.0,-1.0,-1.0
1.798,7.89,3.152,2.037,1.644,2.242,1.205,0.0,-1.0,-1.0
1.818,7.922,3.197,2.06,1.566,2.307,1.188,0.0,-1.0,-1.0
1.838,7.953,3.244,2.083,1.488,2.367,1.153,0.0,-1.0,-1.0
1.858,7.982,3.292,2.106,1.407,2.426,1.108,0.0,-1.0,-1.0
1.878,8.009,3.341,2.127,1.32,2.489,1.065,0.0,-1.0,-1.0
1.898,8.035,3.391,2.148,1.233,2.552,1.022,0.0,-1.0,-1.0
1.918,8.059,3.442,2.168,1.15,2.612,0.977,0.0,-1.0,-1.0
1.938,8.082,3.494,2.187,1.078,2.666,0.928,0.0,-1.0,-1.0
1.958,8.103,3.548,2.205,1.02,2.71,0.873,0.0,-1.0,-1.0
1.978,8.123,3.602,2.222,0.971,2.751,0.813,0.0,-1.0,-1.0
1.998,8.142,3.658,2.237,0.917,2.793,0.751,0.0,-1.0,-1.0
2.018,8.16,3.714,2.252,0.862,2.836,0.688,0.0,-1.0,-1.0
2.038,8.177,3.771,2.265,0.812,2.876,0.627,0.0,-1.0,-1.0
2.058,8.193,3.828,2.277,0.77,2.912,0.57,0.0,-1.0,-1.0
2.078,8.209,3.887,2.288,0.74,2.941,0.519,0.0,-1.0,-1.0
2.098,8.223,3.946,2.298,0.717,2.966,0.469,0.0,-1.0,-1.0
2.118,8.237,4.005,2.307,0.694,2.993,0.415,0.0,-1.0,-1.0
2.138,8.251,4.065,2.315,0.671,3.02,0.362,0.0,-1.0,-1.0
2.158,8.264,4.125,2.322,0.649,3.045,0.311,0.0,-1.0,-1.0
2.178,8.277,4.186,2.328,0.627,3.067,0.268,0.0,-1.0,-1.0
2.198,8.289,4.248,2.333,0.606,3.084,0.235,0.0,-1.0,-1.0
2.218,8.301,4.309,2.338,0.587,3.099,0.206,0.0,-1.0,-1.0
2.238,8.313,4.372,2.342,0.571,3.115,0.174,0.0,-1.0,-1.0
2.258,8.324,4.434,2.345,0.554,3.131,0.142,0.0,-1.0,-1.0
2.278,8.334,4.496,2.348,0.536,3.146,0.113,0.0,-1.0,-1.0
2.298,8.345,4.559,2.35,0.513,3.159,0.089,0.0,-1.0,-1.0
2.318,8.355,4.623,2.352,0.483,3.169,0.073,0.0,-1.0,-1.0
2.338,8.364,4.686,2.353,0.45,3.179,0.059,0.0,-1.0,-1.0
2.358,8.373,4.749,2.354,0.418,3.189,0.044,0.0,-1.0,-1.0
2.378,8.381,4.813,2.355,0.385,3.2,0.029,0.0,-1.0,-1.0
2.398,8.388,4.877,2.356,0.352,3.209,0.015,0.0,-1.0,-1.0
2.418,8.395,4.941,2.356,0.318,3.217,0.006,0.0,-1.0,-1.0
2.437,8.4,5.006,2.356,0.282,3.221,0.002,0.0,-1.0,-1.0
2.457,8.406,5.07,2.356,0.243,3.223,0.002,0.0,-1.0,-1.0
2.477,8.41,5.134,2.356,0.202,3.226,0.001,0.0,-1.0,-1.0
2.497,8.414,5.199,2.356,0.163,3.229,0.001,0.0,-1.0,-1.0
2.517,8.417,5.263,2.356,0.129,3.231,0.0,0.0,-1.0,-1.0
2.537,8.419,5.328,2.356,0.103,3.232,0.0,0.0,-1.0,-1.0
2.557,8.421,5.392,2.356,0.075,3.232,0.0,0.0,-1.0,-1.0
2.577,8.423,5.457,2.356,0.047,3.233,0.0,0.0,-1.0,-1.0
2.597,8.423,5.522,2.356,0.022,3.234,-0.0,0.0,-1.0,-1.0
2.617,8.424,5.586,2.356,0.004,3.234,-0.0,0.0,-1.0,-1.0
2.637,8.424,5.651,2.356,-0.009,3.241,-0.0,0.0,-1.0,-1.0
2.657,8.424,5.715,2.356,-0.023,3.262,-0.0,0.0,-1.0,-1.0
2.677,8.423,5.78,2.356,-0.036,3.28,-0.0,0.0,-1.0,-1.0
2.697,8.422,5.845,2.356,-0.047,3.275,-0.0,0.0,-1.0,-1.0
2.717,8.421,5.909,2.356,-0.052,3.226,-0.0,0.0,-1.0,-1.0
2.737,8.42,5.973,2.356,-0.054,3.16,-0.0,0.0,-1.0,-1.0
2.757,8.419,6.035,2.356,-0.057,3.098,-0.0,0.0,-1.0,-1.0
2.777,8.418,6.096,2.356,-0.06,3.031,-0.0,0.0,-1.0,-1.0
2.797,8.417,6.155,2.356,-0.061,2.952,-0.0,0.0,-1.0,-1.0
2.817,8.416,6.213,2.356,-0.059,2.853,-0.0,0.0,-1.0,-1.0
2.837,8.415,6.269,2.356,-0.057,2.749,-0.0,0.0,-1.0,-1.0
2.857,8.414,6.323,2.356,-0.055,2.646,-0.0,0.0,-1.0,-1.0
2.877,8.412,6.375,2.356,-0.053,2.543,-0.0,0.0,-1.0,-1.0
2.897,8.411,6.425,2.356,-0.051,2.44,-0.0,0.0,-1.0,-1.0
2.917,8.41,6.473,2.356,-0.048,2.336,-0.0,0.0,-1.0,-1.0
2.937,8.409,6.518,2.356,-0.046,2.233,-0.0,0.0,-1.0,-1.0
2.957,8.409,6.562,2.356,-0.043,2.13,-0.0,0.0,-1.0,-1.0
2.977,8.408,6.603,2.356,-0.041,2.026,-0.0,0.0,-1.0,-1.0
2.997,8.407,6.643,2.356,-0.039,1.923,-0.0,0.0,-1.0,-1.0
3.017,8.406,6.68,2.356,-0.036,1.82,-0.0,0.0,-1.0,-1.0
3.037,8.406,6.715,2.356,-0.034,1.716,-0.0,0.0,-1.0,-1.0
3.057,8.405,6.749,2.356,-0.032,1.613,-0.0,0.0,-1.0,-1.0
3.077,8.404,6.78,2.356,-0.03,1.51,-0.0,0.0,-1.0,-1.0
3.097,8.404,6.809,2.356,-0.027,1.406,-0.0,0.0,-1.0,-1.0
3.117,8.403,6.836,2.356,-0.025,1.303,-0.0,0.0,-1.0,-1.0
3.137,8.403,6.861,2.356,-0.023,1.199,-0.0,0.0,-1.0,-1.0
3.157,8.402,6.884,2.356,-0.021,1.096,-0.0,0.0,-1.0,-1.0
3.177,8.402,6.905,2.356,-0.019,0.993,-0.0,0.0,-1.0,-1.0
3.197,8.401,6.924,2.356,-0.017,0.889,-0.0,0.0,-1.0,-1.0
3.217,8.401,6.94,2.356,-0.015,0.786,-0.0,0.0,-1.0,-1.0
3.237,8.401,6.955,2.356,-0.013,0.682,-0.0,0.0,-1.0,-1.0
3.257,8.401,6.968,2.356,-0.011,0.579,-0.0,0.0,-1.0,-1.0
3.277,8.4,6.978,2.356,-0.009,0.475,-0.0,0.0,-1.0,-1.0
3.297,8.4,6.987,2.356,-0.009,0.369,-0.014,0.0,-1.0,-1.0
3.317,8.4,6.993,2.356,-0.01,0.261,-0.039,0.0,-1.0,-1.0
3.337,8.4,6.997,2.356,-0.009,0.155,-0.053,0.0,-1.0,-1.0
3.357,8.4,7.0,2.356,-0.005,0.055,-0.035,0.0,-1.0,-1.0
3.377,8.4,7.0,2.356,0.005,-0.036,0.031,0.0,-1.0,-1.0
3.396,8.4,6.998,2.358,0.016,-0.124,0.107,0.0,-1.0,-1.0
3.416,8.401,6.995,2.361,0.028,-0.213,0.184,0.0,-1.0,-1.0
3.436,8.401,6.99,2.365,0.04,-0.301,0.261,0.0,-1.0,-1.0
3.456,8.402,6.983,2.371,0.05,-0.39,0.337,0.0,-1.0,-1.0
3.476,8.403,6.974,2.378,0.059,-0.48,0.411,0.0,-1.0,-1.0
3.496,8.404,6.964,2.387,0.068,-0.57,0.485,0.0,-1.0,-1.0
3.516,8.406,6.951,2.398,0.079,-0.659,0.558,0.0,-1.0,-1.0
3.536,8.407,6.937,2.41,0.089,-0.749,0.632,0.0,-1.0,-1.0
3.556,8.409,6.921,2.423,0.097,-0.839,0.705,0.0,-1.0,-1.0
3.576,8.411,6.904,2.438,0.1,-0.928,0.78,0.0,-1.0,-1.0
3.596,8.413,6.884,2.454,0.099,-1.018,0.855,0.0,-1.0,-1.0
3.616,8.415,6.863,2.472,0.099,-1.108,0.929,0.0,-1.0,-1.0
3.636,8.417,6.84,2.492,0.099,-1.198,1.002,0.0,-1.0,-1.0
3.656,8.419,6.815,2.512,0.098,-1.288,1.076,0.0,-1.0,-1.0
3.676,8.421,6.789,2.535,0.096,-1.377,1.154,0.0,-1.0,-1.0
3.696,8.423,6.76,2.559,0.091,-1.464,1.237,0.0,-1.0,-1.0
3.716,8.424,6.73,2.584,0.084,-1.551,1.322,0.0,-1.0,-1.0
3.736,8.426,6.698,2.612,0.077,-1.638,1.407,0.0,-1.0,-1.0
3.756,8.428,6.665,2.64,0.071,-1.724,1.492,0.0,-1.0,-1.0
3.776,8.429,6.629,2.671,0.066,-1.812,1.576,0.0,-1.0,-1.0
3.796,8.43,6.592,2.703,0.063,-1.9,1.659,0.0,-1.0,-1.0
3.816,8.431,6.553,2.737,0.06,-1.997,1.748,0.0,-1.0,-1.0
3.836,8.433,6.513,2.773,0.056,-2.106,1.846,0.0,-1.0,-1.0
3.856,8.434,6.47,2.81,0.052,-2.213,1.943,0.0,-1.0,-1.0
3.876,8.435,6.426,2.849,0.05,-2.304,2.028,0.0,-1.0,-1.0
3.896,8.436,6.38,2.89,0.052,-2.368,2.089,0.0,-1.0,-1.0
3.916,8.437,6.333,2.932,0.057,-2.4,2.124,0.0,-1.0,-1.0
3.936,8.438,6.285,2.974,0.059,-2.433,2.167,0.0,-1.0,-1.0
3.956,8.44,6.236,3.018,0.061,-2.469,2.212,0.0,-1.0,-1.0
3.976,8.441,6.187,3.061,0.065,-2.499,2.249,0.0,-1.0,-1.0
3.996,8.443,6.137,3.106,0.074,-2.518,2.268,0.0,-1.0,-1.0
4.016,8.444,6.087,3.151,0.091,-2.52,2.26,0.0,-1.0,-1.0
4.036,8.446,6.036,3.196,0.118,-2.513,2.248,0.0,-1.0,-1.0
4.056,8.449,5.986,3.24,0.151,-2.505,2.238,0.0,-1.0,-1.0
4.076,8.452,5.936,3.285,0.181,-2.498,2.227,0.0,-1.0,-1.0
4.096,8.455,5.886,3.329,0.198,-2.494,2.206,0.0,-1.0,-1.0
4.116,8.458,5.836,3.372,0.194,-2.494,2.171,0.0,-1.0,-1.0
4.136,8.462,5.786,3.415,0.177,-2.497,2.124,0.0,-1.0,-1.0
4.156,8.465,5.736,3.457,0.169,-2.498,2.081,0.0,-1.0,-1.0
4.176,8.468,5.686,3.498,0.161,-2.499,2.037,0.0,-1.0,-1.0
4.196,8.47,5.636,3.538,0.142,-2.503,1.99,0.0,-1.0,-1.0
4.216,8.472,5.586,3.577,0.103,-2.511,1.935,0.0,-1.0,-1.0
4.236,8.473,5.536,3.615,0.037,-2.527,1.87,0.0,-1.0,-1.0
4.256,8.473,5.485,3.651,-0.029,-2.544,1.804,0.0,-1.0,-1.0
4.276,8.472,5.434,3.687,-0.094,-2.561,1.738,0.0,-1.0,-1.0
4.296,8.469,5.383,3.721,-0.162,-2.578,1.672,0.0,-1.0,-1.0
4.316,8.465,5.331,3.753,-0.236,-2.594,1.604,0.0,-1.0,-1.0
4.336,8.459,5.279,3.785,-0.321,-2.608,1.535,0.0,-1.0,-1.0
4.355,8.452,5.227,3.815,-0.411,-2.624,1.461,0.0,-1.0,-1.0
4.375,8.443,5.174,3.843,-0.501,-2.642,1.387,0.0,-1.0,-1.0
4.395,8.432,5.122,3.87,-0.59,-2.659,1.313,0.0,-1.0,-1.0
4.415,8.419,5.069,3.896,-0.681,-2.671,1.242,0.0,-1.0,-1.0
4.435,8.405,5.015,3.92,-0.773,-2.676,1.176,0.0,-1.0,-1.0
4.455,8.388,4.962,3.943,-0.868,-2.674,1.116,3.0,-1.0,-1.0
4.475,8.37,4.909,3.965,-0.967,-2.673,1.056,0.0,-1.0,-1.0
4.495,8.35,4.855,3.985,-1.063,-2.67,0.996,0.0,-1.0,-1.0
4.515,8.328,4.802,4.005,-1.15,-2.665,0.937,0.0,-1.0,-1.0
4.535,8.304,4.749,4.023,-1.23,-2.657,0.877,0.0,-1.0,-1.0
4.555,8.279,4.696,4.04,-1.315,-2.648,0.816,0.0,-1.0,-1.0
4.575,8.252,4.643,4.056,-1.395,-2.64,0.756,0.0,-1.0,-1.0
4.595,8.224,4.59,4.07,-1.456,-2.633,0.703,0.0,-1.0,-1.0
4.615,8.194,4.538,4.084,-1.506,-2.627,0.652,0.0,-1.0,-1.0
4.635,8.164,4.485,4.096,-1.56,-2.62,0.6,0.0,-1.0,-1.0
4.655,8.132,4.433,4.108,-1.608,-2.614,0.551,0.0,-1.0,-1.0
4.675,8.1,4.381,4.119,-1.639,-2.612,0.509,0.0,-1.0,-1.0
4.695,8.067,4.328,4.128,-1.663,-2.612,0.471,0.0,-1.0,-1.0
4.715,8.034,4.276,4.137,-1.687,-2.61,0.432,0.0,-1.0,-1.0
4.735,8.0,4.224,4.146,-1.708,-2.611,0.394,0.0,-1.0,-1.0
4.755,7.966,4.172,4.153,-1.721,-2.615,0.36,0.0,-1.0,-1.0
4.775,7.931,4.12,4.16,-1.73,-2.619,0.329,0.0,-1.0,-1.0
4.795,7.897,4.067,4.166,-1.739,-2.623,0.298,0.0,-1.0,-1.0
4.815,7.862,4.015,4.172,-1.747,-2.628,0.265,0.0,-1.0,-1.0
4.835,7.827,3.962,4.177,-1.753,-2.638,0.227,0.0,-1.0,-1.0
4.855,7.792,3.909,4.181,-1.762,-2.654,0.195,0.0,-1.0,-1.0
4.875,7.757,3.856,4.184,-1.771,-2.67,0.164,0.0,-1.0,-1.0
4.895,7.721,3.803,4.187,-1.774,-2.679,0.119,0.0,-1.0,-1.0
4.915,7.686,3.749,4.188,-1.767,-2.677,0.05,0.0,-1.0,-1.0
4.935,7.651,3.696,4.188,-1.762,-2.677,-0.01,0.0,-1.0,-1.0
4.955,7.616,3.643,4.187,-1.757,-2.677,-0.071,0.0,-1.0,-1.0
4.975,7.581,3.59,4.184,-1.744,-2.665,-0.161,0.0,-1.0,-1.0
4.995,7.546,3.537,4.179,-1.72,-2.636,-0.295,0.0,-1.0,-1.0
5.015,7.512,3.484,4.172,-1.697,-2.608,-0.431,0.0,-1.0,-1.0
5.035,7.479,3.433,4.162,-1.672,-2.578,-0.569,0.0,-1.0,-1.0
5.055,7.446,3.382,4.149,-1.645,-2.542,-0.715,0.0,-1.0,-1.0
5.075,7.413,3.331,4.133,-1.613,-2.495,-0.876,0.0,-1.0,-1.0
5.095,7.381,3.282,4.114,-1.581,-2.447,-1.039,0.0,-1.0,-1.0
5.115,7.35,3.234,4.092,-1.549,-2.4,-1.201,0.0,-1.0,-1.0
5.135,7.319,3.186,4.066,-1.515,-2.351,-1.359,0.0,-1.0,-1.0
5.155,7.29,3.14,4.037,-1.479,-2.305,-1.526,0.0,-1.0,-1.0
5.175,7.26,3.094,4.006,-1.442,-2.268,-1.714,0.0,-1.0,-1.0
5.195,7.232,3.05,3.971,-1.405,-2.223,-1.883,0.0,-1.0,-1.0
5.215,7.204,3.006,3.933,-1.37,-2.155,-1.99,0.0,-1.0,-1.0
5.235,7.177,2.964,3.893,-1.333,-2.064,-2.04,0.0,-1.0,-1.0
5.255,7.151,2.924,3.852,-1.296,-1.972,-2.089,0.0,-1.0,-1.0
5.275,7.125,2.886,3.81,-1.27,-1.874,-2.117,0.0,-1.0,-1.0
5.295,7.1,2.849,3.767,-1.245,-1.774,-2.145,0.0,-1.0,-1.0
5.315,7.075,2.815,3.724,-1.226,-1.674,-2.161,0.0,-1.0,-1.0
5.334,7.051,2.782,3.681,-1.22,-1.571,-2.152,0.0,-1.0,-1.0
5.354,7.026,2.752,3.639,-1.213,-1.467,-2.145,0.0,-1.0,-1.0
5.374,7.002,2.724,3.596,-1.215,-1.366,-2.115,0.0,-1.0,-1.0
5.394,6.978,2.697,3.554,-1.224,-1.266,-2.073,0.0,-1.0,-1.0
5.414,6.953,2.673,3.514,-1.234,-1.168,-2.028,0.0,-1.0,-1.0
5.434,6.928,2.651,3.474,-1.252,-1.076,-1.956,0.0,-1.0,-1.0
5.454,6.903,2.63,3.436,-1.271,-0.985,-1.883,0.0,-1.0,-1.0
5.474,6.877,2.611,3.399,-1.292,-0.898,-1.799,0.0,-1.0,-1.0
5.494,6.851,2.594,3.364,-1.314,-0.817,-1.697,0.0,-1.0,-1.0
5.514,6.825,2.578,3.331,-1.337,-0.735,-1.595,0.0,-1.0,-1.0
5.534,6.798,2.564,3.301,-1.359,-0.66,-1.478,0.0,-1.0,-1.0
5.554,6.771,2.552,3.272,-1.38,-0.586,-1.357,0.0,-1.0,-1.0
5.574,6.743,2.541,3.247,-1.401,-0.513,-1.232,0.0,-1.0,-1.0
5.594,6.715,2.531,3.223,-1.419,-0.445,-1.096,0.0,-1.0,-1.0
5.614,6.686,2.523,3.203,-1.437,-0.378,-0.959,0.0,-1.0,-1.0
5.634,6.657,2.516,3.185,-1.453,-0.313,-0.816,0.0,-1.0,-1.0
5.654,6.628,2.511,3.17,-1.467,-0.251,-0.667,0.0,-1.0,-1.0
5.674,6.599,2.506,3.159,-1.481,-0.189,-0.518,0.0,-1.0,-1.0
5.694,6.569,2.503,3.15,-1.491,-0.129,-0.356,0.0,-1.0,-1.0
5.714,6.539,2.501,3.144,-1.476,-0.055,-0.151,0.0,-1.0,-1.0
5.734,6.509,2.5,3.142,-1.498,-0.003,-0.009,0.0,-1.0,-1.0
5.754,6.478,2.5,3.142,-1.596,0.0,0.0,0.0,-1.0,-1.0
5.774,6.445,2.5,3.142,-1.7,0.0,0.0,0.0,-1.0,-1.0
5.794,6.41,2.5,3.142,-1.804,0.0,0.0,0.0,-1.0,-1.0
5.814,6.373,2.5,3.142,-1.908,-0.0,-0.0,0.0,-1.0,-1.0
5.834,6.334,2.5,3.142,-2.012,-0.0,-0.0,0.0,-1.0,-1.0
5.854,6.293,2.5,3.142,-2.115,-0.0,-0.0,0.0,-1.0,-1.0
5.874,6.249,2.5,3.142,-2.218,-0.0,-0.0,0.0,-1.0,-1.0
5.894,6.204,2.5,3.142,-2.321,-0.0,-0.0,0.0,-1.0,-1.0
5.914,6.157,2.5,3.142,-2.423,-0.0,-0.0,0.0,-1.0,-1.0
5.934,6.107,2.5,3.142,-2.541,-0.0,-0.0,0.0,-1.0,-1.0
5.954,6.056,2.5,3.142,-2.672,-0.0,-0.0,0.0,-1.0,-1.0
5.974,6.002,2.5,3.142,-2.806,0.0,0.0,0.0,-1.0,-1.0
5.994,5.947,2.5,3.142,-2.936,0.0,0.0,0.0,-1.0,-1.0
6.014,5.889,2.5,3.142,-3.052,0.0,0.0,0.0,-1.0,-1.0
6.034,5.83,2.5,3.142,-3.146,0.0,0.0,0.0,-1.0,-1.0
6.054,5.768,2.5,3.142,-3.21,0.0,0.0,0.0,-1.0,-1.0
6.074,5.705,2.5,3.142,-3.234,0.0,0.0,0.0,-1.0,-1.0
6.094,5.64,2.5,3.142,-3.234,0.0,0.0,0.0,-1.0,-1.0
6.114,5.576,2.5,3.142,-3.234,0.0,0.0,0.0,-1.0,-1.0
6.134,5.511,2.5,3.142,-3.234,0.0,0.0,0.0,-1.0,-1.0
6.154,5.447,2.5,3.142,-3.234,-0.0,-0.0,0.0,-1.0,-1.0
6.174,5.382,2.5,3.142,-3.234,-0.0,-0.0,0.0,-1.0,-1.0
6.194,5.317,2.5,3.142,-3.234,-0.0,-0.0,0.0,-1.0,-1.0
6.214,5.253,2.5,3.142,-3.234,-0.0,-0.0,0.0,-1.0,-1.0
6.234,5.188,2.5,3.142,-3.234,-0.0,-0.0,0.0,-1.0,-1.0
6.254,5.123,2.5,3.142,-3.234,-0.0,-0.0,0.0,-1.0,-1.0
6.274,5.059,2.5,3.142,-3.234,-0.0,-0.0,0.0,-1.0,-1.0
6.293,4.994,2.5,3.142,-3.234,-0.0,-0.0,0.0,-1.0,-1.0
6.313,4.93,2.5,3.142,-3.234,0.0,0.0,0.0,-1.0,-1.0
6.333,4.865,2.5,3.142,-3.234,0.0,0.0,0.0,-1.0,-1.0
6.353,4.8,2.5,3.142,-3.234,0.0,0.0,0.0,-1.0,-1.0
6.373,4.736,2.5,3.142,-3.234,0.0,0.0,0.0,-1.0,-1.0
6.393,4.671,2.5,3.142,-3.234,0.0,0.0,0.0,-1.0,-1.0
6.413,4.607,2.5,3.142,-3.234,0.0,0.0,0.0,-1.0,-1.0
6.433,4.542,2.5,3.142,-3.234,0.0,0.0,0.0,-1.0,-1.0
6.453,4.477,2.5,3.142,-3.234,0.0,0.0,0.0,-1.0,-1.0
6.473,4.413,2.5,3.142,-3.234,-0.0,-0.0,0.0,-1.0,-1.0
6.493,4.348,2.5,3.142,-3.234,-0.0,-0.0,0.0,-1.0,-1.0
6.513,4.284,2.5,3.142,-3.234,-0.0,-0.0,0.0,-1.0,-1.0
6.533,4.219,2.5,3.142,-3.234,-0.0,-0.0,0.0,-1.0,-1.0
6.553,4.154,2.5,3.142,-3.234,-0.0,-0.0,0.0,-1.0,-1.0
6.573,4.09,2.5,3.142,-3.234,-0.0,-0.0,0.0,-1.0,-1.0
6.593,4.025,2.5,3.142,-3.24,-0.0,-0.0,0.0,-1.0,-1.0
6.613,3.96,2.5,3.142,-3.258,-0.0,-0.0,0.0,-1.0,-1.0
6.633,3.896,2.5,3.142,-3.283,-0.0,-0.0,0.0,-1.0,-1.0
6.653,3.831,2.5,3.142,-3.307,0.0,0.0,0.0,-1.0,-1.0
6.673,3.767,2.5,3.142,-3.324,0.0,0.0,0.0,-1.0,-1.0
6.693,3.702,2.5,3.142,-3.327,0.0,0.0,0.0,-1.0,-1.0
6.713,3.637,2.5,3.142,-3.311,0.0,0.0,0.0,-1.0,-1.0
6.733,3.573,2.5,3.142,-3.268,0.0,0.0,0.0,-1.0,-1.0
6.753,3.508,2.5,3.142,-3.198,0.0,0.0,0.0,-1.0,-1.0
6.773,3.445,2.5,3.142,-3.127,0.0,0.0,0.0,-1.0,-1.0
6.793,3.384,2.5,3.142,-3.059,0.0,0.0,0.0,-1.0,-1.0
6.813,3.324,2.5,3.142,-2.992,-0.0,-0.0,0.0,-1.0,-1.0
6.833,3.265,2.5,3.142,-2.924,-0.0,-0.0,0.0,-1.0,-1.0
6.853,3.208,2.5,3.142,-2.851,-0.0,-0.0,0.0,-1.0,-1.0
6.873,3.152,2.5,3.142,-2.772,-0.0,-0.0,0.0,-1.0,-1.0
6.893,3.098,2.5,3.142,-2.685,-0.0,-0.0,0.0,-1.0,-1.0
6.913,3.046,2.5,3.142,-2.586,-0.0,-0.0,0.0,-1.0,-1.0
6.933,2.995,2.5,3.142,-2.483,-0.0,-0.0,0.0,-1.0,-1.0
6.953,2.947,2.5,3.142,-2.379,-0.0,-0.0,0.0,-1.0,-1.0
6.973,2.9,2.5,3.142,-2.276,-0.0,-0.0,0.0,-1.0,-1.0
6.993,2.856,2.5,3.142,-2.173,0.0,0.0,0.0,-1.0,-1.0
7.013,2.813,2.5,3.142,-2.069,0.0,0.0,0.0,-1.0,-1.0
7.033,2.773,2.5,3.142,-1.966,0.0,0.0,0.0,-1.0,-1.0
7.053,2.735,2.5,3.142,-1.862,0.0,0.0,0.0,-1.0,-1.0
7.073,2.699,2.5,3.142,-1.759,0.0,0.0,0.0,-1.0,-1.0
7.093,2.665,2.5,3.142,-1.655,0.0,0.0,0.0,-1.0,-1.0
7.113,2.633,2.5,3.142,-1.552,0.0,0.0,0.0,-1.0,-1.0
7.133,2.603,2.5,3.142,-1.448,0.0,0.0,0.0,-1.0,-1.0
7.153,2.575,2.5,3.142,-1.345,0.0,0.0,0.0,-1.0,-1.0
7.173,2.549,2.5,3.142,-1.242,-0.0,-0.0,0.0,-1.0,-1.0
7.193,2.525,2.5,3.142,-1.138,-0.0,-0.0,0.0,-1.0,-1.0
7.213,2.503,2.5,3.142,-1.035,-0.0,-0.0,0.0,-1.0,-1.0
7.233,2.484,2.5,3.142,-0.931,-0.0,-0.0,0.0,-1.0,-1.0
7.253,2.466,2.5,3.142,-0.828,-0.0,-0.0,0.0,-1.0,-1.0
7.272,2.451,2.5,3.142,-0.724,-0.0,-0.0,0.0,-1.0,-1.0
7.292,2.437,2.5,3.142,-0.621,-0.0,-0.0,0.0,-1.0,-1.0
7.312,2.426,2.5,3.142,-0.517,-0.0,-0.0,0.0,-1.0,-1.0
7.332,2.417,2.5,3.142,-0.414,-0.0,-0.0,0.0,-1.0,-1.0
7.352,2.409,2.5,3.142,-0.31,-0.0,-0.0,0.0,-1.0,-1.0
7.372,2.404,2.5,3.142,-0.207,-0.0,-0.0,0.0,-1.0,-1.0
7.392,2.401,2.5,3.142,-0.103,-0.0,-0.0,0.0,-1.0,-1.0
7.412,2.4,2.5,3.142,-0.0,0.0,0.0,1.0,-1.0,-1.0
