0.0,3.5,2.5,-0.0,-0.0,0.0,-0.0,0.0,-1.0,-1.0
0.02,3.501,2.5,-0.0,0.121,-0.0,0.0,0.0,-1.0,-1.0
0.04,3.505,2.5,-0.0,0.242,-0.0,0.0,0.0,-1.0,-1.0
0.06,3.511,2.5,0.0,0.362,-0.0,0.0,0.0,-1.0,-1.0
0.08,3.519,2.5,0.0,0.483,-0.0,0.0,0.0,-1.0,-1.0
0.1,3.53,2.5,0.0,0.604,-0.0,0.0,0.0,-1.0,-1.0
0.12,3.543,2.5,0.0,0.725,0.0,-0.0,0.0,-1.0,-1.0
0.14,3.559,2.5,0.0,0.845,0.0,-0.0,0.0,-1.0,-1.0
0.16,3.577,2.5,0.0,0.966,0.0,-0.0,0.0,-1.0,-1.0
0.18,3.598,2.5,-0.0,1.087,0.0,-0.0,0.0,-1.0,-1.0
0.2,3.621,2.5,-0.0,1.208,0.0,-0.0,0.0,-1.0,-1.0
0.22,3.646,2.5,-0.0,1.328,-0.0,0.0,0.0,-1.0,-1.0
0.24,3.674,2.5,-0.0,1.449,-0.0,0.0,0.0,-1.0,-1.0
0.26,3.704,2.5,-0.0,1.57,-0.0,0.0,0.0,-1.0,-1.0
0.28,3.737,2.5,0.0,1.69,-0.0,0.0,0.0,-1.0,-1.0
0.3,3.772,2.5,0.0,1.812,-0.0,0.0,0.0,-1.0,-1.0
0.32,3.809,2.5,0.0,1.934,0.0,-0.0,0.0,-1.0,-1.0
0.34,3.849,2.5,0.0,2.055,0.0,-0.0,0.0,-1.0,-1.0
0.36,3.891,2.5,0.0,2.175,0.0,-0.0,0.0,-1.0,-1.0
0.38,3.936,2.5,-0.0,2.294,0.0,-0.0,0.0,-1.0,-1.0
0.4,3.983,2.5,-0.0,2.434,0.0,-0.0,0.0,-1.0,-1.0
0.42,4.032,2.5,-0.0,2.588,-0.0,0.0,0.0,-1.0,-1.0
0.44,4.084,2.5,-0.0,2.723,-0.0,0.0,0.0,-1.0,-1.0
0.46,4.138,2.5,-0.0,2.809,-0.0,0.0,0.0,-1.0,-1.0
0.48,4.194,2.5,0.0,2.825,-0.0,0.0,0.0,-1.0,-1.0
0.5,4.25,2.5,0.0,2.826,-0.0,0.0,0.0,-1.0,-1.0
0.52,4.307,2.5,0.0,2.828,0.0,-0.0,0.0,-1.0,-1.0
0.54,4.363,2.5,0.0,2.829,0.0,-0.0,0.0,-1.0,-1.0
0.56,4.42,2.5,0.0,2.829,0.0,-0.0,0.0,-1.0,-1.0
0.58,4.476,2.5,-0.0,2.829,0.0,-0.0,0.0,-1.0,-1.0
0.6,4.533,2.5,-0.0,2.829,-0.0,0.0,0.0,-1.0,-1.0
0.62,4.589,2.5,-0.0,2.829,-0.0,0.0,0.0,-1.0,-1.0
0.64,4.646,2.5,-0.0,2.829,-0.0,0.0,0.0,-1.0,-1.0
0.66,4.703,2.5,0.0,2.829,-0.0,0.0,0.0,-1.0,-1.0
0.68,4.759,2.5,0.0,2.829,-0.0,0.0,0.0,-1.0,-1.0
0.7,4.816,2.5,0.0,2.829,0.0,-0.0,0.0,-1.0,-1.0
0.72,4.872,2.5,0.0,2.829,0.0,-0.0,0.0,-1.0,-1.0
0.74,4.929,2.5,0.0,2.829,0.0,-0.0,0.0,-1.0,-1.0
0.76,4.985,2.5,-0.0,2.829,0.0,-0.0,0.0,-1.0,-1.0
0.78,5.042,2.5,-0.0,2.831,0.0,-0.0,0.0,-1.0,-1.0
0.8,5.098,2.5,-0.0,2.833,-0.0,0.0,0.0,-1.0,-1.0
0.82,5.155,2.5,-0.0,2.834,-0.0,0.0,0.0,-1.0,-1.0
0.84,5.212,2.5,-0.0,2.831,-0.0,0.0,0.0,-1.0,-1.0
0.86,5.268,2.5,0.0,2.825,0.005,-0.0,0.0,-1.0,-1.0
0.88,5.325,2.5,0.0,2.819,0.027,-0.001,0.0,-1.0,-1.0
0.9,5.381,2.5,0.0,2.813,0.05,-0.002,0.0,-1.0,-1.0
0.92,5.437,2.5,0.0,2.806,0.05,-0.002,0.0,-1.0,-1.0
0.94,5.493,2.5,0.0,2.8,0.009,-0.0,0.0,-1.0,-1.0
0.96,5.549,2.499,0.0,2.793,-0.072,0.003,3.0,-1.0,-1.0
0.98,5.605,2.497,0.0,2.787,-0.16,0.008,0.0,-1.0,-1.0
1.0,5.66,2.494,0.0,2.78,-0.248,0.013,0.0,-1.0,-1.0
1.02,5.716,2.488,0.001,2.773,-0.328,0.017,0.0,-1.0,-1.0
1.04,5.771,2.482,0.001,2.766,-0.394,0.019,0.0,-1.0,-1.0
1.06,5.826,2.473,0.001,2.758,-0.44,0.018,0.0,-1.0,-1.0
1.079,5.881,2.464,0.002,2.749,-0.488,0.017,0.0,-1.0,-1.0
1.099,5.936,2.454,0.002,2.74,-0.538,0.016,0.0,-1.0,-1.0
1.119,5.991,2.443,0.002,2.731,-0.585,0.015,0.0,-1.0,-1.0
1.139,6.046,2.432,0.002,2.724,-0.624,0.014,0.0,-1.0,-1.0
1.159,6.1,2.419,0.003,2.719,-0.648,0.013,0.0,-1.0,-1.0
1.179,6.155,2.406,0.003,2.716,-0.664,0.011,0.0,-1.0,-1.0
1.199,6.209,2.393,0.003,2.712,-0.683,0.009,0.0,-1.0,-1.0
1.219,6.263,2.379,0.003,2.708,-0.702,0.006,0.0,-1.0,-1.0
1.239,6.317,2.365,0.004,2.704,-0.717,0.005,0.0,-1.0,-1.0
1.259,6.371,2.351,0.004,2.702,-0.726,0.005,0.0,-1.0,-1.0
1.279,6.425,2.336,0.004,2.701,-0.728,0.006,0.0,-1.0,-1.0
1.299,6.479,2.322,0.004,2.702,-0.731,0.002,0.0,-1.0,-1.0
1.319,6.533,2.307,0.004,2.703,-0.735,-0.004,0.0,-1.0,-1.0
1.339,6.587,2.293,0.005,2.703,-0.737,-0.007,0.0,-1.0,-1.0
1.359,6.641,2.278,0.005,2.701,-0.736,-0.0,0.0,-1.0,-1.0
1.379,6.695,2.263,0.005,2.696,-0.729,0.021,0.0,-1.0,-1.0
1.399,6.749,2.249,0.006,2.69,-0.72,0.045,0.0,-1.0,-1.0
1.419,6.802,2.235,0.007,2.685,-0.714,0.062,0.0,-1.0,-1.0
1.439,6.856,2.221,0.009,2.681,-0.707,0.081,0.0,-1.0,-1.0
1.459,6.909,2.207,0.012,2.674,-0.697,0.109,0.0,-1.0,-1.0
1.479,6.962,2.193,0.015,2.661,-0.679,0.156,0.0,-1.0,-1.0
1.499,7.015,2.18,0.019,2.643,-0.655,0.224,0.0,-1.0,-1.0
1.519,7.068,2.167,0.024,2.626,-0.634,0.288,0.0,-1.0,-1.0
1.539,7.12,2.155,0.031,2.609,-0.615,0.35,0.0,-1.0,-1.0
1.559,7.172,2.143,0.039,2.591,-0.592,0.417,0.0,-1.0,-1.0
1.579,7.223,2.132,0.049,2.57,-0.561,0.496,0.0,-1.0,-1.0
1.599,7.274,2.122,0.06,2.542,-0.517,0.594,0.0,-1.0,-1.0
1.619,7.325,2.112,0.073,2.513,-0.47,0.702,0.0,-1.0,-1.0
1.639,7.375,2.103,0.088,2.484,-0.428,0.809,0.0,-1.0,-1.0
1.659,7.424,2.095,0.105,2.456,-0.385,0.916,0.0,-1.0,-1.0
1.679,7.473,2.089,0.125,2.425,-0.333,1.025,0.0,-1.0,-1.0
1.699,7.521,2.083,0.146,2.391,-0.268,1.136,0.0,-1.0,-1.0
1.719,7.568,2.078,0.17,2.353,-0.187,1.251,0.0,-1.0,-1.0
1.739,7.615,2.075,0.196,2.316,-0.107,1.375,0.0,-1.0,-1.0
1.759,7.661,2.074,0.225,2.28,-0.029,1.501,0.0,-1.0,-1.0
1.779,7.706,2.075,0.255,2.243,0.053,1.621,0.0,-1.0,-1.0
1.799,7.75,2.077,0.288,2.202,0.14,1.727,0.0,-1.0,-1.0
1.819,7.794,2.081,0.323,2.157,0.236,1.811,0.0,-1.0,-1.0
1.839,7.836,2.086,0.36,2.112,0.336,1.892,0.0,-1.0,-1.0
1.859,7.878,2.094,0.398,2.069,0.436,1.981,0.0,-1.0,-1.0
1.879,7.919,2.104,0.438,2.025,0.536,2.067,0.0,-1.0,-1.0
1.899,7.958,2.116,0.48,1.978,0.636,2.14,0.0,-1.0,-1.0
1.919,7.997,2.129,0.522,1.923,0.737,2.19,0.0,-1.0,-1.0
1.939,8.035,2.145,0.566,1.859,0.839,2.219,0.0,-1.0,-1.0
1.959,8.072,2.163,0.611,1.794,0.941,2.264,0.0,-1.0,-1.0
1.979,8.107,2.183,0.656,1.728,1.044,2.313,0.0,-1.0,-1.0
1.999,8.141,2.205,0.701,1.663,1.146,2.347,0.0,-1.0,-1.0
2.019,8.173,2.228,0.747,1.6,1.246,2.35,0.0,-1.0,-1.0
2.039,8.205,2.254,0.793,1.54,1.344,2.306,0.0,-1.0,-1.0
2.059,8.235,2.282,0.838,1.484,1.445,2.246,0.0,-1.0,-1.0
2.079,8.264,2.312,0.882,1.429,1.548,2.189,0.0,-1.0,-1.0
2.099,8.292,2.344,0.925,1.372,1.649,2.128,0.0,-1.0,-1.0
2.119,8.319,2.377,0.967,1.311,1.742,2.059,0.0,-1.0,-1.0
2.139,8.344,2.413,1.007,1.243,1.823,1.975,0.0,-1.0,-1.0
2.159,8.368,2.45,1.045,1.17,1.906,1.879,0.0,-1.0,-1.0
2.179,8.391,2.489,1.082,1.096,1.993,1.779,0.0,-1.0,-1.0
2.199,8.412,2.529,1.117,1.022,2.076,1.682,0.0,-1.0,-1.0
2.219,8.432,2.57,1.15,0.953,2.146,1.597,0.0,-1.0,-1.0
2.239,8.451,2.614,1.182,0.89,2.194,1.529,0.0,-1.0,-1.0
2.259,8.468,2.658,1.212,0.829,2.241,1.455,0.0,-1.0,-1.0
2.279,8.484,2.703,1.241,0.768,2.291,1.371,0.0,-1.0,-1.0
2.299,8.499,2.749,1.268,0.707,2.337,1.297,0.0,-1.0,-1.0
2.319,8.512,2.796,1.295,0.646,2.371,1.249,0.0,-1.0,-1.0
2.339,8.524,2.843,1.32,0.587,2.387,1.243,0.0,-1.0,-1.0
2.359,8.536,2.891,1.345,0.531,2.401,1.239,0.0,-1.0,-1.0
2.379,8.546,2.939,1.37,0.476,2.419,1.227,0.0,-1.0,-1.0
2.399,8.554,2.987,1.395,0.419,2.433,1.223,0.0,-1.0,-1.0
2.419,8.562,3.035,1.421,0.358,2.435,1.249,0.0,-1.0,-1.0
2.439,8.568,3.083,1.447,0.291,2.418,1.32,0.0,-1.0,-1.0
2.459,8.573,3.131,1.474,0.218,2.398,1.402,0.0,-1.0,-1.0
2.479,8.577,3.179,1.504,0.144,2.383,1.479,0.0,-1.0,-1.0
2.499,8.579,3.226,1.535,0.072,2.363,1.562,0.0,-1.0,-1.0
2.519,8.58,3.273,1.567,0.003,2.333,1.659,0.0,-1.0,-1.0
2.539,8.58,3.319,1.602,-0.06,2.284,1.781,0.0,-1.0,-1.0
2.559,8.578,3.364,1.639,-0.122,2.231,1.915,0.0,-1.0,-1.0
2.579,8.575,3.408,1.678,-0.185,2.179,2.049,0.0,-1.0,-1.0
2.599,8.571,3.45,1.721,-0.247,2.125,2.183,0.0,-1.0,-1.0
2.619,8.565,3.492,1.765,-0.306,2.067,2.314,0.0,-1.0,-1.0
2.639,8.559,3.533,1.813,-0.36,2.0,2.44,0.0,-1.0,-1.0
2.659,8.551,3.572,1.863,-0.409,1.932,2.569,0.0,-1.0,-1.0
2.679,8.542,3.61,1.915,-0.458,1.866,2.702,0.0,-1.0,-1.0
2.699,8.532,3.646,1.97,-0.507,1.798,2.831,0.0,-1.0,-1.0
2.719,8.522,3.681,2.028,-0.561,1.726,2.951,0.0,-1.0,-1.0
2.739,8.51,3.715,2.088,-0.621,1.647,3.057,0.0,-1.0,-1.0
2.759,8.497,3.747,2.15,-0.684,1.571,3.169,0.0,-1.0,-1.0
2.779,8.483,3.778,2.214,-0.749,1.496,3.287,0.0,-1.0,-1.0
2.799,8.467,3.807,2.28,-0.813,1.419,3.397,0.0,-1.0,-1.0
2.819,8.45,3.834,2.348,-0.874,1.334,3.487,0.0,-1.0,-1.0
2.839,8.432,3.859,2.418,-0.931,1.236,3.544,0.0,-1.0,-1.0
2.859,8.413,3.883,2.489,-0.99,1.135,3.596,0.0,-1.0,-1.0
2.879,8.393,3.905,2.562,-1.051,1.035,3.653,0.0,-1.0,-1.0
2.899,8.371,3.924,2.635,-1.109,0.934,3.705,0.0,-1.0,-1.0
2.919,8.349,3.942,2.708,-1.163,0.829,3.74,0.0,-1.0,-1.0
2.939,8.325,3.957,2.783,-1.208,0.718,3.75,0.0,-1.0,-1.0
2.959,8.301,3.97,2.858,-1.253,0.605,3.759,0.0,-1.0,-1.0
2.979,8.275,3.981,2.933,-1.301,0.492,3.774,0.0,-1.0,-1.0
2.999,8.249,3.99,3.008,-1.346,0.379,3.782,0.0,-1.0,-1.0
3.019,8.222,3.997,3.083,-1.385,0.265,3.772,0.0,-1.0,-1.0
3.039,8.194,4.001,3.158,-1.414,0.152,3.733,0.0,-1.0,-1.0
3.059,8.165,4.003,3.232,-1.443,0.038,3.688,0.0,-1.0,-1.0
3.079,8.136,4.002,3.305,-1.472,-0.076,3.643,0.0,-1.0,-1.0
3.099,8.107,4.0,3.377,-1.494,-0.189,3.589,0.0,-1.0,-1.0
3.119,8.077,3.995,3.448,-1.507,-0.302,3.524,0.0,-1.0,-1.0
3.139,8.047,3.988,3.518,-1.525,-0.416,3.464,0.0,-1.0,-1.0
3.159,8.016,3.978,3.586,-1.537,-0.528,3.398,0.0,-1.0,-1.0
3.179,7.986,3.967,3.653,-1.536,-0.636,3.314,0.0,-1.0,-1.0
3.199,7.955,3.953,3.718,-1.526,-0.742,3.222,0.0,-1.0,-1.0
3.219,7.925,3.937,3.782,-1.517,-0.848,3.133,0.0,-1.0,-1.0
3.238,7.895,3.919,3.843,-1.505,-0.951,3.034,0.0,-1.0,-1.0
3.258,7.865,3.899,3.903,-1.485,-1.044,2.92,0.0,-1.0,-1.0
3.278,7.835,3.878,3.96,-1.461,-1.139,2.809,0.0,-1.0,-1.0
3.298,7.806,3.854,4.014,-1.438,-1.232,2.695,0.0,-1.0,-1.0
3.318,7.778,3.829,4.067,-1.422,-1.317,2.565,0.0,-1.0,-1.0
3.338,7.749,3.802,4.117,-1.412,-1.393,2.42,0.0,-1.0,-1.0
3.358,7.721,3.773,4.163,-1.4,-1.47,2.279,0.0,-1.0,-1.0
3.378,7.693,3.743,4.207,-1.392,-1.545,2.13,0.0,-1.0,-1.0
3.398,7.665,3.711,4.248,-1.395,-1.616,1.965,0.0,-1.0,-1.0
3.418,7.637,3.678,4.286,-1.405,-1.689,1.798,0.0,-1.0,-1.0
3.438,7.609,3.644,4.32,-1.414,-1.761,1.631,0.0,-1.0,-1.0
3.458,7.581,3.608,4.35,-1.421,-1.828,1.453,0.0,-1.0,-1.0
3.478,7.552,3.571,4.377,-1.428,-1.892,1.262,0.0,-1.0,-1.0
3.498,7.524,3.533,4.401,-1.442,-1.963,1.076,0.0,-1.0,-1.0
3.518,7.495,3.493,4.42,-1.449,-2.027,0.885,0.0,-1.0,-1.0
3.538,7.467,3.452,4.435,-1.432,-2.067,0.672,0.0,-1.0,-1.0
3.558,7.438,3.411,4.447,-1.399,-2.096,0.446,0.0,-1.0,-1.0
3.578,7.411,3.369,4.453,-1.366,-2.127,0.22,0.0,-1.0,-1.0
3.598,7.384,3.326,4.455,-1.332,-2.147,-0.006,0.0,-1.0,-1.0
3.618,7.357,3.283,4.453,-1.293,-2.146,-0.232,0.0,-1.0,-1.0
3.638,7.332,3.241,4.446,-1.251,-2.146,-0.46,0.0,-1.0,-1.0
3.658,7.307,3.198,4.435,-1.21,-2.143,-0.688,0.0,-1.0,-1.0
3.678,7.284,3.155,4.419,-1.173,-2.128,-0.911,0.0,-1.0,-1.0
3.698,7.26,3.113,4.398,-1.14,-2.101,-1.131,0.0,-1.0,-1.0
3.718,7.238,3.072,4.374,-1.107,-2.078,-1.355,0.0,-1.0,-1.0
3.738,7.216,3.031,4.345,-1.074,-2.048,-1.573,0.0,-1.0,-1.0
3.758,7.195,2.99,4.311,-1.044,-2.002,-1.779,0.0,-1.0,-1.0
3.778,7.174,2.951,4.274,-1.012,-1.956,-1.99,0.0,-1.0,-1.0
3.798,7.154,2.912,4.232,-0.982,-1.904,-2.193,0.0,-1.0,-1.0
3.818,7.135,2.875,4.187,-0.958,-1.834,-2.365,0.0,-1.0,-1.0
3.838,7.116,2.839,4.138,-0.927,-1.766,-2.549,0.0,-1.0,-1.0
3.858,7.097,2.805,4.086,-0.908,-1.688,-2.705,0.0,-1.0,-1.0
3.878,7.079,2.772,4.031,-0.917,-1.587,-2.805,0.0,-1.0,-1.0
3.898,7.061,2.741,3.974,-0.923,-1.485,-2.913,0.0,-1.0,-1.0
3.918,7.042,2.713,3.916,-0.943,-1.379,-2.981,0.0,-1.0,-1.0
3.938,7.022,2.686,3.856,-0.983,-1.265,-2.991,0.0,-1.0,-1.0
3.958,7.002,2.662,3.797,-1.024,-1.148,-3.007,0.0,-1.0,-1.0
3.978,6.981,2.64,3.737,-1.07,-1.041,-2.979,0.0,-1.0,-1.0
3.998,6.959,2.62,3.678,-1.123,-0.94,-2.912,0.0,-1.0,-1.0
4.018,6.936,2.602,3.621,-1.177,-0.839,-2.846,0.0,-1.0,-1.0
4.038,6.912,2.587,3.566,-1.227,-0.751,-2.74,0.0,-1.0,-1.0
4.058,6.888,2.572,3.512,-1.276,-0.668,-2.614,0.0,-1.0,-1.0
4.078,6.862,2.56,3.461,-1.325,-0.587,-2.484,0.0,-1.0,-1.0
4.098,6.835,2.549,3.413,-1.363,-0.516,-2.323,0.0,-1.0,-1.0
4.118,6.807,2.539,3.369,-1.399,-0.447,-2.156,0.0,-1.0,-1.0
4.138,6.779,2.531,3.328,-1.432,-0.38,-1.982,0.0,-1.0,-1.0
4.158,6.75,2.523,3.29,-1.457,-0.325,-1.785,0.0,-1.0,-1.0
4.178,6.721,2.517,3.256,-1.48,-0.269,-1.586,0.0,-1.0,-1.0
4.198,6.691,2.513,3.227,-1.502,-0.218,-1.381,0.0,-1.0,-1.0
4.218,6.661,2.509,3.201,-1.521,-0.177,-1.161,0.0,-1.0,-1.0
4.238,6.63,2.505,3.18,-1.54,-0.136,-0.941,0.0,-1.0,-1.0
4.258,6.599,2.503,3.164,-1.559,-0.098,-0.717,0.0,-1.0,-1.0
4.278,6.568,2.501,3.152,-1.565,-0.062,-0.457,0.0,-1.0,-1.0
4.298,6.536,2.5,3.144,-1.558,-0.022,-0.163,0.0,-1.0,-1.0
4.318,6.504,2.5,3.142,-1.608,-0.0,-0.002,0.0,-1.0,-1.0
4.338,6.471,2.5,3.142,-1.736,-0.0,0.0,0.0,-1.0,-1.0
4.358,6.435,2.5,3.142,-1.881,-0.0,0.0,0.0,-1.0,-1.0
4.378,6.397,2.5,3.142,-2.034,-0.0,0.0,0.0,-1.0,-1.0
4.398,6.356,2.5,3.142,-2.188,0.0,-0.0,0.0,-1.0,-1.0
4.418,6.313,2.5,3.142,-2.334,0.0,-0.0,0.0,-1.0,-1.0
4.438,6.268,2.5,3.142,-2.463,0.0,-0.0,0.0,-1.0,-1.0
4.458,6.22,2.5,3.142,-2.568,0.0,-0.0,0.0,-1.0,-1.0
4.478,6.17,2.5,3.142,-2.641,0.0,-0.0,0.0,-1.0,-1.0
4.498,6.117,2.5,3.142,-2.674,0.0,-0.0,0.0,-1.0,-1.0
4.518,6.063,2.5,3.142,-2.695,0.0,-0.0,0.0,-1.0,-1.0
4.538,6.009,2.5,3.142,-2.718,0.0,-0.0,0.0,-1.0,-1.0
4.558,5.955,2.5,3.142,-2.742,0.0,-0.0,0.0,-1.0,-1.0
4.578,5.9,2.5,3.142,-2.766,-0.0,0.0,0.0,-1.0,-1.0
4.598,5.845,2.5,3.142,-2.788,-0.0,0.0,0.0,-1.0,-1.0
4.618,5.79,2.5,3.142,-2.807,-0.0,0.0,0.0,-1.0,-1.0
4.638,5.734,2.5,3.142,-2.821,-0.0,0.0,0.0,-1.0,-1.0
4.658,5.678,2.5,3.142,-2.829,-0.0,0.0,0.0,-1.0,-1.0
4.678,5.621,2.5,3.142,-2.83,-0.0,0.0,0.0,-1.0,-1.0
4.698,5.565,2.5,3.142,-2.83,-0.0,0.0,0.0,-1.0,-1.0
4.718,5.508,2.5,3.142,-2.83,-0.0,0.0,0.0,-1.0,-1.0
4.738,5.451,2.5,3.142,-2.83,0.0,-0.0,0.0,-1.0,-1.0
4.758,5.395,2.5,3.142,-2.83,0.0,-0.0,0.0,-1.0,-1.0
4.778,5.338,2.5,3.142,-2.83,0.0,-0.0,0.0,-1.0,-1.0
4.798,5.282,2.5,3.142,-2.83,0.0,-0.0,0.0,-1.0,-1.0
4.818,5.225,2.5,3.142,-2.83,0.0,-0.0,0.0,-1.0,-1.0
4.838,5.169,2.5,3.142,-2.83,0.0,-0.0,0.0,-1.0,-1.0
4.858,5.112,2.5,3.142,-2.83,0.0,-0.0,0.0,-1.0,-1.0
4.878,5.055,2.5,3.142,-2.83,0.0,-0.0,0.0,-1.0,-1.0
4.898,4.999,2.5,3.142,-2.83,0.0,-0.0,0.0,-1.0,-1.0
4.918,4.942,2.5,3.142,-2.83,-0.0,0.0,0.0,-1.0,-1.0
4.938,4.886,2.5,3.142,-2.83,-0.0,0.0,0.0,-1.0,-1.0
4.958,4.829,2.5,3.142,-2.83,-0.0,0.0,0.0,-1.0,-1.0
4.978,4.773,2.5,3.142,-2.83,-0.0,0.0,0.0,-1.0,-1.0
4.998,4.716,2.5,3.142,-2.83,-0.0,0.0,0.0,-1.0,-1.0
5.018,4.66,2.5,3.142,-2.83,-0.0,0.0,0.0,-1.0,-1.0
5.038,4.603,2.5,3.142,-2.83,-0.0,0.0,0.0,-1.0,-1.0
5.058,4.546,2.5,3.142,-2.83,-0.0,0.0,0.0,-1.0,-1.0
5.078,4.49,2.5,3.142,-2.83,-0.0,0.0,0.0,-1.0,-1.0
5.098,4.433,2.5,3.142,-2.83,0.0,-0.0,0.0,-1.0,-1.0
5.118,4.377,2.5,3.142,-2.83,0.0,-0.0,0.0,-1.0,-1.0
5.138,4.32,2.5,3.142,-2.83,0.0,-0.0,0.0,-1.0,-1.0
5.158,4.264,2.5,3.142,-2.83,0.0,-0.0,0.0,-1.0,-1.0
5.178,4.207,2.5,3.142,-2.83,0.0,-0.0,0.0,-1.0,-1.0
5.198,4.15,2.5,3.142,-2.83,0.0,-0.0,0.0,-1.0,-1.0
5.218,4.094,2.5,3.142,-2.83,0.0,-0.0,0.0,-1.0,-1.0
5.238,4.037,2.5,3.142,-2.83,0.0,-0.0,0.0,-1.0,-1.0
5.258,3.981,2.5,3.142,-2.83,-0.0,-0.0,0.0,-1.0,-1.0
5.278,3.924,2.5,3.142,-2.83,-0.0,0.0,0.0,-1.0,-1.0
5.298,3.868,2.5,3.142,-2.83,-0.0,0.0,0.0,-1.0,-1.0
5.318,3.811,2.5,3.142,-2.83,-0.0,0.0,0.0,-1.0,-1.0
5.338,3.754,2.5,3.142,-2.83,-0.0,0.0,0.0,-1.0,-1.0
5.358,3.698,2.5,3.142,-2.83,-0.0,0.0,0.0,-1.0,-1.0
5.378,3.641,2.5,3.142,-2.835,-0.0,0.0,0.0,-1.0,-1.0
5.397,3.585,2.5,3.142,-2.853,-0.0,0.0,0.0,-1.0,-1.0
5.417,3.528,2.5,3.142,-2.88,-0.0,0.0,0.0,-1.0,-1.0
5.437,3.472,2.5,3.142,-2.907,0.0,-0.0,0.0,-1.0,-1.0
5.457,3.415,2.5,3.142,-2.929,0.0,-0.0,0.0,-1.0,-1.0
5.477,3.358,2.5,3.142,-2.938,0.0,-0.0,0.0,-1.0,-1.0
5.497,3.302,2.5,3.142,-2.928,0.0,-0.0,0.0,-1.0,-1.0
5.517,3.245,2.5,3.142,-2.892,0.0,-0.0,0.0,-1.0,-1.0
5.537,3.189,2.5,3.142,-2.824,0.0,-0.0,0.0,-1.0,-1.0
5.557,3.133,2.5,3.142,-2.744,0.0,-0.0,0.0,-1.0,-1.0
5.577,3.079,2.5,3.142,-2.67,0.0,-0.0,0.0,-1.0,-1.0
5.597,3.027,2.5,3.142,-2.597,0.0,-0.0,0.0,-1.0,-1.0
5.617,2.976,2.5,3.142,-2.525,-0.0,0.0,0.0,-1.0,-1.0
5.637,2.928,2.5,3.142,-2.448,-0.0,0.0,0.0,-1.0,-1.0
5.657,2.88,2.5,3.142,-2.366,-0.0,0.0,0.0,-1.0,-1.0
5.677,2.835,2.5,3.142,-2.274,-0.0,0.0,0.0,-1.0,-1.0
5.697,2.791,2.5,3.142,-2.171,-0.0,0.0,0.0,-1.0,-1.0
5.717,2.749,2.5,3.142,-2.053,-0.0,0.0,0.0,-1.0,-1.0
5.737,2.709,2.5,3.142,-1.932,-0.0,0.0,0.0,-1.0,-1.0
5.757,2.672,2.5,3.142,-1.811,-0.0,0.0,0.0,-1.0,-1.0
5.777,2.637,2.5,3.142,-1.691,-0.0,0.0,0.0,-1.0,-1.0
5.797,2.604,2.5,3.142,-1.57,-0.0,0.0,0.0,-1.0,-1.0
5.817,2.574,2.5,3.142,-1.449,0.0,-0.0,0.0,-1.0,-1.0
5.837,2.546,2.5,3.142,-1.329,0.0,-0.0,0.0,-1.0,-1.0
5.857,2.521,2.5,3.142,-1.208,0.0,-0.0,0.0,-1.0,-1.0
5.877,2.498,2.5,3.142,-1.087,0.0,-0.0,0.0,-1.0,-1.0
5.897,2.477,2.5,3.142,-0.966,0.0,-0.0,0.0,-1.0,-1.0
5.917,2.459,2.5,3.142,-0.845,0.0,-0.0,0.0,-1.0,-1.0
5.937,2.443,2.5,3.142,-0.725,0.0,-0.0,0.0,-1.0,-1.0
5.957,2.43,2.5,3.142,-0.604,0.0,-0.0,0.0,-1.0,-1.0
5.977,2.419,2.5,3.142,-0.483,0.0,-0.0,0.0,-1.0,-1.0
5.997,2.411,2.5,3.142,-0.362,0.0,-0.0,0.0,-1.0,-1.0
6.017,2.405,2.5,3.142,-0.242,0.0,-0.0,0.0,-1.0,-1.0
6.037,2.401,2.5,3.142,-0.121,0.0,-0.0,0.0,-1.0,-1.0
6.057,2.4,2.5,3.142,0.0,-0.0,0.0,1.0,-1.0,-1.0
