0.0,2.4,2.5,3.142,-0.0,0.0,-0.0,2.0,-1.0,-1.0
0.02,2.4,2.5,3.14,0.036,0.0,-0.195,0.0,-1.0,-1.0
0.04,2.401,2.5,3.134,0.072,0.001,-0.391,0.0,-1.0,-1.0
0.06,2.403,2.5,3.124,0.108,0.001,-0.585,0.0,-1.0,-1.0
0.08,2.406,2.5,3.111,0.148,0.001,-0.776,0.0,-1.0,-1.0
0.1,2.409,2.5,3.093,0.188,0.0,-0.965,0.0,-1.0,-1.0
0.12,2.413,2.5,3.072,0.227,0.001,-1.158,0.0,-1.0,-1.0
0.14,2.419,2.5,3.047,0.267,0.0,-1.349,0.0,-1.0,-1.0
0.16,2.424,2.5,3.019,0.311,-0.001,-1.532,0.0,-1.0,-1.0
0.18,2.431,2.5,2.987,0.362,-0.005,-1.706,0.0,-1.0,-1.0
0.2,2.439,2.5,2.951,0.409,-0.008,-1.888,0.0,-1.0,-1.0
0.219,2.448,2.5,2.912,0.457,-0.011,-2.07,0.0,-1.0,-1.0
0.239,2.458,2.499,2.869,0.512,-0.016,-2.235,0.0,-1.0,-1.0
0.259,2.469,2.499,2.824,0.581,-0.023,-2.371,0.0,-1.0,-1.0
0.279,2.481,2.498,2.775,0.649,-0.032,-2.514,0.0,-1.0,-1.0
0.299,2.495,2.498,2.724,0.716,-0.042,-2.661,0.0,-1.0,-1.0
0.319,2.51,2.497,2.671,0.79,-0.05,-2.788,0.0,-1.0,-1.0
0.339,2.527,2.496,2.615,0.878,-0.053,-2.869,0.0,-1.0,-1.0
0.359,2.545,2.495,2.557,0.976,-0.054,-2.933,0.0,-1.0,-1.0
0.379,2.566,2.494,2.498,1.074,-0.056,-3.012,0.0,-1.0,-1.0
0.399,2.588,2.493,2.439,1.172,-0.057,-3.073,0.0,-1.0,-1.0
0.419,2.613,2.492,2.378,1.27,-0.055,-3.085,0.0,-1.0,-1.0
0.439,2.639,2.491,2.317,1.371,-0.051,-3.048,0.0,-1.0,-1.0
0.459,2.667,2.49,2.257,1.478,-0.048,-3.027,0.0,-1.0,-1.0
0.479,2.697,2.489,2.198,1.582,-0.045,-2.997,0.0,-1.0,-1.0
0.499,2.73,2.488,2.139,1.673,-0.038,-2.93,0.0,-1.0,-1.0
0.519,2.764,2.487,2.082,1.743,-0.025,-2.807,0.0,-1.0,-1.0
0.539,2.799,2.487,2.028,1.809,-0.009,-2.675,0.0,-1.0,-1.0
0.559,2.836,2.487,1.976,1.876,0.006,-2.543,0.0,-1.0,-1.0
0.579,2.874,2.487,1.926,1.942,0.02,-2.408,0.0,-1.0,-1.0
0.599,2.913,2.488,1.88,2.008,0.028,-2.268,0.0,-1.0,-1.0
0.619,2.954,2.488,1.836,2.078,0.036,-2.134,0.0,-1.0,-1.0
0.638,2.996,2.489,1.795,2.15,0.044,-2.003,0.0,-1.0,-1.0
0.658,3.039,2.49,1.757,2.216,0.051,-1.862,0.0,-1.0,-1.0
0.678,3.084,2.491,1.722,2.27,0.054,-1.697,0.0,-1.0,-1.0
0.698,3.13,2.492,1.69,2.318,0.056,-1.518,0.0,-1.0,-1.0
0.718,3.176,2.493,1.661,2.369,0.058,-1.343,0.0,-1.0,-1.0
0.738,3.224,2.494,1.637,2.416,0.059,-1.163,0.0,-1.0,-1.0
0.758,3.272,2.495,1.616,2.452,0.058,-0.97,0.0,-1.0,-1.0
0.778,3.321,2.496,1.598,2.47,0.057,-0.742,0.0,-1.0,-1.0
0.798,3.371,2.497,1.585,2.48,0.059,-0.468,0.0,-1.0,-1.0
0.818,3.421,2.499,1.576,2.493,0.059,-0.212,0.0,-1.0,-1.0
0.838,3.471,2.499,1.572,2.521,0.053,-0.043,0.0,-1.0,-1.0
0.858,3.522,2.5,1.571,2.574,0.036,-0.009,0.0,-1.0,-1.0
0.878,3.574,2.501,1.571,2.646,0.008,-0.002,0.0,-1.0,-1.0
0.898,3.627,2.501,1.571,2.72,-0.022,0.005,0.0,-1.0,-1.0
0.918,3.681,2.501,1.571,2.783,-0.044,0.011,0.0,-1.0,-1.0
0.938,3.736,2.5,1.571,2.821,-0.051,0.012,0.0,-1.0,-1.0
0.958,3.792,2.5,1.571,2.826,-0.034,0.008,0.0,-1.0,-1.0
0.978,3.849,2.499,1.571,2.826,-0.006,0.001,0.0,-1.0,-1.0
0.998,3.905,2.499,1.571,2.826,0.024,-0.006,0.0,-1.0,-1.0
1.018,3.962,2.499,1.571,2.826,0.046,-0.011,0.0,-1.0,-1.0
1.037,4.018,2.5,1.571,2.826,0.05,-0.012,0.0,-1.0,-1.0
1.057,4.074,2.5,1.571,2.826,0.032,-0.008,0.0,-1.0,-1.0
1.077,4.131,2.501,1.571,2.826,0.003,-0.001,0.0,-1.0,-1.0
1.097,4.187,2.501,1.571,2.826,-0.026,0.006,0.0,-1.0,-1.0
1.117,4.244,2.501,1.571,2.826,-0.047,0.011,0.0,-1.0,-1.0
1.137,4.3,2.5,1.571,2.826,-0.05,0.012,0.0,-1.0,-1.0
1.157,4.356,2.499,1.571,2.826,-0.03,0.007,0.0,-1.0,-1.0
1.177,4.413,2.499,1.571,2.826,-0.001,0.0,0.0,-1.0,-1.0
1.197,4.469,2.499,1.571,2.826,0.028,-0.007,0.0,-1.0,-1.0
1.217,4.526,2.499,1.571,2.826,0.048,-0.011,0.0,-1.0,-1.0
1.237,4.582,2.5,1.571,2.826,0.049,-0.012,0.0,-1.0,-1.0
1.257,4.638,2.501,1.571,2.826,0.028,-0.007,0.0,-1.0,-1.0
1.277,4.695,2.501,1.571,2.826,-0.002,0.0,0.0,-1.0,-1.0
1.297,4.751,2.501,1.571,2.826,-0.03,0.007,0.0,-1.0,-1.0
1.317,4.807,2.501,1.571,2.826,-0.049,0.012,0.0,-1.0,-1.0
1.337,4.864,2.5,1.571,2.826,-0.048,0.011,0.0,-1.0,-1.0
1.357,4.92,2.499,1.571,2.829,-0.026,0.006,0.0,-1.0,-1.0
1.377,4.977,2.499,1.571,2.836,0.004,-0.001,0.0,-1.0,-1.0
1.397,5.033,2.499,1.571,2.843,0.032,-0.008,0.0,-1.0,-1.0
1.417,5.089,2.499,1.571,2.842,0.049,-0.012,0.0,-1.0,-1.0
1.437,5.146,2.5,1.571,2.828,0.047,-0.011,0.0,-1.0,-1.0
1.456,5.202,2.501,1.571,2.815,0.023,-0.006,0.0,-1.0,-1.0
1.476,5.258,2.501,1.571,2.816,-0.007,0.002,0.0,-1.0,-1.0
1.496,5.313,2.501,1.571,2.811,-0.034,0.008,0.0,-1.0,-1.0
1.516,5.368,2.501,1.571,2.782,-0.05,0.012,0.0,-1.0,-1.0
1.536,5.422,2.5,1.571,2.71,-0.045,0.011,0.0,-1.0,-1.0
1.556,5.475,2.499,1.571,2.609,-0.021,0.005,0.0,-1.0,-1.0
1.576,5.526,2.499,1.571,2.508,0.009,-0.002,0.0,-1.0,-1.0
1.596,5.575,2.499,1.571,2.406,0.036,-0.009,0.0,-1.0,-1.0
1.616,5.622,2.499,1.571,2.305,0.051,-0.012,0.0,-1.0,-1.0
1.636,5.667,2.5,1.571,2.203,0.044,-0.011,0.0,-1.0,-1.0
1.656,5.71,2.501,1.571,2.102,0.019,-0.005,0.0,-1.0,-1.0
1.676,5.751,2.501,1.571,2.0,-0.011,0.003,0.0,-1.0,-1.0
1.696,5.79,2.501,1.571,1.899,-0.038,0.009,0.0,-1.0,-1.0
1.716,5.827,2.501,1.571,1.797,-0.051,0.012,0.0,-1.0,-1.0
1.736,5.862,2.5,1.571,1.696,-0.043,0.01,0.0,-1.0,-1.0
1.756,5.894,2.499,1.571,1.584,-0.038,0.012,0.0,-1.0,-1.0
1.776,5.925,2.499,1.571,1.465,-0.042,0.018,0.0,-1.0,-1.0
1.796,5.954,2.499,1.571,1.353,-0.037,0.019,0.0,-1.0,-1.0
1.816,5.981,2.499,1.571,1.261,-0.007,0.009,0.0,-1.0,-1.0
1.836,6.005,2.5,1.571,1.2,0.065,-0.019,3.0,-1.0,-1.0
1.856,6.029,2.502,1.57,1.15,0.153,-0.054,0.0,-1.0,-1.0
1.875,6.051,2.506,1.569,1.1,0.24,-0.089,0.0,-1.0,-1.0
1.895,6.073,2.512,1.566,1.05,0.327,-0.125,0.0,-1.0,-1.0
1.915,6.093,2.519,1.564,1.0,0.415,-0.16,0.0,-1.0,-1.0
1.935,6.113,2.529,1.56,0.95,0.502,-0.195,0.0,-1.0,-1.0
1.955,6.131,2.539,1.556,0.901,0.59,-0.23,0.0,-1.0,-1.0
1.975,6.149,2.552,1.551,0.851,0.677,-0.265,0.0,-1.0,-1.0
1.995,6.165,2.566,1.545,0.801,0.764,-0.3,0.0,-1.0,-1.0
2.015,6.181,2.583,1.539,0.75,0.851,-0.335,0.0,-1.0,-1.0
2.035,6.195,2.6,1.532,0.7,0.939,-0.37,0.0,-1.0,-1.0
2.055,6.209,2.62,1.524,0.65,1.026,-0.405,0.0,-1.0,-1.0
2.075,6.221,2.641,1.516,0.6,1.113,-0.439,0.0,-1.0,-1.0
2.095,6.232,2.664,1.507,0.549,1.2,-0.474,0.0,-1.0,-1.0
2.115,6.243,2.689,1.497,0.498,1.287,-0.508,0.0,-1.0,-1.0
2.135,6.252,2.716,1.486,0.447,1.374,-0.542,0.0,-1.0,-1.0
2.155,6.261,2.744,1.475,0.396,1.461,-0.576,0.0,-1.0,-1.0
2.175,6.268,2.774,1.463,0.345,1.548,-0.611,0.0,-1.0,-1.0
2.195,6.275,2.806,1.451,0.295,1.635,-0.646,0.0,-1.0,-1.0
2.215,6.28,2.839,1.437,0.243,1.721,-0.681,0.0,-1.0,-1.0
2.235,6.284,2.875,1.424,0.189,1.808,-0.715,0.0,-1.0,-1.0
2.255,6.288,2.911,1.409,0.136,1.894,-0.749,0.0,-1.0,-1.0
2.275,6.29,2.95,1.393,0.088,1.981,-0.787,0.0,-1.0,-1.0
2.294,6.291,2.991,1.377,0.045,2.07,-0.83,0.0,-1.0,-1.0
2.314,6.292,3.033,1.36,-0.015,2.182,-0.877,0.0,-1.0,-1.0
2.334,6.292,3.077,1.342,-0.084,2.303,-0.924,0.0,-1.0,-1.0
2.354,6.291,3.122,1.323,-0.134,2.404,-0.97,0.0,-1.0,-1.0
2.374,6.289,3.17,1.304,-0.139,2.455,-1.015,0.0,-1.0,-1.0
2.394,6.287,3.219,1.283,-0.093,2.447,-1.056,0.0,-1.0,-1.0
2.414,6.285,3.267,1.262,-0.05,2.436,-1.095,0.0,-1.0,-1.0
2.434,6.285,3.316,1.239,-0.006,2.425,-1.135,0.0,-1.0,-1.0
2.454,6.286,3.364,1.216,0.051,2.409,-1.176,0.0,-1.0,-1.0
2.474,6.288,3.411,1.192,0.13,2.386,-1.221,0.0,-1.0,-1.0
2.494,6.292,3.459,1.167,0.225,2.36,-1.271,0.0,-1.0,-1.0
2.514,6.297,3.505,1.142,0.32,2.336,-1.323,0.0,-1.0,-1.0
2.534,6.305,3.552,1.115,0.415,2.31,-1.373,0.0,-1.0,-1.0
2.554,6.314,3.597,1.087,0.509,2.279,-1.416,0.0,-1.0,-1.0
2.574,6.325,3.642,1.059,0.602,2.24,-1.449,0.0,-1.0,-1.0
2.594,6.338,3.687,1.029,0.695,2.202,-1.484,0.0,-1.0,-1.0
2.614,6.352,3.73,1.0,0.79,2.165,-1.52,0.0,-1.0,-1.0
2.634,6.369,3.773,0.969,0.882,2.125,-1.551,0.0,-1.0,-1.0
2.654,6.388,3.815,0.938,0.972,2.077,-1.573,0.0,-1.0,-1.0
2.674,6.408,3.855,0.907,1.061,2.024,-1.589,0.0,-1.0,-1.0
2.694,6.43,3.895,0.875,1.151,1.973,-1.61,0.0,-1.0,-1.0
2.713,6.454,3.934,0.843,1.24,1.922,-1.629,0.0,-1.0,-1.0
2.733,6.479,3.972,0.811,1.326,1.866,-1.639,0.0,-1.0,-1.0
2.753,6.506,4.008,0.778,1.408,1.803,-1.634,0.0,-1.0,-1.0
2.773,6.535,4.044,0.746,1.49,1.74,-1.627,0.0,-1.0,-1.0
2.793,6.566,4.078,0.713,1.573,1.678,-1.623,0.0,-1.0,-1.0
2.813,6.598,4.11,0.681,1.655,1.614,-1.615,0.0,-1.0,-1.0
2.833,6.631,4.142,0.649,1.732,1.547,-1.6,0.0,-1.0,-1.0
2.853,6.667,4.172,0.618,1.803,1.474,-1.573,0.0,-1.0,-1.0
2.873,6.703,4.2,0.587,1.875,1.401,-1.548,0.0,-1.0,-1.0
2.893,6.741,4.228,0.556,1.948,1.329,-1.525,0.0,-1.0,-1.0
2.913,6.781,4.253,0.526,2.019,1.255,-1.498,0.0,-1.0,-1.0
2.933,6.821,4.277,0.497,2.083,1.178,-1.461,0.0,-1.0,-1.0
2.953,6.863,4.3,0.469,2.137,1.097,-1.409,0.0,-1.0,-1.0
2.973,6.906,4.321,0.441,2.191,1.016,-1.353,0.0,-1.0,-1.0
2.993,6.951,4.341,0.415,2.247,0.936,-1.297,0.0,-1.0,-1.0
3.013,6.996,4.358,0.389,2.3,0.854,-1.241,0.0,-1.0,-1.0
3.033,7.042,4.374,0.365,2.346,0.77,-1.185,0.0,-1.0,-1.0
3.053,7.089,4.389,0.342,2.382,0.68,-1.129,0.0,-1.0,-1.0
3.073,7.137,4.402,0.32,2.422,0.59,-1.063,0.0,-1.0,-1.0
3.093,7.185,4.412,0.299,2.464,0.499,-0.994,0.0,-1.0,-1.0
3.112,7.234,4.421,0.279,2.501,0.409,-0.933,0.0,-1.0,-1.0
3.132,7.284,4.429,0.261,2.525,0.317,-0.89,0.0,-1.0,-1.0
3.152,7.335,4.434,0.243,2.532,0.224,-0.871,0.0,-1.0,-1.0
3.172,7.385,4.438,0.226,2.543,0.126,-0.843,0.0,-1.0,-1.0
3.192,7.436,4.439,0.208,2.556,0.028,-0.81,0.0,-1.0,-1.0
3.212,7.486,4.439,0.192,2.563,-0.068,-0.79,0.0,-1.0,-1.0
3.232,7.537,4.437,0.175,2.553,-0.155,-0.8,0.0,-1.0,-1.0
3.252,7.587,4.433,0.158,2.523,-0.233,-0.851,0.0,-1.0,-1.0
3.272,7.637,4.428,0.141,2.492,-0.314,-0.899,0.0,-1.0,-1.0
3.292,7.687,4.421,0.122,2.463,-0.397,-0.944,0.0,-1.0,-1.0
3.312,7.735,4.413,0.102,2.43,-0.475,-0.999,0.0,-1.0,-1.0
3.332,7.783,4.403,0.081,2.388,-0.541,-1.075,0.0,-1.0,-1.0
3.352,7.83,4.392,0.058,2.334,-0.592,-1.177,0.0,-1.0,-1.0
3.372,7.876,4.379,0.033,2.279,-0.643,-1.284,0.0,-1.0,-1.0
3.392,7.921,4.366,0.007,2.224,-0.694,-1.389,0.0,-1.0,-1.0
3.412,7.965,4.352,-0.022,2.168,-0.743,-1.497,0.0,-1.0,-1.0
3.432,8.007,4.337,-0.053,2.11,-0.788,-1.607,0.0,-1.0,-1.0
3.452,8.049,4.321,-0.086,2.05,-0.825,-1.723,0.0,-1.0,-1.0
3.472,8.089,4.304,-0.122,1.991,-0.86,-1.845,0.0,-1.0,-1.0
3.492,8.128,4.286,-0.16,1.933,-0.894,-1.968,0.0,-1.0,-1.0
3.512,8.166,4.268,-0.2,1.873,-0.93,-2.085,0.0,-1.0,-1.0
3.531,8.203,4.249,-0.242,1.809,-0.971,-2.191,0.0,-1.0,-1.0
3.551,8.238,4.229,-0.287,1.742,-1.016,-2.283,0.0,-1.0,-1.0
3.571,8.272,4.208,-0.333,1.677,-1.063,-2.378,0.0,-1.0,-1.0
3.591,8.305,4.187,-0.381,1.613,-1.111,-2.474,0.0,-1.0,-1.0
3.611,8.336,4.164,-0.431,1.545,-1.157,-2.565,0.0,-1.0,-1.0
3.631,8.366,4.141,-0.483,1.472,-1.202,-2.647,0.0,-1.0,-1.0
3.651,8.395,4.116,-0.537,1.393,-1.247,-2.72,0.0,-1.0,-1.0
3.671,8.422,4.091,-0.592,1.316,-1.294,-2.798,0.0,-1.0,-1.0
3.691,8.447,4.065,-0.648,1.238,-1.342,-2.875,0.0,-1.0,-1.0
3.711,8.471,4.038,-0.706,1.158,-1.386,-2.947,0.0,-1.0,-1.0
3.731,8.493,4.01,-0.765,1.072,-1.425,-3.007,0.0,-1.0,-1.0
3.751,8.513,3.981,-0.825,0.98,-1.459,-3.055,0.0,-1.0,-1.0
3.771,8.532,3.952,-0.887,0.889,-1.496,-3.109,0.0,-1.0,-1.0
3.791,8.549,3.922,-0.949,0.798,-1.534,-3.163,0.0,-1.0,-1.0
3.811,8.563,3.891,-1.012,0.705,-1.569,-3.213,0.0,-1.0,-1.0
3.831,8.576,3.86,-1.076,0.61,-1.597,-3.253,0.0,-1.0,-1.0
3.851,8.588,3.828,-1.141,0.51,-1.613,-3.276,0.0,-1.0,-1.0
3.871,8.597,3.795,-1.207,0.408,-1.628,-3.3,0.0,-1.0,-1.0
3.891,8.604,3.763,-1.273,0.306,-1.645,-3.33,0.0,-1.0,-1.0
3.911,8.609,3.73,-1.339,0.204,-1.661,-3.357,0.0,-1.0,-1.0
3.931,8.612,3.697,-1.405,0.102,-1.672,-3.373,0.0,-1.0,-1.0
3.95,8.613,3.664,-1.472,0.0,-1.676,-3.371,0.0,-1.0,-1.0
3.97,8.612,3.631,-1.539,-0.102,-1.671,-3.351,0.0,-1.0,-1.0
3.99,8.609,3.597,-1.606,-0.205,-1.669,-3.336,0.0,-1.0,-1.0
4.01,8.604,3.564,-1.672,-0.309,-1.667,-3.322,0.0,-1.0,-1.0
4.03,8.597,3.531,-1.737,-0.412,-1.663,-3.303,0.0,-1.0,-1.0
4.05,8.588,3.498,-1.802,-0.512,-1.654,-3.272,0.0,-1.0,-1.0
4.07,8.577,3.465,-1.867,-0.608,-1.639,-3.222,0.0,-1.0,-1.0
4.09,8.564,3.433,-1.931,-0.706,-1.622,-3.168,0.0,-1.0,-1.0
4.11,8.549,3.401,-1.993,-0.808,-1.606,-3.119,0.0,-1.0,-1.0
4.13,8.532,3.369,-2.055,-0.91,-1.59,-3.068,0.0,-1.0,-1.0
4.15,8.513,3.338,-2.115,-1.004,-1.572,-3.01,0.0,-1.0,-1.0
4.17,8.493,3.307,-2.174,-1.086,-1.549,-2.939,0.0,-1.0,-1.0
4.19,8.47,3.276,-2.232,-1.156,-1.52,-2.853,0.0,-1.0,-1.0
4.21,8.447,3.246,-2.288,-1.23,-1.485,-2.766,0.0,-1.0,-1.0
4.23,8.422,3.216,-2.342,-1.307,-1.449,-2.68,0.0,-1.0,-1.0
4.25,8.395,3.187,-2.394,-1.379,-1.416,-2.592,0.0,-1.0,-1.0
4.27,8.368,3.159,-2.445,-1.439,-1.392,-2.503,0.0,-1.0,-1.0
4.29,8.339,3.131,-2.494,-1.483,-1.382,-2.41,0.0,-1.0,-1.0
4.31,8.309,3.104,-2.541,-1.515,-1.379,-2.315,0.0,-1.0,-1.0
4.33,8.278,3.076,-2.586,-1.547,-1.375,-2.219,0.0,-1.0,-1.0
4.35,8.247,3.049,-2.63,-1.58,-1.371,-2.124,0.0,-1.0,-1.0
4.369,8.215,3.021,-2.671,-1.613,-1.369,-2.029,0.0,-1.0,-1.0
4.389,8.183,2.994,-2.711,-1.647,-1.368,-1.934,0.0,-1.0,-1.0
4.409,8.149,2.967,-2.748,-1.681,-1.372,-1.841,0.0,-1.0,-1.0
4.429,8.116,2.939,-2.784,-1.711,-1.382,-1.746,0.0,-1.0,-1.0
4.449,8.081,2.912,-2.818,-1.739,-1.395,-1.652,0.0,-1.0,-1.0
4.469,8.046,2.884,-2.85,-1.77,-1.404,-1.558,0.0,-1.0,-1.0
4.489,8.01,2.857,-2.881,-1.809,-1.402,-1.465,0.0,-1.0,-1.0
4.509,7.973,2.829,-2.909,-1.86,-1.384,-1.376,0.0,-1.0,-1.0
4.529,7.935,2.802,-2.935,-1.917,-1.36,-1.285,0.0,-1.0,-1.0
4.549,7.896,2.775,-2.96,-1.974,-1.344,-1.193,0.0,-1.0,-1.0
4.569,7.856,2.749,-2.983,-2.031,-1.325,-1.101,0.0,-1.0,-1.0
4.589,7.815,2.723,-3.005,-2.089,-1.299,-1.012,0.0,-1.0,-1.0
4.609,7.773,2.698,-3.024,-2.148,-1.257,-0.929,0.0,-1.0,-1.0
4.629,7.729,2.674,-3.042,-2.21,-1.195,-0.853,0.0,-1.0,-1.0
4.649,7.685,2.651,-3.058,-2.275,-1.134,-0.778,0.0,-1.0,-1.0
4.669,7.639,2.629,-3.073,-2.341,-1.073,-0.702,0.0,-1.0,-1.0
4.689,7.592,2.608,-3.086,-2.405,-1.011,-0.627,0.0,-1.0,-1.0
4.709,7.543,2.589,-3.098,-2.464,-0.943,-0.553,0.0,-1.0,-1.0
4.729,7.494,2.571,-3.109,-2.515,-0.867,-0.484,0.0,-1.0,-1.0
4.749,7.443,2.555,-3.118,-2.563,-0.788,-0.412,0.0,-1.0,-1.0
4.769,7.392,2.54,-3.125,-2.616,-0.711,-0.333,0.0,-1.0,-1.0
4.788,7.339,2.527,-3.132,-2.668,-0.634,-0.256,0.0,-1.0,-1.0
4.808,7.286,2.515,-3.137,-2.715,-0.554,-0.186,0.0,-1.0,-1.0
4.828,7.232,2.505,-3.14,-2.751,-0.466,-0.131,0.0,-1.0,-1.0
4.848,7.177,2.497,-3.142,-2.773,-0.369,-0.095,0.0,-1.0,-1.0
4.868,7.121,2.49,-3.144,-2.791,-0.271,-0.063,0.0,-1.0,-1.0
4.888,7.065,2.486,-3.145,-2.806,-0.171,-0.034,0.0,-1.0,-1.0
4.908,7.009,2.483,-3.145,-2.816,-0.074,-0.009,0.0,-1.0,-1.0
4.928,6.953,2.483,-3.145,-2.82,0.011,0.01,0.0,-1.0,-1.0
4.948,6.897,2.484,-3.145,-2.819,0.08,0.023,0.0,-1.0,-1.0
4.968,6.841,2.486,-3.145,-2.817,0.13,0.031,0.0,-1.0,-1.0
4.988,6.784,2.489,-3.144,-2.814,0.161,0.035,0.0,-1.0,-1.0
5.008,6.728,2.492,-3.143,-2.814,0.167,0.035,0.0,-1.0,-1.0
5.028,6.672,2.495,-3.143,-2.815,0.149,0.03,0.0,-1.0,-1.0
5.048,6.616,2.498,-3.142,-2.819,0.112,0.022,0.0,-1.0,-1.0
5.068,6.56,2.499,-3.142,-2.824,0.061,0.012,0.0,-1.0,-1.0
5.088,6.503,2.5,-3.142,-2.829,0.0,0.0,0.0,-1.0,-1.0
5.108,6.447,2.5,-3.142,-2.829,-0.0,-0.0,0.0,-1.0,-1.0
5.128,6.39,2.5,-3.142,-2.829,-0.0,-0.0,0.0,-1.0,-1.0
5.148,6.334,2.5,-3.142,-2.829,0.0,0.0,0.0,-1.0,-1.0
5.168,6.277,2.5,-3.142,-2.829,0.0,0.0,0.0,-1.0,-1.0
5.187,6.221,2.5,-3.142,-2.829,0.0,0.0,0.0,-1.0,-1.0
5.207,6.165,2.5,-3.142,-2.83,0.0,0.0,0.0,-1.0,-1.0
5.227,6.108,2.5,-3.142,-2.83,0.0,0.0,0.0,-1.0,-1.0
5.247,6.052,2.5,-3.142,-2.83,0.0,0.0,0.0,-1.0,-1.0
5.267,5.995,2.5,-3.142,-2.83,0.0,0.0,0.0,-1.0,-1.0
5.287,5.939,2.5,-3.142,-2.83,0.0,0.0,0.0,-1.0,-1.0
5.307,5.882,2.5,-3.142,-2.83,-0.0,-0.0,0.0,-1.0,-1.0
5.327,5.826,2.5,-3.142,-2.83,-0.0,-0.0,0.0,-1.0,-1.0
5.347,5.769,2.5,-3.142,-2.83,-0.0,-0.0,0.0,-1.0,-1.0
5.367,5.713,2.5,-3.142,-2.83,-0.0,-0.0,0.0,-1.0,-1.0
5.387,5.656,2.5,-3.142,-2.83,-0.0,-0.0,0.0,-1.0,-1.0
5.407,5.6,2.5,-3.142,-2.83,-0.0,-0.0,0.0,-1.0,-1.0
5.427,5.544,2.5,-3.142,-2.83,-0.0,-0.0,0.0,-1.0,-1.0
5.447,5.487,2.5,-3.142,-2.83,-0.0,-0.0,0.0,-1.0,-1.0
5.467,5.431,2.5,-3.142,-2.83,0.0,0.0,0.0,-1.0,-1.0
5.487,5.374,2.5,-3.142,-2.83,0.0,0.0,0.0,-1.0,-1.0
5.507,5.318,2.5,-3.142,-2.83,0.0,0.0,0.0,-1.0,-1.0
5.527,5.261,2.5,-3.142,-2.83,0.0,0.0,0.0,-1.0,-1.0
5.547,5.205,2.5,-3.142,-2.83,0.0,0.0,0.0,-1.0,-1.0
5.567,5.148,2.5,-3.142,-2.83,0.0,0.0,0.0,-1.0,-1.0
5.587,5.092,2.5,-3.142,-2.83,0.0,0.0,0.0,-1.0,-1.0
5.606,5.035,2.5,-3.142,-2.83,-0.0,-0.0,0.0,-1.0,-1.0
5.626,4.979,2.5,-3.142,-2.83,-0.0,-0.0,0.0,-1.0,-1.0
5.646,4.923,2.5,-3.142,-2.83,-0.0,-0.0,0.0,-1.0,-1.0
5.666,4.866,2.5,-3.142,-2.83,-0.0,-0.0,0.0,-1.0,-1.0
5.686,4.81,2.5,-3.142,-2.83,-0.0,-0.0,0.0,-1.0,-1.0
5.706,4.753,2.5,-3.142,-2.83,-0.0,-0.0,0.0,-1.0,-1.0
5.726,4.697,2.5,-3.142,-2.83,-0.0,-0.0,0.0,-1.0,-1.0
5.746,4.64,2.5,-3.142,-2.83,-0.0,-0.0,0.0,-1.0,-1.0
5.766,4.584,2.5,-3.142,-2.83,0.0,0.0,0.0,-1.0,-1.0
5.786,4.527,2.5,-3.142,-2.83,0.0,0.0,0.0,-1.0,-1.0
5.806,4.471,2.5,-3.142,-2.83,0.0,0.0,0.0,-1.0,-1.0
5.826,4.414,2.5,-3.142,-2.83,0.0,0.0,0.0,-1.0,-1.0
5.846,4.358,2.5,-3.142,-2.83,0.0,0.0,0.0,-1.0,-1.0
5.866,4.302,2.5,-3.142,-2.836,0.0,0.0,0.0,-1.0,-1.0
5.886,4.245,2.5,-3.142,-2.853,0.0,0.0,0.0,-1.0,-1.0
5.906,4.189,2.5,-3.142,-2.874,0.0,0.0,0.0,-1.0,-1.0
5.926,4.132,2.5,-3.142,-2.892,-0.0,-0.0,0.0,-1.0,-1.0
5.946,4.076,2.5,-3.142,-2.9,-0.0,-0.0,0.0,-1.0,-1.0
5.966,4.019,2.5,-3.142,-2.892,-0.0,-0.0,0.0,-1.0,-1.0
5.986,3.963,2.5,-3.142,-2.862,-0.0,-0.0,0.0,-1.0,-1.0
6.006,3.906,2.5,-3.142,-2.807,-0.0,-0.0,0.0,-1.0,-1.0
6.025,3.851,2.5,-3.142,-2.751,-0.0,-0.0,0.0,-1.0,-1.0
6.045,3.797,2.5,-3.142,-2.701,-0.0,-0.0,0.0,-1.0,-1.0
6.065,3.744,2.5,-3.142,-2.652,0.0,0.0,0.0,-1.0,-1.0
6.085,3.692,2.5,-3.142,-2.598,0.0,0.0,0.0,-1.0,-1.0
6.105,3.642,2.5,-3.142,-2.538,0.0,0.0,0.0,-1.0,-1.0
6.125,3.593,2.5,-3.142,-2.465,0.0,0.0,0.0,-1.0,-1.0
6.145,3.545,2.5,-3.142,-2.375,0.0,0.0,0.0,-1.0,-1.0
6.165,3.499,2.5,-3.142,-2.273,0.0,0.0,0.0,-1.0,-1.0
6.185,3.455,2.5,-3.142,-2.169,0.0,0.0,0.0,-1.0,-1.0
6.205,3.412,2.5,-3.142,-2.066,0.0,0.0,0.0,-1.0,-1.0
6.225,3.372,2.5,-3.142,-1.963,-0.0,-0.0,0.0,-1.0,-1.0
6.245,3.334,2.5,-3.142,-1.86,-0.0,-0.0,0.0,-1.0,-1.0
6.265,3.298,2.5,-3.142,-1.756,-0.0,-0.0,0.0,-1.0,-1.0
6.285,3.264,2.5,-3.142,-1.653,-0.0,-0.0,0.0,-1.0,-1.0
6.305,3.232,2.5,-3.142,-1.55,-0.0,-0.0,0.0,-1.0,-1.0
6.325,3.202,2.5,-3.142,-1.446,-0.0,-0.0,0.0,-1.0,-1.0
6.345,3.174,2.5,-3.142,-1.343,-0.0,-0.0,0.0,-1.0,-1.0
6.365,3.148,2.5,-3.142,-1.24,-0.0,-0.0,0.0,-1.0,-1.0
6.385,3.125,2.5,-3.142,-1.137,0.0,0.0,0.0,-1.0,-1.0
6.405,3.103,2.5,-3.142,-1.033,0.0,0.0,0.0,-1.0,-1.0
6.425,3.083,2.5,-3.142,-0.93,0.0,0.0,0.0,-1.0,-1.0
6.444,3.066,2.5,-3.142,-0.827,0.0,0.0,0.0,-1.0,-1.0
6.464,3.051,2.5,-3.142,-0.723,0.0,0.0,0.0,-1.0,-1.0
6.484,3.037,2.5,-3.142,-0.62,0.0,0.0,0.0,-1.0,-1.0
6.504,3.026,2.5,-3.142,-0.517,0.0,0.0,0.0,-1.0,-1.0
6.524,3.016,2.5,-3.142,-0.413,0.0,0.0,0.0,-1.0,-1.0
6.544,3.009,2.5,-3.142,-0.31,0.0,0.0,0.0,-1.0,-1.0
6.564,3.004,2.5,-3.142,-0.207,0.0,0.0,0.0,-1.0,-1.0
6.584,3.001,2.5,-3.142,-0.103,0.0,0.0,0.0,-1.0,-1.0
6.604,3.0,2.5,-3.142,0.0,-0.0,-0.0,1.0,-1.0,-1.0
