0.0,2.4,2.5,4.712,-0.0,0.0,0.0,2.0,-1.0,-1.0
0.02,2.4,2.5,4.715,0.047,-0.0,0.222,0.0,-1.0,-1.0
0.04,2.402,2.5,4.721,0.094,-0.0,0.443,0.0,-1.0,-1.0
0.06,2.404,2.5,4.732,0.143,-0.0,0.663,0.0,-1.0,-1.0
0.08,2.408,2.5,4.748,0.191,-0.0,0.884,0.0,-1.0,-1.0
0.1,2.412,2.5,4.768,0.239,-0.0,1.103,0.0,-1.0,-1.0
0.12,2.417,2.5,4.792,0.291,0.001,1.319,0.0,-1.0,-1.0
0.14,2.424,2.5,4.82,0.341,0.002,1.537,0.0,-1.0,-1.0
0.16,2.431,2.5,4.853,0.395,0.005,1.747,0.0,-1.0,-1.0
0.18,2.44,2.5,4.89,0.452,0.009,1.954,0.0,-1.0,-1.0
0.2,2.449,2.501,4.931,0.51,0.013,2.161,0.0,-1.0,-1.0
0.22,2.46,2.501,4.976,0.578,0.02,2.347,0.0,-1.0,-1.0
0.24,2.472,2.501,5.025,0.646,0.028,2.536,0.0,-1.0,-1.0
0.26,2.486,2.502,5.077,0.719,0.035,2.712,0.0,-1.0,-1.0
0.28,2.501,2.503,5.132,0.807,0.04,2.852,0.0,-1.0,-1.0
0.3,2.519,2.504,5.191,0.895,0.047,3.0,0.0,-1.0,-1.0
0.32,2.537,2.504,5.251,0.99,0.049,3.112,0.0,-1.0,-1.0
0.34,2.558,2.505,5.314,1.1,0.046,3.19,0.0,-1.0,-1.0
0.36,2.581,2.506,5.378,1.211,0.042,3.27,0.0,-1.0,-1.0
0.38,2.606,2.507,5.444,1.307,0.035,3.284,0.0,-1.0,-1.0
0.4,2.633,2.508,5.509,1.4,0.025,3.281,0.0,-1.0,-1.0
0.42,2.662,2.508,5.574,1.488,0.016,3.26,0.0,-1.0,-1.0
0.44,2.693,2.508,5.638,1.555,0.006,3.173,0.0,-1.0,-1.0
0.46,2.724,2.508,5.7,1.617,-0.005,3.081,0.0,-1.0,-1.0
0.48,2.757,2.508,5.761,1.682,-0.014,2.968,0.0,-1.0,-1.0
0.5,2.792,2.508,5.819,1.753,-0.02,2.822,0.0,-1.0,-1.0
0.52,2.827,2.507,5.873,1.824,-0.026,2.675,0.0,-1.0,-1.0
0.54,2.865,2.507,5.925,1.898,-0.03,2.519,0.0,-1.0,-1.0
0.56,2.903,2.506,5.974,1.975,-0.034,2.358,0.0,-1.0,-1.0
0.58,2.944,2.505,6.019,2.051,-0.037,2.196,0.0,-1.0,-1.0
0.6,2.985,2.505,6.062,2.125,-0.038,2.026,0.0,-1.0,-1.0
0.62,3.029,2.504,6.1,2.2,-0.038,1.858,0.0,-1.0,-1.0
0.64,3.073,2.503,6.136,2.273,-0.038,1.684,0.0,-1.0,-1.0
0.66,3.119,2.502,6.168,2.344,-0.035,1.504,0.0,-1.0,-1.0
0.68,3.167,2.502,6.196,2.415,-0.032,1.325,0.0,-1.0,-1.0
0.7,3.216,2.501,6.22,2.48,-0.028,1.135,0.0,-1.0,-1.0
0.72,3.266,2.501,6.241,2.543,-0.022,0.94,0.0,-1.0,-1.0
0.74,3.317,2.5,6.258,2.605,-0.017,0.742,0.0,-1.0,-1.0
0.76,3.37,2.5,6.27,2.656,-0.01,0.523,0.0,-1.0,-1.0
0.78,3.424,2.5,6.279,2.711,0.001,0.238,0.0,-1.0,-1.0
0.8,3.478,2.5,6.283,2.756,0.008,0.026,0.0,-1.0,-1.0
0.82,3.533,2.5,6.283,2.781,0.003,0.001,0.0,-1.0,-1.0
0.84,3.589,2.5,6.283,2.807,-0.004,-0.001,0.0,-1.0,-1.0
0.86,3.645,2.5,6.283,2.825,-0.008,-0.002,0.0,-1.0,-1.0
0.88,3.702,2.5,6.283,2.827,-0.003,-0.001,0.0,-1.0,-1.0
0.9,3.758,2.5,6.283,2.828,0.005,0.001,0.0,-1.0,-1.0
0.92,3.815,2.5,6.283,2.829,0.008,0.002,0.0,-1.0,-1.0
0.94,3.872,2.5,6.283,2.829,0.003,0.001,0.0,-1.0,-1.0
0.96,3.928,2.5,6.283,2.828,-0.005,-0.001,0.0,-1.0,-1.0
0.98,3.985,2.5,6.283,2.828,-0.008,-0.002,0.0,-1.0,-1.0
1.0,4.041,2.5,6.283,2.828,-0.003,-0.001,0.0,-1.0,-1.0
1.02,4.098,2.5,6.283,2.828,0.005,0.001,0.0,-1.0,-1.0
1.04,4.154,2.5,6.283,2.828,0.008,0.002,0.0,-1.0,-1.0
1.06,4.211,2.5,6.283,2.828,0.003,0.001,0.0,-1.0,-1.0
1.08,4.267,2.5,6.283,2.828,-0.005,-0.001,0.0,-1.0,-1.0
1.1,4.324,2.5,6.283,2.828,-0.008,-0.002,0.0,-1.0,-1.0
1.12,4.381,2.5,6.283,2.828,-0.003,-0.001,0.0,-1.0,-1.0
1.14,4.437,2.5,6.283,2.828,0.005,0.001,0.0,-1.0,-1.0
1.16,4.494,2.5,6.283,2.828,0.008,0.002,0.0,-1.0,-1.0
1.18,4.55,2.5,6.283,2.828,0.003,0.001,0.0,-1.0,-1.0
1.2,4.607,2.5,6.283,2.828,-0.005,-0.001,0.0,-1.0,-1.0
1.22,4.663,2.5,6.283,2.828,-0.008,-0.002,0.0,-1.0,-1.0
1.24,4.72,2.5,6.283,2.828,-0.003,-0.001,0.0,-1.0,-1.0
1.26,4.776,2.5,6.283,2.828,0.005,0.001,0.0,-1.0,-1.0
1.28,4.833,2.5,6.283,2.828,0.008,0.002,0.0,-1.0,-1.0
1.3,4.89,2.5,6.283,2.828,0.003,0.001,0.0,-1.0,-1.0
1.32,4.946,2.5,6.283,2.828,-0.005,-0.001,0.0,-1.0,-1.0
1.34,5.003,2.5,6.283,2.828,-0.008,-0.002,0.0,-1.0,-1.0
1.36,5.059,2.5,6.283,2.828,-0.002,-0.001,0.0,-1.0,-1.0
1.38,5.116,2.5,6.283,2.828,0.005,0.001,0.0,-1.0,-1.0
1.4,5.172,2.5,6.283,2.828,0.008,0.002,0.0,-1.0,-1.0
1.42,5.229,2.5,6.283,2.828,0.002,0.001,0.0,-1.0,-1.0
1.44,5.285,2.5,6.283,2.828,-0.005,-0.001,0.0,-1.0,-1.0
1.46,5.342,2.5,6.283,2.828,-0.008,-0.002,0.0,-1.0,-1.0
1.48,5.399,2.5,6.283,2.829,-0.002,-0.001,0.0,-1.0,-1.0
1.5,5.455,2.5,6.283,2.831,0.005,0.001,0.0,-1.0,-1.0
1.52,5.512,2.5,6.283,2.83,0.008,0.002,0.0,-1.0,-1.0
1.54,5.568,2.5,6.283,2.833,0.002,0.001,0.0,-1.0,-1.0
1.56,5.625,2.5,6.283,2.845,-0.005,-0.001,0.0,-1.0,-1.0
1.58,5.681,2.5,6.283,2.824,-0.008,-0.002,0.0,-1.0,-1.0
1.6,5.737,2.5,6.283,2.765,-0.002,-0.001,0.0,-1.0,-1.0
1.62,5.791,2.5,6.283,2.71,0.006,0.002,0.0,-1.0,-1.0
1.64,5.844,2.5,6.283,2.629,0.008,0.002,0.0,-1.0,-1.0
1.66,5.896,2.5,6.283,2.496,0.02,0.01,0.0,-1.0,-1.0
1.68,5.945,2.5,6.283,2.35,0.045,0.024,0.0,-1.0,-1.0
1.7,5.991,2.5,6.283,2.256,0.012,0.008,0.0,-1.0,-1.0
1.72,6.036,2.499,6.283,2.229,-0.098,-0.049,3.0,-1.0,-1.0
1.74,6.08,2.496,6.281,2.206,-0.21,-0.108,0.0,-1.0,-1.0
1.76,6.124,2.491,6.279,2.181,-0.322,-0.166,0.0,-1.0,-1.0
1.78,6.168,2.483,6.275,2.155,-0.435,-0.221,0.0,-1.0,-1.0
1.8,6.21,2.473,6.27,2.129,-0.547,-0.277,0.0,-1.0,-1.0
1.82,6.253,2.461,6.264,2.102,-0.659,-0.331,0.0,-1.0,-1.0
1.84,6.294,2.447,6.257,2.071,-0.772,-0.38,0.0,-1.0,-1.0
1.86,6.335,2.43,6.249,2.042,-0.884,-0.431,0.0,-1.0,-1.0
1.88,6.376,2.412,6.24,2.011,-0.997,-0.479,0.0,-1.0,-1.0
1.9,6.416,2.391,6.23,1.974,-1.108,-0.519,0.0,-1.0,-1.0
1.92,6.455,2.367,6.219,1.939,-1.221,-0.561,0.0,-1.0,-1.0
1.94,6.493,2.342,6.207,1.901,-1.333,-0.6,0.0,-1.0,-1.0
1.96,6.531,2.314,6.195,1.855,-1.443,-0.626,0.0,-1.0,-1.0
1.98,6.567,2.284,6.182,1.809,-1.554,-0.652,0.0,-1.0,-1.0
2.0,6.603,2.252,6.169,1.761,-1.665,-0.676,0.0,-1.0,-1.0
2.02,6.637,2.218,6.156,1.701,-1.768,-0.682,0.0,-1.0,-1.0
2.04,6.671,2.181,6.142,1.635,-1.871,-0.681,0.0,-1.0,-1.0
2.06,6.703,2.143,6.129,1.569,-1.974,-0.68,0.0,-1.0,-1.0
2.08,6.733,2.103,6.116,1.495,-2.066,-0.66,0.0,-1.0,-1.0
2.1,6.762,2.061,6.103,1.405,-2.15,-0.621,0.0,-1.0,-1.0
2.12,6.789,2.017,6.091,1.311,-2.237,-0.583,0.0,-1.0,-1.0
2.14,6.815,1.972,6.08,1.232,-2.311,-0.536,0.0,-1.0,-1.0
2.16,6.839,1.925,6.07,1.168,-2.37,-0.474,0.0,-1.0,-1.0
2.18,6.862,1.877,6.061,1.093,-2.433,-0.412,0.0,-1.0,-1.0
2.2,6.884,1.828,6.054,1.044,-2.483,-0.349,0.0,-1.0,-1.0
2.22,6.905,1.778,6.047,1.045,-2.514,-0.287,0.0,-1.0,-1.0
2.24,6.926,1.728,6.042,1.045,-2.559,-0.227,0.0,-1.0,-1.0
2.26,6.947,1.677,6.038,1.056,-2.581,-0.164,0.0,-1.0,-1.0
2.28,6.969,1.626,6.036,1.096,-2.54,-0.09,0.0,-1.0,-1.0
2.3,6.991,1.576,6.035,1.145,-2.492,-0.014,0.0,-1.0,-1.0
2.32,7.015,1.527,6.035,1.193,-2.437,0.064,0.0,-1.0,-1.0
2.34,7.039,1.479,6.037,1.237,-2.351,0.145,0.0,-1.0,-1.0
2.36,7.064,1.433,6.041,1.283,-2.252,0.228,0.0,-1.0,-1.0
2.38,7.09,1.389,6.047,1.328,-2.152,0.311,0.0,-1.0,-1.0
2.4,7.117,1.347,6.054,1.364,-2.05,0.394,0.0,-1.0,-1.0
2.42,7.145,1.307,6.062,1.395,-1.945,0.476,0.0,-1.0,-1.0
2.44,7.173,1.27,6.073,1.426,-1.84,0.559,0.0,-1.0,-1.0
2.46,7.201,1.234,6.085,1.454,-1.734,0.641,0.0,-1.0,-1.0
2.48,7.231,1.2,6.098,1.478,-1.627,0.723,0.0,-1.0,-1.0
2.5,7.261,1.169,6.114,1.503,-1.521,0.805,0.0,-1.0,-1.0
2.52,7.291,1.139,6.131,1.525,-1.414,0.888,0.0,-1.0,-1.0
2.539,7.321,1.112,6.149,1.545,-1.306,0.97,0.0,-1.0,-1.0
2.559,7.353,1.087,6.169,1.566,-1.199,1.053,0.0,-1.0,-1.0
2.579,7.384,1.064,6.191,1.585,-1.091,1.135,0.0,-1.0,-1.0
2.599,7.416,1.044,6.215,1.603,-0.983,1.219,0.0,-1.0,-1.0
2.619,7.448,1.025,6.24,1.622,-0.876,1.303,0.0,-1.0,-1.0
2.639,7.481,1.009,6.267,1.64,-0.768,1.386,0.0,-1.0,-1.0
2.659,7.514,0.994,6.295,1.655,-0.659,1.463,0.0,-1.0,-1.0
2.679,7.547,0.982,6.325,1.671,-0.549,1.541,0.0,-1.0,-1.0
2.699,7.58,0.972,6.357,1.687,-0.44,1.618,0.0,-1.0,-1.0
2.719,7.614,0.965,6.39,1.701,-0.329,1.692,0.0,-1.0,-1.0
2.739,7.648,0.959,6.424,1.713,-0.217,1.761,0.0,-1.0,-1.0
2.759,7.683,0.956,6.46,1.727,-0.106,1.832,0.0,-1.0,-1.0
2.779,7.717,0.955,6.497,1.74,0.006,1.903,0.0,-1.0,-1.0
2.799,7.752,0.956,6.536,1.75,0.119,1.966,0.0,-1.0,-1.0
2.819,7.787,0.96,6.576,1.756,0.234,2.02,0.0,-1.0,-1.0
2.839,7.822,0.966,6.616,1.766,0.35,2.079,0.0,-1.0,-1.0
2.859,7.858,0.974,6.658,1.774,0.465,2.136,0.0,-1.0,-1.0
2.879,7.893,0.984,6.701,1.774,0.582,2.178,0.0,-1.0,-1.0
2.899,7.928,0.997,6.745,1.765,0.702,2.204,0.0,-1.0,-1.0
2.919,7.963,1.012,6.789,1.762,0.824,2.24,0.0,-1.0,-1.0
2.939,7.998,1.03,6.834,1.755,0.945,2.269,0.0,-1.0,-1.0
2.959,8.033,1.05,6.879,1.732,1.061,2.275,0.0,-1.0,-1.0
2.979,8.067,1.072,6.924,1.688,1.173,2.253,0.0,-1.0,-1.0
2.999,8.1,1.097,6.969,1.646,1.29,2.238,0.0,-1.0,-1.0
3.019,8.132,1.123,7.013,1.602,1.404,2.217,0.0,-1.0,-1.0
3.039,8.164,1.152,7.056,1.548,1.503,2.174,0.0,-1.0,-1.0
3.059,8.194,1.183,7.099,1.481,1.589,2.104,0.0,-1.0,-1.0
3.079,8.223,1.216,7.14,1.413,1.678,2.034,0.0,-1.0,-1.0
3.099,8.251,1.25,7.18,1.345,1.764,1.963,0.0,-1.0,-1.0
3.119,8.277,1.286,7.219,1.283,1.839,1.89,0.0,-1.0,-1.0
3.139,8.302,1.323,7.256,1.225,1.905,1.81,0.0,-1.0,-1.0
3.159,8.326,1.362,7.291,1.166,1.974,1.726,0.0,-1.0,-1.0
3.179,8.349,1.402,7.325,1.109,2.039,1.646,0.0,-1.0,-1.0
3.199,8.371,1.443,7.358,1.056,2.093,1.58,0.0,-1.0,-1.0
3.219,8.391,1.485,7.389,1.007,2.137,1.521,0.0,-1.0,-1.0
3.239,8.411,1.528,7.419,0.959,2.185,1.455,0.0,-1.0,-1.0
3.259,8.43,1.572,7.448,0.91,2.228,1.398,0.0,-1.0,-1.0
3.279,8.447,1.617,7.476,0.859,2.259,1.368,0.0,-1.0,-1.0
3.299,8.464,1.662,7.503,0.807,2.284,1.352,0.0,-1.0,-1.0
3.319,8.479,1.708,7.53,0.757,2.312,1.328,0.0,-1.0,-1.0
3.339,8.494,1.754,7.557,0.705,2.334,1.316,0.0,-1.0,-1.0
3.359,8.507,1.801,7.584,0.644,2.344,1.337,0.0,-1.0,-1.0
3.379,8.519,1.848,7.611,0.579,2.348,1.373,0.0,-1.0,-1.0
3.399,8.53,1.895,7.639,0.515,2.355,1.403,0.0,-1.0,-1.0
3.419,8.54,1.942,7.668,0.449,2.356,1.445,0.0,-1.0,-1.0
3.439,8.548,1.989,7.698,0.376,2.344,1.514,0.0,-1.0,-1.0
3.459,8.555,2.035,7.729,0.302,2.326,1.597,0.0,-1.0,-1.0
3.479,8.56,2.081,7.762,0.228,2.31,1.678,0.0,-1.0,-1.0
3.499,8.564,2.127,7.797,0.152,2.288,1.765,0.0,-1.0,-1.0
3.519,8.566,2.173,7.833,0.071,2.254,1.865,0.0,-1.0,-1.0
3.539,8.567,2.217,7.871,-0.013,2.217,1.974,0.0,-1.0,-1.0
3.559,8.565,2.261,7.912,-0.097,2.18,2.084,0.0,-1.0,-1.0
3.579,8.563,2.304,7.954,-0.182,2.14,2.191,0.0,-1.0,-1.0
3.599,8.558,2.346,7.999,-0.269,2.09,2.29,0.0,-1.0,-1.0
3.619,8.552,2.388,8.046,-0.356,2.039,2.392,0.0,-1.0,-1.0
3.639,8.544,2.428,8.094,-0.443,1.988,2.496,0.0,-1.0,-1.0
3.659,8.534,2.467,8.145,-0.531,1.933,2.59,0.0,-1.0,-1.0
3.679,8.523,2.505,8.197,-0.621,1.871,2.665,0.0,-1.0,-1.0
3.699,8.509,2.542,8.251,-0.713,1.808,2.74,0.0,-1.0,-1.0
3.719,8.494,2.577,8.307,-0.805,1.746,2.816,0.0,-1.0,-1.0
3.739,8.477,2.611,8.363,-0.895,1.678,2.881,0.0,-1.0,-1.0
3.759,8.458,2.644,8.421,-0.983,1.601,2.925,0.0,-1.0,-1.0
3.779,8.438,2.675,8.48,-1.07,1.519,2.983,0.0,-1.0,-1.0
3.799,8.416,2.705,8.54,-1.156,1.438,3.041,0.0,-1.0,-1.0
3.819,8.392,2.733,8.6,-1.243,1.358,3.067,0.0,-1.0,-1.0
3.839,8.366,2.759,8.661,-1.331,1.281,3.035,0.0,-1.0,-1.0
3.859,8.338,2.784,8.721,-1.422,1.207,2.989,0.0,-1.0,-1.0
3.879,8.309,2.807,8.78,-1.507,1.13,2.935,0.0,-1.0,-1.0
3.899,8.278,2.829,8.838,-1.59,1.051,2.876,0.0,-1.0,-1.0
3.919,8.246,2.849,8.895,-1.669,0.97,2.813,0.0,-1.0,-1.0
3.939,8.211,2.868,8.95,-1.742,0.887,2.739,0.0,-1.0,-1.0
3.959,8.176,2.885,9.004,-1.815,0.803,2.665,0.0,-1.0,-1.0
3.979,8.139,2.9,9.057,-1.879,0.717,2.581,0.0,-1.0,-1.0
3.999,8.101,2.913,9.108,-1.944,0.631,2.495,0.0,-1.0,-1.0
4.019,8.061,2.925,9.157,-2.002,0.544,2.406,0.0,-1.0,-1.0
4.039,8.021,2.935,9.204,-2.057,0.455,2.313,0.0,-1.0,-1.0
4.059,7.979,2.943,9.249,-2.107,0.366,2.222,0.0,-1.0,-1.0
4.079,7.937,2.95,9.293,-2.149,0.277,2.134,0.0,-1.0,-1.0
4.099,7.893,2.954,9.335,-2.19,0.188,2.047,0.0,-1.0,-1.0
4.119,7.849,2.957,9.375,-2.219,0.102,1.973,0.0,-1.0,-1.0
4.139,7.805,2.958,9.414,-2.248,0.015,1.898,0.0,-1.0,-1.0
4.159,7.76,2.958,9.451,-2.265,-0.067,1.841,0.0,-1.0,-1.0
4.179,7.714,2.956,9.487,-2.279,-0.148,1.79,0.0,-1.0,-1.0
4.199,7.669,2.952,9.523,-2.287,-0.224,1.75,0.0,-1.0,-1.0
4.219,7.623,2.947,9.558,-2.283,-0.293,1.731,0.0,-1.0,-1.0
4.239,7.578,2.941,9.592,-2.278,-0.361,1.714,0.0,-1.0,-1.0
4.259,7.532,2.933,9.627,-2.26,-0.417,1.724,0.0,-1.0,-1.0
4.279,7.487,2.924,9.662,-2.242,-0.473,1.736,0.0,-1.0,-1.0
4.299,7.443,2.914,9.697,-2.214,-0.52,1.771,0.0,-1.0,-1.0
4.319,7.399,2.903,9.733,-2.183,-0.563,1.816,0.0,-1.0,-1.0
4.339,7.356,2.892,9.77,-2.147,-0.602,1.871,0.0,-1.0,-1.0
4.359,7.313,2.879,9.808,-2.102,-0.636,1.947,0.0,-1.0,-1.0
4.379,7.272,2.866,9.848,-2.056,-0.669,2.024,0.0,-1.0,-1.0
4.399,7.231,2.853,9.889,-2.0,-0.699,2.122,0.0,-1.0,-1.0
4.419,7.192,2.838,9.933,-1.944,-0.729,2.221,0.0,-1.0,-1.0
4.439,7.154,2.823,9.978,-1.88,-0.758,2.332,0.0,-1.0,-1.0
4.459,7.117,2.808,10.026,-1.813,-0.786,2.448,0.0,-1.0,-1.0
4.479,7.081,2.792,10.076,-1.742,-0.815,2.567,0.0,-1.0,-1.0
4.499,7.047,2.775,10.129,-1.646,-0.855,2.729,0.0,-1.0,-1.0
4.519,7.015,2.758,10.184,-1.56,-0.889,2.872,0.0,-1.0,-1.0
4.539,6.983,2.741,10.241,-1.558,-0.88,2.836,0.0,-1.0,-1.0
4.559,6.952,2.723,10.297,-1.574,-0.862,2.767,0.0,-1.0,-1.0
4.579,6.92,2.706,10.351,-1.594,-0.844,2.697,0.0,-1.0,-1.0
4.599,6.888,2.689,10.405,-1.622,-0.823,2.622,0.0,-1.0,-1.0
4.619,6.855,2.673,10.456,-1.653,-0.802,2.544,0.0,-1.0,-1.0
4.639,6.822,2.657,10.506,-1.694,-0.777,2.46,0.0,-1.0,-1.0
4.659,6.788,2.642,10.554,-1.74,-0.749,2.369,0.0,-1.0,-1.0
4.679,6.752,2.627,10.601,-1.792,-0.72,2.273,0.0,-1.0,-1.0
4.699,6.716,2.613,10.645,-1.852,-0.686,2.168,0.0,-1.0,-1.0
4.719,6.678,2.6,10.688,-1.915,-0.651,2.057,0.0,-1.0,-1.0
4.739,6.639,2.587,10.727,-1.984,-0.613,1.94,0.0,-1.0,-1.0
4.759,6.599,2.576,10.765,-2.055,-0.573,1.815,0.0,-1.0,-1.0
4.779,6.557,2.565,10.8,-2.128,-0.532,1.686,0.0,-1.0,-1.0
4.799,6.514,2.554,10.832,-2.202,-0.49,1.551,0.0,-1.0,-1.0
4.819,6.469,2.545,10.862,-2.274,-0.448,1.411,0.0,-1.0,-1.0
4.839,6.423,2.536,10.889,-2.346,-0.406,1.27,0.0,-1.0,-1.0
4.859,6.375,2.529,10.913,-2.414,-0.364,1.124,0.0,-1.0,-1.0
4.879,6.326,2.522,10.934,-2.48,-0.322,0.977,0.0,-1.0,-1.0
4.899,6.276,2.516,10.952,-2.545,-0.279,0.828,0.0,-1.0,-1.0
4.919,6.224,2.511,10.967,-2.604,-0.234,0.676,0.0,-1.0,-1.0
4.939,6.172,2.506,10.979,-2.66,-0.187,0.522,0.0,-1.0,-1.0
4.959,6.118,2.503,10.988,-2.708,-0.136,0.363,0.0,-1.0,-1.0
4.979,6.064,2.501,10.993,-2.751,-0.076,0.187,0.0,-1.0,-1.0
4.999,6.008,2.5,10.996,-2.789,-0.017,0.016,0.0,-1.0,-1.0
5.019,5.952,2.5,10.996,-2.799,-0.003,0.002,0.0,-1.0,-1.0
5.039,5.896,2.5,10.996,-2.808,0.004,-0.003,0.0,-1.0,-1.0
5.059,5.84,2.5,10.996,-2.818,0.004,-0.003,0.0,-1.0,-1.0
5.079,5.784,2.5,10.996,-2.826,0.0,0.0,0.0,-1.0,-1.0
5.099,5.727,2.5,10.996,-2.827,0.0,0.0,0.0,-1.0,-1.0
5.119,5.671,2.5,10.996,-2.828,-0.0,-0.0,0.0,-1.0,-1.0
5.139,5.614,2.5,10.996,-2.829,-0.0,-0.0,0.0,-1.0,-1.0
5.159,5.558,2.5,10.996,-2.829,-0.0,-0.0,0.0,-1.0,-1.0
5.179,5.501,2.5,10.996,-2.829,-0.0,-0.0,0.0,-1.0,-1.0
5.199,5.444,2.5,10.996,-2.829,0.0,0.0,0.0,-1.0,-1.0
5.219,5.388,2.5,10.996,-2.829,0.0,0.0,0.0,-1.0,-1.0
5.239,5.331,2.5,10.996,-2.829,0.0,0.0,0.0,-1.0,-1.0
5.259,5.275,2.5,10.996,-2.829,0.0,0.0,0.0,-1.0,-1.0
5.279,5.218,2.5,10.996,-2.829,-0.0,-0.0,0.0,-1.0,-1.0
5.299,5.162,2.5,10.996,-2.829,-0.0,-0.0,0.0,-1.0,-1.0
5.319,5.105,2.5,10.996,-2.829,-0.0,-0.0,0.0,-1.0,-1.0
5.339,5.048,2.5,10.996,-2.829,-0.0,-0.0,0.0,-1.0,-1.0
5.359,4.992,2.5,10.996,-2.829,0.0,0.0,0.0,-1.0,-1.0
5.379,4.935,2.5,10.996,-2.829,0.0,0.0,0.0,-1.0,-1.0
5.399,4.879,2.5,10.996,-2.829,0.0,0.0,0.0,-1.0,-1.0
5.419,4.822,2.5,10.996,-2.829,0.0,0.0,0.0,-1.0,-1.0
5.439,4.766,2.5,10.996,-2.829,-0.0,-0.0,0.0,-1.0,-1.0
5.459,4.709,2.5,10.996,-2.829,-0.0,-0.0,0.0,-1.0,-1.0
5.479,4.652,2.5,10.996,-2.829,-0.0,-0.0,0.0,-1.0,-1.0
5.499,4.596,2.5,10.996,-2.829,-0.0,-0.0,0.0,-1.0,-1.0
5.519,4.539,2.5,10.996,-2.829,0.0,0.0,0.0,-1.0,-1.0
5.539,4.483,2.5,10.996,-2.829,0.0,0.0,0.0,-1.0,-1.0
5.559,4.426,2.5,10.996,-2.829,0.0,0.0,0.0,-1.0,-1.0
5.579,4.37,2.5,10.996,-2.829,0.0,0.0,0.0,-1.0,-1.0
5.599,4.313,2.5,10.996,-2.829,-0.0,-0.0,0.0,-1.0,-1.0
5.619,4.256,2.5,10.996,-2.829,-0.0,-0.0,0.0,-1.0,-1.0
5.639,4.2,2.5,10.996,-2.829,-0.0,-0.0,0.0,-1.0,-1.0
5.659,4.143,2.5,10.996,-2.829,-0.0,-0.0,0.0,-1.0,-1.0
5.679,4.087,2.5,10.996,-2.83,0.0,0.0,0.0,-1.0,-1.0
5.699,4.03,2.5,10.996,-2.83,0.0,0.0,0.0,-1.0,-1.0
5.719,3.974,2.5,10.996,-2.83,0.0,0.0,0.0,-1.0,-1.0
5.739,3.917,2.5,10.996,-2.835,0.0,0.0,0.0,-1.0,-1.0
5.759,3.86,2.5,10.996,-2.861,-0.0,-0.0,0.0,-1.0,-1.0
5.779,3.804,2.5,10.996,-2.879,-0.0,-0.0,0.0,-1.0,-1.0
5.799,3.747,2.5,10.996,-2.859,-0.0,-0.0,0.0,-1.0,-1.0
5.819,3.691,2.5,10.996,-2.782,-0.0,-0.0,0.0,-1.0,-1.0
5.839,3.636,2.5,10.996,-2.704,-0.0,-0.0,0.0,-1.0,-1.0
5.859,3.584,2.5,10.996,-2.624,0.0,0.0,0.0,-1.0,-1.0
5.879,3.532,2.5,10.996,-2.53,0.0,0.0,0.0,-1.0,-1.0
5.899,3.483,2.5,10.996,-2.414,0.0,0.0,0.0,-1.0,-1.0
5.919,3.436,2.5,10.996,-2.294,0.0,0.0,0.0,-1.0,-1.0
5.939,3.391,2.5,10.996,-2.173,-0.0,-0.0,0.0,-1.0,-1.0
5.959,3.349,2.5,10.996,-2.053,-0.0,-0.0,0.0,-1.0,-1.0
5.979,3.309,2.5,10.996,-1.932,-0.0,-0.0,0.0,-1.0,-1.0
5.999,3.272,2.5,10.996,-1.811,-0.0,-0.0,0.0,-1.0,-1.0
6.019,3.237,2.5,10.996,-1.691,0.0,0.0,0.0,-1.0,-1.0
6.039,3.204,2.5,10.996,-1.57,0.0,0.0,0.0,-1.0,-1.0
6.059,3.174,2.5,10.996,-1.449,0.0,0.0,0.0,-1.0,-1.0
6.079,3.146,2.5,10.996,-1.328,0.0,0.0,0.0,-1.0,-1.0
6.099,3.121,2.5,10.996,-1.208,-0.0,-0.0,0.0,-1.0,-1.0
6.119,3.098,2.5,10.996,-1.087,-0.0,-0.0,0.0,-1.0,-1.0
6.139,3.077,2.5,10.996,-0.966,-0.0,-0.0,0.0,-1.0,-1.0
6.159,3.059,2.5,10.996,-0.845,-0.0,-0.0,0.0,-1.0,-1.0
6.179,3.043,2.5,10.996,-0.725,-0.0,-0.0,0.0,-1.0,-1.0
6.199,3.03,2.5,10.996,-0.604,0.0,0.0,0.0,-1.0,-1.0
6.219,3.019,2.5,10.996,-0.483,0.0,0.0,0.0,-1.0,-1.0
6.239,3.011,2.5,10.996,-0.362,0.0,0.0,0.0,-1.0,-1.0
6.259,3.005,2.5,10.996,-0.242,0.0,0.0,0.0,-1.0,-1.0
6.279,3.001,2.5,10.996,-0.121,0.0,0.0,0.0,-1.0,-1.0
6.299,3.0,2.5,10.996,-0.0,-0.0,-0.0,1.0,-1.0,-1.0
