0.0,2.4,2.5,3.142,-0.0,0.0,-0.0,0.0,-1.0,-1.0
0.02,2.4,2.5,3.14,0.026,0.002,-0.168,0.0,-1.0,-1.0
0.04,2.401,2.5,3.135,0.051,0.004,-0.337,0.0,-1.0,-1.0
0.06,2.402,2.5,3.127,0.077,0.005,-0.505,0.0,-1.0,-1.0
0.08,2.404,2.5,3.115,0.105,0.007,-0.669,0.0,-1.0,-1.0
0.1,2.407,2.5,3.1,0.138,0.008,-0.829,0.0,-1.0,-1.0
0.12,2.41,2.501,3.082,0.169,0.009,-0.992,0.0,-1.0,-1.0
0.14,2.414,2.501,3.061,0.199,0.011,-1.156,0.0,-1.0,-1.0
0.16,2.418,2.501,3.036,0.232,0.011,-1.315,0.0,-1.0,-1.0
0.18,2.423,2.501,3.009,0.272,0.011,-1.463,0.0,-1.0,-1.0
0.2,2.429,2.501,2.978,0.317,0.008,-1.604,0.0,-1.0,-1.0
0.22,2.436,2.501,2.945,0.359,0.006,-1.755,0.0,-1.0,-1.0
0.24,2.444,2.502,2.909,0.401,0.004,-1.902,0.0,-1.0,-1.0
0.26,2.453,2.502,2.87,0.451,0.002,-2.033,0.0,-1.0,-1.0
0.28,2.462,2.502,2.828,0.513,-0.002,-2.137,0.0,-1.0,-1.0
0.3,2.473,2.501,2.785,0.577,-0.007,-2.238,0.0,-1.0,-1.0
0.32,2.486,2.501,2.739,0.64,-0.012,-2.346,0.0,-1.0,-1.0
0.34,2.499,2.501,2.692,0.705,-0.017,-2.444,0.0,-1.0,-1.0
0.36,2.514,2.501,2.643,0.777,-0.019,-2.518,0.0,-1.0,-1.0
0.38,2.531,2.5,2.592,0.858,-0.02,-2.561,0.0,-1.0,-1.0
0.4,2.549,2.5,2.541,0.94,-0.019,-2.611,0.0,-1.0,-1.0
0.42,2.568,2.5,2.489,1.023,-0.019,-2.661,0.0,-1.0,-1.0
0.44,2.59,2.499,2.436,1.106,-0.019,-2.697,0.0,-1.0,-1.0
0.46,2.613,2.499,2.382,1.19,-0.019,-2.704,0.0,-1.0,-1.0
0.48,2.637,2.498,2.328,1.277,-0.021,-2.697,0.0,-1.0,-1.0
0.5,2.664,2.498,2.275,1.367,-0.024,-2.699,0.0,-1.0,-1.0
0.52,2.692,2.498,2.221,1.456,-0.026,-2.696,0.0,-1.0,-1.0
0.54,2.721,2.497,2.168,1.539,-0.026,-2.67,0.0,-1.0,-1.0
0.56,2.753,2.497,2.116,1.614,-0.022,-2.61,0.0,-1.0,-1.0
0.58,2.786,2.496,2.064,1.694,-0.018,-2.556,0.0,-1.0,-1.0
0.6,2.82,2.496,2.014,1.776,-0.014,-2.506,0.0,-1.0,-1.0
0.62,2.856,2.496,1.966,1.851,-0.01,-2.441,0.0,-1.0,-1.0
0.64,2.893,2.496,1.919,1.911,-0.005,-2.34,0.0,-1.0,-1.0
0.66,2.932,2.496,1.873,1.954,0.002,-2.199,0.0,-1.0,-1.0
0.68,2.972,2.496,1.831,2.0,0.01,-2.061,0.0,-1.0,-1.0
0.7,3.012,2.496,1.791,2.046,0.017,-1.922,0.0,-1.0,-1.0
0.72,3.053,2.496,1.755,2.085,0.023,-1.775,0.0,-1.0,-1.0
0.74,3.095,2.497,1.721,2.114,0.024,-1.612,0.0,-1.0,-1.0
0.76,3.137,2.497,1.69,2.137,0.024,-1.442,0.0,-1.0,-1.0
0.78,3.18,2.498,1.663,2.162,0.023,-1.273,0.0,-1.0,-1.0
0.8,3.224,2.498,1.64,2.185,0.023,-1.102,0.0,-1.0,-1.0
0.82,3.267,2.498,1.619,2.205,0.021,-0.929,0.0,-1.0,-1.0
0.84,3.312,2.499,1.603,2.218,0.019,-0.746,0.0,-1.0,-1.0
0.86,3.356,2.499,1.589,2.213,0.017,-0.521,0.0,-1.0,-1.0
0.88,3.401,2.499,1.58,2.206,0.015,-0.291,0.0,-1.0,-1.0
0.9,3.446,2.5,1.573,2.217,0.013,-0.105,0.0,-1.0,-1.0
0.92,3.492,2.5,1.571,2.266,0.01,-0.012,0.0,-1.0,-1.0
0.94,3.538,2.5,1.571,2.359,0.006,-0.005,0.0,-1.0,-1.0
0.96,3.586,2.5,1.571,2.466,0.0,-0.0,0.0,-1.0,-1.0
0.98,3.635,2.5,1.571,2.573,-0.005,0.005,0.0,-1.0,-1.0
1.0,3.686,2.5,1.571,2.664,-0.009,0.008,0.0,-1.0,-1.0
1.02,3.739,2.5,1.571,2.727,-0.01,0.009,0.0,-1.0,-1.0
1.04,3.794,2.5,1.571,2.751,-0.008,0.007,0.0,-1.0,-1.0
1.06,3.849,2.5,1.571,2.77,-0.002,0.002,0.0,-1.0,-1.0
1.08,3.905,2.5,1.571,2.791,0.003,-0.003,0.0,-1.0,-1.0
1.1,3.96,2.5,1.571,2.81,0.008,-0.007,0.0,-1.0,-1.0
1.12,4.017,2.5,1.571,2.823,0.01,-0.009,0.0,-1.0,-1.0
1.14,4.073,2.5,1.571,2.827,0.009,-0.008,0.0,-1.0,-1.0
1.16,4.13,2.5,1.571,2.827,0.004,-0.004,0.0,-1.0,-1.0
1.18,4.186,2.5,1.571,2.827,-0.001,0.001,0.0,-1.0,-1.0
1.2,4.243,2.5,1.571,2.827,-0.006,0.006,0.0,-1.0,-1.0
1.22,4.299,2.5,1.571,2.827,-0.01,0.009,0.0,-1.0,-1.0
1.24,4.356,2.5,1.571,2.827,-0.01,0.009,0.0,-1.0,-1.0
1.26,4.412,2.5,1.571,2.827,-0.006,0.006,0.0,-1.0,-1.0
1.28,4.469,2.5,1.571,2.827,-0.001,0.001,0.0,-1.0,-1.0
1.3,4.525,2.5,1.571,2.827,0.005,-0.004,0.0,-1.0,-1.0
1.32,4.582,2.5,1.571,2.827,0.009,-0.008,0.0,-1.0,-1.0
1.34,4.638,2.5,1.571,2.827,0.01,-0.01,0.0,-1.0,-1.0
1.36,4.695,2.5,1.571,2.827,0.008,-0.007,0.0,-1.0,-1.0
1.38,4.751,2.5,1.571,2.827,0.003,-0.003,0.0,-1.0,-1.0
1.4,4.808,2.5,1.571,2.827,-0.003,0.002,0.0,-1.0,-1.0
1.42,4.864,2.5,1.571,2.827,-0.008,0.007,0.0,-1.0,-1.0
1.44,4.921,2.5,1.571,2.827,-0.01,0.009,0.0,-1.0,-1.0
1.46,4.978,2.5,1.571,2.827,-0.009,0.009,0.0,-1.0,-1.0
1.48,5.034,2.5,1.571,2.827,-0.005,0.005,0.0,-1.0,-1.0
1.5,5.091,2.5,1.571,2.827,0.001,-0.0,0.0,-1.0,-1.0
1.52,5.147,2.5,1.571,2.827,0.006,-0.005,0.0,-1.0,-1.0
1.54,5.204,2.5,1.571,2.827,0.01,-0.009,0.0,-1.0,-1.0
1.56,5.26,2.5,1.571,2.827,0.01,-0.009,0.0,-1.0,-1.0
1.58,5.317,2.5,1.571,2.827,0.007,-0.006,0.0,-1.0,-1.0
1.6,5.373,2.5,1.571,2.827,0.002,-0.001,0.0,-1.0,-1.0
1.62,5.43,2.5,1.571,2.827,-0.004,0.004,0.0,-1.0,-1.0
1.64,5.486,2.5,1.571,2.827,-0.009,0.008,0.0,-1.0,-1.0
1.66,5.543,2.5,1.571,2.827,-0.01,0.01,0.0,-1.0,-1.0
1.68,5.599,2.5,1.571,2.827,-0.009,0.008,0.0,-1.0,-1.0
1.7,5.656,2.5,1.571,2.827,-0.004,0.003,0.0,-1.0,-1.0
1.72,5.712,2.5,1.571,2.827,0.002,-0.002,0.0,-1.0,-1.0
1.74,5.769,2.5,1.571,2.827,0.007,-0.006,0.0,-1.0,-1.0
1.76,5.826,2.5,1.571,2.827,0.01,-0.009,0.0,-1.0,-1.0
1.78,5.882,2.5,1.571,2.827,0.01,-0.009,0.0,-1.0,-1.0
1.8,5.939,2.5,1.571,2.827,0.006,-0.005,0.0,-1.0,-1.0
1.82,5.995,2.5,1.571,2.827,0.0,-0.0,0.0,-1.0,-1.0
1.84,6.052,2.5,1.571,2.827,-0.005,0.005,0.0,-1.0,-1.0
1.86,6.108,2.5,1.571,2.827,-0.009,0.008,0.0,-1.0,-1.0
1.88,6.165,2.5,1.571,2.827,-0.01,0.009,0.0,-1.0,-1.0
1.9,6.221,2.5,1.571,2.828,-0.01,0.008,0.0,-1.0,-1.0
1.92,6.278,2.5,1.571,2.831,-0.026,0.008,0.0,-1.0,-1.0
1.94,6.334,2.5,1.571,2.836,-0.048,0.01,0.0,-1.0,-1.0
1.96,6.391,2.5,1.571,2.838,-0.059,0.01,0.0,-1.0,-1.0
1.98,6.447,2.5,1.571,2.836,-0.043,0.004,0.0,-1.0,-1.0
2.0,6.504,2.5,1.571,2.826,0.015,-0.01,0.0,-1.0,-1.0
2.02,6.56,2.501,1.57,2.814,0.103,-0.028,0.0,-1.0,-1.0
2.04,6.616,2.504,1.57,2.801,0.197,-0.045,0.0,-1.0,-1.0
2.06,6.672,2.508,1.569,2.789,0.291,-0.062,0.0,-1.0,-1.0
2.08,6.728,2.514,1.567,2.776,0.377,-0.08,0.0,-1.0,-1.0
2.1,6.783,2.522,1.565,2.762,0.449,-0.099,0.0,-1.0,-1.0
2.12,6.838,2.531,1.563,2.745,0.499,-0.121,0.0,-1.0,-1.0
2.14,6.893,2.541,1.56,2.728,0.542,-0.141,0.0,-1.0,-1.0
2.16,6.947,2.552,1.557,2.711,0.59,-0.158,0.0,-1.0,-1.0
2.179,7.001,2.564,1.554,2.693,0.638,-0.176,0.0,-1.0,-1.0
2.199,7.055,2.577,1.55,2.676,0.681,-0.196,0.0,-1.0,-1.0
2.219,7.108,2.59,1.545,2.659,0.712,-0.223,0.0,-1.0,-1.0
2.239,7.161,2.605,1.54,2.641,0.726,-0.258,0.0,-1.0,-1.0
2.259,7.214,2.619,1.535,2.625,0.733,-0.295,0.0,-1.0,-1.0
2.279,7.266,2.634,1.528,2.609,0.742,-0.33,0.0,-1.0,-1.0
2.299,7.318,2.649,1.521,2.594,0.751,-0.364,0.0,-1.0,-1.0
2.319,7.37,2.663,1.513,2.577,0.758,-0.402,0.0,-1.0,-1.0
2.339,7.421,2.678,1.504,2.559,0.761,-0.446,0.0,-1.0,-1.0
2.359,7.472,2.694,1.495,2.538,0.758,-0.499,0.0,-1.0,-1.0
2.379,7.523,2.709,1.484,2.517,0.751,-0.556,0.0,-1.0,-1.0
2.399,7.573,2.724,1.473,2.497,0.743,-0.612,0.0,-1.0,-1.0
2.419,7.622,2.738,1.46,2.476,0.736,-0.669,0.0,-1.0,-1.0
2.439,7.672,2.753,1.446,2.455,0.729,-0.726,0.0,-1.0,-1.0
2.459,7.72,2.768,1.431,2.432,0.723,-0.785,0.0,-1.0,-1.0
2.479,7.769,2.782,1.414,2.407,0.719,-0.847,0.0,-1.0,-1.0
2.499,7.817,2.797,1.397,2.388,0.718,-0.917,0.0,-1.0,-1.0
2.519,7.864,2.811,1.378,2.378,0.719,-0.994,0.0,-1.0,-1.0
2.539,7.911,2.825,1.358,2.367,0.72,-1.071,0.0,-1.0,-1.0
2.559,7.957,2.839,1.336,2.347,0.719,-1.14,0.0,-1.0,-1.0
2.579,8.003,2.853,1.314,2.309,0.714,-1.194,0.0,-1.0,-1.0
2.599,8.048,2.868,1.29,2.244,0.702,-1.225,0.0,-1.0,-1.0
2.619,8.092,2.881,1.265,2.163,0.688,-1.253,0.0,-1.0,-1.0
2.639,8.134,2.895,1.24,2.082,0.676,-1.29,0.0,-1.0,-1.0
2.659,8.175,2.908,1.215,2.001,0.663,-1.327,0.0,-1.0,-1.0
2.679,8.214,2.921,1.189,1.92,0.649,-1.353,0.0,-1.0,-1.0
2.699,8.252,2.934,1.163,1.84,0.633,-1.36,0.0,-1.0,-1.0
2.719,8.288,2.946,1.136,1.761,0.612,-1.336,0.0,-1.0,-1.0
2.739,8.322,2.958,1.11,1.682,0.591,-1.297,0.0,-1.0,-1.0
2.759,8.355,2.97,1.084,1.602,0.569,-1.26,0.0,-1.0,-1.0
2.779,8.387,2.981,1.06,1.522,0.548,-1.222,0.0,-1.0,-1.0
2.799,8.416,2.992,1.036,1.443,0.526,-1.183,0.0,-1.0,-1.0
2.819,8.444,3.002,1.013,1.365,0.503,-1.14,0.0,-1.0,-1.0
2.839,8.471,3.012,0.991,1.29,0.479,-1.09,0.0,-1.0,-1.0
2.859,8.496,3.021,0.969,1.215,0.455,-1.037,0.0,-1.0,-1.0
2.879,8.52,3.03,0.949,1.14,0.43,-0.986,0.0,-1.0,-1.0
2.899,8.542,3.038,0.93,1.065,0.406,-0.934,0.0,-1.0,-1.0
2.919,8.562,3.046,0.912,0.991,0.381,-0.882,0.0,-1.0,-1.0
2.939,8.581,3.054,0.895,0.917,0.356,-0.826,0.0,-1.0,-1.0
2.959,8.599,3.06,0.879,0.845,0.329,-0.767,0.0,-1.0,-1.0
2.979,8.615,3.067,0.864,0.774,0.302,-0.706,0.0,-1.0,-1.0
2.999,8.63,3.072,0.851,0.702,0.275,-0.646,0.0,-1.0,-1.0
3.019,8.643,3.078,0.839,0.631,0.248,-0.586,0.0,-1.0,-1.0
3.039,8.655,3.082,0.828,0.559,0.221,-0.525,0.0,-1.0,-1.0
3.059,8.666,3.086,0.818,0.489,0.193,-0.463,0.0,-1.0,-1.0
3.079,8.675,3.09,0.809,0.418,0.166,-0.398,0.0,-1.0,-1.0
3.099,8.683,3.093,0.802,0.349,0.138,-0.332,0.0,-1.0,-1.0
3.119,8.689,3.096,0.796,0.279,0.111,-0.265,0.0,-1.0,-1.0
3.139,8.694,3.098,0.791,0.209,0.083,-0.199,0.0,-1.0,-1.0
3.159,8.697,3.099,0.788,0.139,0.055,-0.133,0.0,-1.0,-1.0
3.179,8.699,3.1,0.786,0.07,0.028,-0.066,0.0,-1.0,-1.0
3.199,8.7,3.1,0.785,-0.0,-0.0,-0.0,0.0,-1.0,-1.0
