0.0,2.4,2.5,4.712,-0.0,-0.0,0.0,2.0,-1.0,-1.0
0.02,2.4,2.5,4.715,0.047,0.001,0.221,0.0,-1.0,-1.0
0.04,2.402,2.5,4.721,0.093,0.001,0.443,0.0,-1.0,-1.0
0.06,2.404,2.5,4.732,0.141,0.002,0.664,0.0,-1.0,-1.0
0.08,2.408,2.5,4.748,0.19,0.004,0.882,0.0,-1.0,-1.0
0.1,2.412,2.5,4.767,0.239,0.005,1.101,0.0,-1.0,-1.0
0.12,2.417,2.5,4.791,0.287,0.006,1.322,0.0,-1.0,-1.0
0.14,2.424,2.501,4.82,0.336,0.008,1.539,0.0,-1.0,-1.0
0.16,2.431,2.501,4.852,0.393,0.012,1.746,0.0,-1.0,-1.0
0.18,2.439,2.501,4.889,0.452,0.017,1.951,0.0,-1.0,-1.0
0.199,2.449,2.502,4.93,0.506,0.023,2.165,0.0,-1.0,-1.0
0.219,2.46,2.502,4.974,0.566,0.029,2.368,0.0,-1.0,-1.0
0.239,2.472,2.503,5.023,0.639,0.036,2.541,0.0,-1.0,-1.0
0.259,2.486,2.503,5.075,0.723,0.045,2.7,0.0,-1.0,-1.0
0.279,2.501,2.504,5.13,0.803,0.057,2.876,0.0,-1.0,-1.0
0.299,2.518,2.506,5.188,0.887,0.067,3.034,0.0,-1.0,-1.0
0.319,2.537,2.507,5.249,0.982,0.069,3.135,0.0,-1.0,-1.0
0.339,2.558,2.508,5.312,1.093,0.066,3.196,0.0,-1.0,-1.0
0.359,2.58,2.509,5.376,1.213,0.064,3.28,0.0,-1.0,-1.0
0.379,2.605,2.511,5.44,1.325,0.061,3.341,0.0,-1.0,-1.0
0.399,2.632,2.512,5.506,1.415,0.053,3.333,0.0,-1.0,-1.0
0.419,2.661,2.513,5.571,1.479,0.04,3.255,0.0,-1.0,-1.0
0.439,2.691,2.513,5.635,1.539,0.026,3.186,0.0,-1.0,-1.0
0.459,2.723,2.514,5.697,1.601,0.013,3.108,0.0,-1.0,-1.0
0.479,2.755,2.514,5.758,1.669,0.002,2.995,0.0,-1.0,-1.0
0.499,2.789,2.514,5.816,1.744,-0.008,2.841,0.0,-1.0,-1.0
0.519,2.825,2.514,5.871,1.819,-0.019,2.688,0.0,-1.0,-1.0
0.539,2.862,2.513,5.923,1.895,-0.029,2.533,0.0,-1.0,-1.0
0.559,2.901,2.513,5.972,1.97,-0.037,2.372,0.0,-1.0,-1.0
0.578,2.941,2.512,6.017,2.045,-0.042,2.205,0.0,-1.0,-1.0
0.598,2.982,2.511,6.059,2.122,-0.048,2.04,0.0,-1.0,-1.0
0.618,3.025,2.51,6.098,2.198,-0.054,1.874,0.0,-1.0,-1.0
0.638,3.07,2.509,6.134,2.271,-0.057,1.7,0.0,-1.0,-1.0
0.658,3.116,2.508,6.166,2.34,-0.057,1.517,0.0,-1.0,-1.0
0.678,3.163,2.507,6.194,2.413,-0.057,1.339,0.0,-1.0,-1.0
0.698,3.212,2.505,6.219,2.484,-0.057,1.158,0.0,-1.0,-1.0
0.718,3.262,2.504,6.24,2.547,-0.056,0.964,0.0,-1.0,-1.0
0.738,3.313,2.503,6.257,2.603,-0.054,0.738,0.0,-1.0,-1.0
0.758,3.365,2.502,6.27,2.666,-0.056,0.459,0.0,-1.0,-1.0
0.778,3.419,2.501,6.278,2.726,-0.056,0.197,0.0,-1.0,-1.0
0.798,3.473,2.5,6.283,2.769,-0.049,0.029,0.0,-1.0,-1.0
0.818,3.529,2.5,6.283,2.784,-0.03,0.004,0.0,-1.0,-1.0
0.838,3.584,2.499,6.283,2.799,-0.001,0.0,0.0,-1.0,-1.0
0.858,3.64,2.499,6.283,2.813,0.028,-0.003,0.0,-1.0,-1.0
0.878,3.696,2.499,6.283,2.824,0.046,-0.005,0.0,-1.0,-1.0
0.898,3.752,2.5,6.283,2.828,0.042,-0.005,0.0,-1.0,-1.0
0.918,3.809,2.501,6.283,2.828,0.016,-0.002,0.0,-1.0,-1.0
0.938,3.865,2.501,6.283,2.828,-0.014,0.002,0.0,-1.0,-1.0
0.957,3.922,2.501,6.283,2.828,-0.039,0.005,0.0,-1.0,-1.0
0.977,3.978,2.5,6.283,2.828,-0.047,0.006,0.0,-1.0,-1.0
0.997,4.034,2.5,6.283,2.828,-0.03,0.004,0.0,-1.0,-1.0
1.017,4.091,2.499,6.283,2.828,-0.001,0.0,0.0,-1.0,-1.0
1.037,4.147,2.499,6.283,2.828,0.028,-0.003,0.0,-1.0,-1.0
1.057,4.204,2.499,6.283,2.828,0.046,-0.005,0.0,-1.0,-1.0
1.077,4.26,2.5,6.283,2.828,0.042,-0.005,0.0,-1.0,-1.0
1.097,4.317,2.501,6.283,2.828,0.016,-0.002,0.0,-1.0,-1.0
1.117,4.373,2.501,6.283,2.828,-0.014,0.002,0.0,-1.0,-1.0
1.137,4.429,2.501,6.283,2.828,-0.039,0.005,0.0,-1.0,-1.0
1.157,4.486,2.5,6.283,2.828,-0.047,0.006,0.0,-1.0,-1.0
1.177,4.542,2.5,6.283,2.828,-0.03,0.004,0.0,-1.0,-1.0
1.197,4.599,2.499,6.283,2.828,-0.001,0.0,0.0,-1.0,-1.0
1.217,4.655,2.499,6.283,2.828,0.028,-0.003,0.0,-1.0,-1.0
1.237,4.711,2.499,6.283,2.828,0.046,-0.005,0.0,-1.0,-1.0
1.257,4.768,2.5,6.283,2.828,0.042,-0.005,0.0,-1.0,-1.0
1.277,4.824,2.501,6.283,2.828,0.016,-0.002,0.0,-1.0,-1.0
1.297,4.881,2.501,6.283,2.828,-0.015,0.002,0.0,-1.0,-1.0
1.317,4.937,2.501,6.283,2.828,-0.039,0.005,0.0,-1.0,-1.0
1.336,4.993,2.5,6.283,2.828,-0.047,0.006,0.0,-1.0,-1.0
1.356,5.05,2.5,6.283,2.828,-0.03,0.004,0.0,-1.0,-1.0
1.376,5.106,2.499,6.283,2.828,-0.001,0.0,0.0,-1.0,-1.0
1.396,5.163,2.499,6.283,2.828,0.028,-0.003,0.0,-1.0,-1.0
1.416,5.219,2.499,6.283,2.828,0.046,-0.005,0.0,-1.0,-1.0
1.436,5.276,2.5,6.283,2.828,0.041,-0.005,0.0,-1.0,-1.0
1.456,5.332,2.501,6.283,2.831,0.016,-0.002,0.0,-1.0,-1.0
1.476,5.388,2.501,6.283,2.837,-0.015,0.002,0.0,-1.0,-1.0
1.496,5.445,2.501,6.283,2.84,-0.039,0.005,0.0,-1.0,-1.0
1.516,5.501,2.5,6.283,2.835,-0.047,0.006,0.0,-1.0,-1.0
1.536,5.558,2.5,6.283,2.824,-0.03,0.004,0.0,-1.0,-1.0
1.556,5.614,2.499,6.283,2.833,-0.001,0.0,0.0,-1.0,-1.0
1.576,5.669,2.499,6.283,2.842,0.028,-0.003,0.0,-1.0,-1.0
1.596,5.724,2.499,6.283,2.821,0.046,-0.005,0.0,-1.0,-1.0
1.616,5.779,2.5,6.283,2.74,0.041,-0.005,0.0,-1.0,-1.0
1.636,5.833,2.501,6.283,2.604,0.039,-0.016,0.0,-1.0,-1.0
1.656,5.884,2.501,6.283,2.456,0.049,-0.036,0.0,-1.0,-1.0
1.676,5.933,2.501,6.283,2.322,0.045,-0.046,0.0,-1.0,-1.0
1.696,5.979,2.5,6.283,2.232,0.0,-0.023,0.0,-1.0,-1.0
1.716,6.023,2.499,6.283,2.2,-0.1,0.044,3.0,-1.0,-1.0
1.735,6.067,2.496,6.285,2.177,-0.209,0.116,0.0,-1.0,-1.0
1.755,6.11,2.491,6.288,2.153,-0.318,0.19,0.0,-1.0,-1.0
1.775,6.153,2.484,6.293,2.129,-0.425,0.267,0.0,-1.0,-1.0
1.795,6.195,2.474,6.299,2.104,-0.533,0.343,0.0,-1.0,-1.0
1.815,6.237,2.462,6.307,2.078,-0.638,0.426,0.0,-1.0,-1.0
1.835,6.278,2.449,6.316,2.052,-0.743,0.511,0.0,-1.0,-1.0
1.855,6.319,2.433,6.327,2.025,-0.848,0.596,0.0,-1.0,-1.0
1.875,6.359,2.415,6.34,1.994,-0.946,0.695,0.0,-1.0,-1.0
1.895,6.398,2.395,6.355,1.966,-1.049,0.794,0.0,-1.0,-1.0
1.915,6.437,2.373,6.372,1.933,-1.145,0.898,0.0,-1.0,-1.0
1.935,6.475,2.35,6.391,1.89,-1.221,1.024,0.0,-1.0,-1.0
1.955,6.512,2.325,6.413,1.847,-1.305,1.147,0.0,-1.0,-1.0
1.975,6.549,2.299,6.437,1.797,-1.367,1.282,0.0,-1.0,-1.0
1.995,6.584,2.271,6.465,1.729,-1.396,1.441,0.0,-1.0,-1.0
2.015,6.618,2.243,6.495,1.654,-1.431,1.603,0.0,-1.0,-1.0
2.035,6.65,2.215,6.528,1.6,-1.425,1.762,0.0,-1.0,-1.0
2.055,6.682,2.187,6.565,1.565,-1.378,1.927,0.0,-1.0,-1.0
2.075,6.713,2.16,6.605,1.53,-1.331,2.094,0.0,-1.0,-1.0
2.095,6.744,2.135,6.648,1.519,-1.253,2.226,0.0,-1.0,-1.0
2.114,6.774,2.111,6.693,1.521,-1.16,2.351,0.0,-1.0,-1.0
2.134,6.804,2.089,6.741,1.524,-1.063,2.468,0.0,-1.0,-1.0
2.154,6.835,2.069,6.791,1.539,-0.956,2.542,0.0,-1.0,-1.0
2.174,6.866,2.051,6.842,1.558,-0.845,2.61,0.0,-1.0,-1.0
2.194,6.897,2.035,6.895,1.577,-0.733,2.669,0.0,-1.0,-1.0
2.214,6.929,2.021,6.948,1.599,-0.617,2.709,0.0,-1.0,-1.0
2.234,6.961,2.01,7.003,1.623,-0.502,2.757,0.0,-1.0,-1.0
2.254,6.993,2.001,7.057,1.643,-0.385,2.777,0.0,-1.0,-1.0
2.274,7.026,1.995,7.113,1.658,-0.265,2.759,0.0,-1.0,-1.0
2.294,7.059,1.991,7.167,1.677,-0.144,2.748,0.0,-1.0,-1.0
2.314,7.093,1.989,7.222,1.696,-0.024,2.739,0.0,-1.0,-1.0
2.334,7.127,1.99,7.275,1.712,0.096,2.722,0.0,-1.0,-1.0
2.354,7.161,1.993,7.329,1.721,0.214,2.69,0.0,-1.0,-1.0
2.374,7.195,1.998,7.382,1.72,0.328,2.636,0.0,-1.0,-1.0
2.394,7.229,2.006,7.434,1.714,0.442,2.579,0.0,-1.0,-1.0
2.414,7.263,2.016,7.484,1.709,0.56,2.53,0.0,-1.0,-1.0
2.434,7.297,2.028,7.533,1.703,0.676,2.48,0.0,-1.0,-1.0
2.454,7.331,2.042,7.581,1.697,0.79,2.417,0.0,-1.0,-1.0
2.474,7.365,2.059,7.628,1.689,0.896,2.334,0.0,-1.0,-1.0
2.493,7.398,2.077,7.673,1.679,0.993,2.221,0.0,-1.0,-1.0
2.513,7.432,2.098,7.716,1.669,1.09,2.104,0.0,-1.0,-1.0
2.533,7.465,2.121,7.757,1.659,1.187,1.99,0.0,-1.0,-1.0
2.553,7.498,2.145,7.795,1.649,1.284,1.874,0.0,-1.0,-1.0
2.573,7.53,2.172,7.831,1.638,1.378,1.752,0.0,-1.0,-1.0
2.593,7.563,2.2,7.865,1.626,1.47,1.622,0.0,-1.0,-1.0
2.613,7.595,2.23,7.895,1.614,1.559,1.479,0.0,-1.0,-1.0
2.633,7.627,2.262,7.924,1.607,1.649,1.328,0.0,-1.0,-1.0
2.653,7.659,2.296,7.949,1.602,1.741,1.176,0.0,-1.0,-1.0
2.673,7.691,2.332,7.971,1.593,1.83,1.027,0.0,-1.0,-1.0
2.693,7.722,2.369,7.991,1.577,1.917,0.889,0.0,-1.0,-1.0
2.713,7.753,2.408,8.008,1.549,1.998,0.766,0.0,-1.0,-1.0
2.733,7.783,2.448,8.022,1.515,2.079,0.643,0.0,-1.0,-1.0
2.753,7.813,2.49,8.034,1.485,2.17,0.501,0.0,-1.0,-1.0
2.773,7.842,2.534,8.044,1.455,2.26,0.358,0.0,-1.0,-1.0
2.793,7.87,2.579,8.051,1.421,2.342,0.234,0.0,-1.0,-1.0
2.813,7.898,2.626,8.057,1.377,2.408,0.148,0.0,-1.0,-1.0
2.833,7.925,2.674,8.06,1.32,2.449,0.119,0.0,-1.0,-1.0
2.853,7.95,2.723,8.062,1.263,2.487,0.097,0.0,-1.0,-1.0
2.872,7.975,2.773,8.064,1.211,2.531,0.061,0.0,-1.0,-1.0
2.892,7.998,2.823,8.067,1.157,2.573,0.029,0.0,-1.0,-1.0
2.912,8.02,2.874,8.069,1.096,2.605,0.02,0.0,-1.0,-1.0
2.932,8.041,2.926,8.071,1.02,2.621,0.053,0.0,-1.0,-1.0
2.952,8.06,2.978,8.073,0.928,2.614,0.139,0.0,-1.0,-1.0
2.972,8.078,3.03,8.077,0.83,2.609,0.231,0.0,-1.0,-1.0
2.992,8.093,3.082,8.082,0.732,2.605,0.321,0.0,-1.0,-1.0
3.012,8.107,3.134,8.09,0.635,2.6,0.414,0.0,-1.0,-1.0
3.032,8.119,3.185,8.099,0.539,2.587,0.512,0.0,-1.0,-1.0
3.052,8.129,3.236,8.111,0.445,2.563,0.619,0.0,-1.0,-1.0
3.072,8.137,3.287,8.124,0.353,2.529,0.738,0.0,-1.0,-1.0
3.092,8.143,3.337,8.14,0.263,2.496,0.862,0.0,-1.0,-1.0
3.112,8.147,3.386,8.159,0.173,2.464,0.988,0.0,-1.0,-1.0
3.132,8.15,3.435,8.179,0.082,2.43,1.109,0.0,-1.0,-1.0
3.152,8.15,3.483,8.202,-0.01,2.393,1.223,0.0,-1.0,-1.0
3.172,8.149,3.53,8.227,-0.104,2.349,1.324,0.0,-1.0,-1.0
3.192,8.146,3.576,8.254,-0.198,2.303,1.422,0.0,-1.0,-1.0
3.212,8.141,3.622,8.284,-0.293,2.261,1.526,0.0,-1.0,-1.0
3.232,8.134,3.666,8.315,-0.387,2.218,1.63,0.0,-1.0,-1.0
3.251,8.126,3.71,8.348,-0.482,2.171,1.727,0.0,-1.0,-1.0
3.271,8.115,3.752,8.382,-0.577,2.119,1.809,0.0,-1.0,-1.0
3.291,8.103,3.794,8.419,-0.673,2.059,1.87,0.0,-1.0,-1.0
3.311,8.088,3.834,8.457,-0.77,1.997,1.933,0.0,-1.0,-1.0
3.331,8.072,3.873,8.496,-0.868,1.938,2.003,0.0,-1.0,-1.0
3.351,8.054,3.911,8.535,-0.965,1.878,2.069,0.0,-1.0,-1.0
3.371,8.033,3.948,8.576,-1.062,1.814,2.123,0.0,-1.0,-1.0
3.391,8.011,3.983,8.619,-1.156,1.745,2.156,0.0,-1.0,-1.0
3.411,7.987,4.017,8.662,-1.249,1.669,2.165,0.0,-1.0,-1.0
3.431,7.962,4.05,8.705,-1.345,1.595,2.175,0.0,-1.0,-1.0
3.451,7.934,4.081,8.748,-1.441,1.521,2.185,0.0,-1.0,-1.0
3.471,7.905,4.11,8.791,-1.532,1.442,2.186,0.0,-1.0,-1.0
3.491,7.873,4.138,8.835,-1.614,1.355,2.173,0.0,-1.0,-1.0
3.511,7.84,4.164,8.878,-1.693,1.264,2.157,0.0,-1.0,-1.0
3.531,7.806,4.188,8.92,-1.775,1.174,2.146,0.0,-1.0,-1.0
3.551,7.77,4.211,8.963,-1.853,1.083,2.128,0.0,-1.0,-1.0
3.571,7.732,4.231,9.004,-1.923,0.989,2.093,0.0,-1.0,-1.0
3.591,7.693,4.25,9.046,-1.986,0.89,2.041,0.0,-1.0,-1.0
3.611,7.653,4.267,9.086,-2.054,0.788,1.991,0.0,-1.0,-1.0
3.63,7.612,4.282,9.125,-2.12,0.687,1.941,0.0,-1.0,-1.0
3.65,7.569,4.295,9.163,-2.177,0.592,1.883,0.0,-1.0,-1.0
3.67,7.525,4.306,9.2,-2.218,0.506,1.813,0.0,-1.0,-1.0
3.69,7.481,4.315,9.235,-2.257,0.419,1.735,0.0,-1.0,-1.0
3.71,7.436,4.323,9.269,-2.298,0.331,1.656,0.0,-1.0,-1.0
3.73,7.39,4.329,9.301,-2.334,0.248,1.582,0.0,-1.0,-1.0
3.75,7.343,4.333,9.333,-2.361,0.176,1.519,0.0,-1.0,-1.0
3.77,7.296,4.336,9.362,-2.383,0.112,1.459,0.0,-1.0,-1.0
3.79,7.248,4.338,9.391,-2.408,0.047,1.392,0.0,-1.0,-1.0
3.81,7.2,4.338,9.419,-2.43,-0.017,1.33,0.0,-1.0,-1.0
3.83,7.151,4.337,9.445,-2.443,-0.079,1.288,0.0,-1.0,-1.0
3.85,7.103,4.335,9.471,-2.445,-0.135,1.271,0.0,-1.0,-1.0
3.87,7.054,4.332,9.496,-2.45,-0.191,1.247,0.0,-1.0,-1.0
3.89,7.005,4.327,9.521,-2.455,-0.246,1.223,0.0,-1.0,-1.0
3.91,6.957,4.322,9.546,-2.453,-0.302,1.215,0.0,-1.0,-1.0
3.93,6.908,4.315,9.571,-2.435,-0.36,1.24,0.0,-1.0,-1.0
3.95,6.86,4.307,9.596,-2.414,-0.418,1.274,0.0,-1.0,-1.0
3.97,6.812,4.298,9.622,-2.396,-0.475,1.304,0.0,-1.0,-1.0
3.99,6.765,4.288,9.649,-2.373,-0.533,1.341,0.0,-1.0,-1.0
4.009,6.718,4.277,9.677,-2.338,-0.593,1.399,0.0,-1.0,-1.0
4.029,6.672,4.265,9.705,-2.292,-0.655,1.48,0.0,-1.0,-1.0
4.049,6.627,4.251,9.736,-2.249,-0.715,1.559,0.0,-1.0,-1.0
4.069,6.582,4.236,9.768,-2.205,-0.776,1.64,0.0,-1.0,-1.0
4.089,6.539,4.22,9.802,-2.152,-0.84,1.725,0.0,-1.0,-1.0
4.109,6.497,4.202,9.837,-2.083,-0.907,1.818,0.0,-1.0,-1.0
4.129,6.456,4.184,9.874,-2.013,-0.977,1.919,0.0,-1.0,-1.0
4.149,6.417,4.164,9.913,-1.944,-1.046,2.02,0.0,-1.0,-1.0
4.169,6.379,4.142,9.954,-1.871,-1.115,2.117,0.0,-1.0,-1.0
4.189,6.343,4.119,9.997,-1.788,-1.181,2.201,0.0,-1.0,-1.0
4.209,6.308,4.095,10.042,-1.699,-1.243,2.289,0.0,-1.0,-1.0
4.229,6.275,4.069,10.088,-1.609,-1.302,2.393,0.0,-1.0,-1.0
4.249,6.244,4.043,10.135,-1.519,-1.363,2.484,0.0,-1.0,-1.0
4.269,6.214,4.015,10.185,-1.429,-1.43,2.535,0.0,-1.0,-1.0
4.289,6.187,3.985,10.235,-1.338,-1.506,2.527,0.0,-1.0,-1.0
4.309,6.161,3.955,10.285,-1.247,-1.585,2.512,0.0,-1.0,-1.0
4.329,6.137,3.922,10.335,-1.154,-1.658,2.485,0.0,-1.0,-1.0
4.349,6.115,3.889,10.384,-1.059,-1.729,2.455,0.0,-1.0,-1.0
4.369,6.095,3.853,10.433,-0.964,-1.797,2.418,0.0,-1.0,-1.0
4.388,6.076,3.817,10.48,-0.867,-1.859,2.364,0.0,-1.0,-1.0
4.408,6.06,3.779,10.527,-0.771,-1.921,2.31,0.0,-1.0,-1.0
4.428,6.046,3.74,10.572,-0.678,-1.978,2.235,0.0,-1.0,-1.0
4.448,6.033,3.7,10.616,-0.584,-2.035,2.159,0.0,-1.0,-1.0
4.468,6.022,3.659,10.658,-0.496,-2.089,2.069,0.0,-1.0,-1.0
4.488,6.013,3.617,10.698,-0.411,-2.141,1.97,0.0,-1.0,-1.0
4.508,6.006,3.574,10.736,-0.329,-2.192,1.866,0.0,-1.0,-1.0
4.528,6.0,3.53,10.772,-0.257,-2.241,1.751,0.0,-1.0,-1.0
4.548,5.995,3.485,10.806,-0.185,-2.29,1.634,0.0,-1.0,-1.0
4.568,5.992,3.438,10.837,-0.127,-2.338,1.509,0.0,-1.0,-1.0
4.588,5.99,3.391,10.866,-0.069,-2.39,1.384,0.0,-1.0,-1.0
4.608,5.989,3.343,10.893,-0.022,-2.431,1.252,0.0,-1.0,-1.0
4.628,5.989,3.294,10.916,0.019,-2.471,1.118,0.0,-1.0,-1.0
4.648,5.99,3.245,10.937,0.056,-2.499,0.979,0.0,-1.0,-1.0
4.668,5.991,3.195,10.955,0.079,-2.49,0.827,0.0,-1.0,-1.0
4.688,5.993,3.146,10.97,0.101,-2.48,0.675,0.0,-1.0,-1.0
4.708,5.995,3.097,10.982,0.115,-2.437,0.507,0.0,-1.0,-1.0
4.728,5.997,3.049,10.99,0.139,-2.392,0.3,0.0,-1.0,-1.0
4.748,6.0,3.002,10.995,0.133,-2.319,0.169,0.0,-1.0,-1.0
4.768,6.002,2.957,10.998,0.09,-2.209,0.134,0.0,-1.0,-1.0
4.787,6.003,2.914,11.001,0.046,-2.099,0.101,0.0,-1.0,-1.0
4.807,6.004,2.873,11.003,-0.001,-1.99,0.073,0.0,-1.0,-1.0
4.827,6.003,2.835,11.004,-0.049,-1.881,0.045,0.0,-1.0,-1.0
4.847,6.002,2.798,11.004,-0.1,-1.774,0.025,0.0,-1.0,-1.0
4.867,5.999,2.764,11.005,-0.152,-1.666,0.004,0.0,-1.0,-1.0
4.887,5.996,2.732,11.005,-0.207,-1.559,-0.01,0.0,-1.0,-1.0
4.907,5.991,2.702,11.004,-0.263,-1.453,-0.023,0.0,-1.0,-1.0
4.927,5.985,2.674,11.004,-0.32,-1.347,-0.032,0.0,-1.0,-1.0
4.947,5.978,2.648,11.003,-0.378,-1.242,-0.039,0.0,-1.0,-1.0
4.967,5.97,2.624,11.002,-0.437,-1.137,-0.043,0.0,-1.0,-1.0
4.987,5.961,2.603,11.002,-0.497,-1.032,-0.045,0.0,-1.0,-1.0
5.007,5.95,2.583,11.001,-0.557,-0.928,-0.046,0.0,-1.0,-1.0
5.027,5.939,2.566,11.0,-0.618,-0.824,-0.045,0.0,-1.0,-1.0
5.047,5.926,2.55,10.999,-0.679,-0.72,-0.043,0.0,-1.0,-1.0
5.067,5.911,2.537,10.998,-0.741,-0.617,-0.039,0.0,-1.0,-1.0
5.087,5.896,2.526,10.997,-0.803,-0.514,-0.034,0.0,-1.0,-1.0
5.107,5.879,2.516,10.997,-0.866,-0.411,-0.029,0.0,-1.0,-1.0
5.127,5.861,2.509,10.996,-0.929,-0.308,-0.022,0.0,-1.0,-1.0
5.147,5.842,2.504,10.996,-0.991,-0.204,-0.015,0.0,-1.0,-1.0
5.166,5.822,2.501,10.996,-1.038,-0.073,-0.005,0.0,-1.0,-1.0
5.186,5.8,2.5,10.996,-1.118,-0.0,-0.0,0.0,-1.0,-1.0
5.206,5.777,2.5,10.996,-1.238,-0.0,0.0,0.0,-1.0,-1.0
5.226,5.751,2.5,10.996,-1.359,-0.0,0.0,0.0,-1.0,-1.0
5.246,5.723,2.5,10.996,-1.479,0.0,-0.0,0.0,-1.0,-1.0
5.266,5.692,2.5,10.996,-1.6,0.0,-0.0,0.0,-1.0,-1.0
5.286,5.659,2.5,10.996,-1.72,0.0,-0.0,0.0,-1.0,-1.0
5.306,5.623,2.5,10.996,-1.841,0.0,-0.0,0.0,-1.0,-1.0
5.326,5.585,2.5,10.996,-1.963,0.0,-0.0,0.0,-1.0,-1.0
5.346,5.545,2.5,10.996,-2.105,0.0,-0.0,0.0,-1.0,-1.0
5.366,5.502,2.5,10.996,-2.258,0.0,-0.0,0.0,-1.0,-1.0
5.386,5.457,2.5,10.996,-2.409,-0.0,0.0,0.0,-1.0,-1.0
5.406,5.41,2.5,10.996,-2.543,-0.0,0.0,0.0,-1.0,-1.0
5.426,5.36,2.5,10.996,-2.646,-0.0,0.0,0.0,-1.0,-1.0
5.446,5.307,2.5,10.996,-2.704,-0.0,0.0,0.0,-1.0,-1.0
5.466,5.253,2.5,10.996,-2.725,-0.0,0.0,0.0,-1.0,-1.0
5.486,5.199,2.5,10.996,-2.748,-0.0,0.0,0.0,-1.0,-1.0
5.506,5.144,2.5,10.996,-2.772,0.0,-0.0,0.0,-1.0,-1.0
5.526,5.089,2.5,10.996,-2.795,0.0,-0.0,0.0,-1.0,-1.0
5.545,5.033,2.5,10.996,-2.814,0.0,-0.0,0.0,-1.0,-1.0
5.565,4.977,2.5,10.996,-2.826,0.0,-0.0,0.0,-1.0,-1.0
5.585,4.921,2.5,10.996,-2.83,0.0,-0.0,0.0,-1.0,-1.0
5.605,4.864,2.5,10.996,-2.829,0.0,-0.0,0.0,-1.0,-1.0
5.625,4.808,2.5,10.996,-2.829,0.0,-0.0,0.0,-1.0,-1.0
5.645,4.751,2.5,10.996,-2.829,-0.0,0.0,0.0,-1.0,-1.0
5.665,4.695,2.5,10.996,-2.829,-0.0,0.0,0.0,-1.0,-1.0
5.685,4.638,2.5,10.996,-2.829,-0.0,0.0,0.0,-1.0,-1.0
5.705,4.582,2.5,10.996,-2.829,-0.0,0.0,0.0,-1.0,-1.0
5.725,4.526,2.5,10.996,-2.829,-0.0,0.0,0.0,-1.0,-1.0
5.745,4.469,2.5,10.996,-2.829,-0.0,0.0,0.0,-1.0,-1.0
5.765,4.413,2.5,10.996,-2.829,0.0,-0.0,0.0,-1.0,-1.0
5.785,4.356,2.5,10.996,-2.83,0.0,-0.0,0.0,-1.0,-1.0
5.805,4.3,2.5,10.996,-2.83,0.0,-0.0,0.0,-1.0,-1.0
5.825,4.243,2.5,10.996,-2.83,0.0,-0.0,0.0,-1.0,-1.0
5.845,4.187,2.5,10.996,-2.83,0.0,-0.0,0.0,-1.0,-1.0
5.865,4.131,2.5,10.996,-2.838,0.0,-0.0,0.0,-1.0,-1.0
5.885,4.074,2.5,10.996,-2.858,0.0,-0.0,0.0,-1.0,-1.0
5.905,4.018,2.5,10.996,-2.879,-0.0,0.0,0.0,-1.0,-1.0
5.924,3.961,2.5,10.996,-2.894,-0.0,0.0,0.0,-1.0,-1.0
5.944,3.905,2.5,10.996,-2.891,-0.0,0.0,0.0,-1.0,-1.0
5.964,3.848,2.5,10.996,-2.863,-0.0,0.0,0.0,-1.0,-1.0
5.984,3.792,2.5,10.996,-2.804,-0.0,0.0,0.0,-1.0,-1.0
6.004,3.737,2.5,10.996,-2.748,-0.0,0.0,0.0,-1.0,-1.0
6.024,3.683,2.5,10.996,-2.697,-0.0,0.0,0.0,-1.0,-1.0
6.044,3.63,2.5,10.996,-2.646,0.0,-0.0,0.0,-1.0,-1.0
6.064,3.579,2.5,10.996,-2.585,0.0,-0.0,0.0,-1.0,-1.0
6.084,3.529,2.5,10.996,-2.509,0.0,-0.0,0.0,-1.0,-1.0
6.104,3.481,2.5,10.996,-2.409,0.0,-0.0,0.0,-1.0,-1.0
6.124,3.434,2.5,10.996,-2.289,0.0,-0.0,0.0,-1.0,-1.0
6.144,3.389,2.5,10.996,-2.169,0.0,-0.0,0.0,-1.0,-1.0
6.164,3.347,2.5,10.996,-2.048,-0.0,-0.0,0.0,-1.0,-1.0
6.184,3.308,2.5,10.996,-1.928,-0.0,0.0,0.0,-1.0,-1.0
6.204,3.27,2.5,10.996,-1.807,-0.0,0.0,0.0,-1.0,-1.0
6.224,3.236,2.5,10.996,-1.687,-0.0,0.0,0.0,-1.0,-1.0
6.244,3.203,2.5,10.996,-1.567,-0.0,0.0,0.0,-1.0,-1.0
6.264,3.173,2.5,10.996,-1.446,-0.0,0.0,0.0,-1.0,-1.0
6.284,3.145,2.5,10.996,-1.326,-0.0,0.0,0.0,-1.0,-1.0
6.303,3.12,2.5,10.996,-1.205,0.0,0.0,0.0,-1.0,-1.0
6.323,3.097,2.5,10.996,-1.085,0.0,-0.0,0.0,-1.0,-1.0
6.343,3.077,2.5,10.996,-0.964,0.0,-0.0,0.0,-1.0,-1.0
6.363,3.059,2.5,10.996,-0.844,0.0,-0.0,0.0,-1.0,-1.0
6.383,3.043,2.5,10.996,-0.723,0.0,-0.0,0.0,-1.0,-1.0
6.403,3.03,2.5,10.996,-0.603,0.0,-0.0,0.0,-1.0,-1.0
6.423,3.019,2.5,10.996,-0.482,0.0,-0.0,0.0,-1.0,-1.0
6.443,3.011,2.5,10.996,-0.362,0.0,-0.0,0.0,-1.0,-1.0
6.463,3.005,2.5,10.996,-0.241,0.0,-0.0,0.0,-1.0,-1.0
6.483,3.001,2.5,10.996,-0.121,0.0,-0.0,0.0,-1.0,-1.0
6.503,3.0,2.5,10.996,-0.0,-0.0,0.0,1.0,-1.0,-1.0
