0.0,2.4,2.5,3.142,-0.0,-0.0,0.0,7.0,-1.0,-1.0
0.02,2.4,2.5,3.142,0.001,0.029,-0.006,0.0,-1.0,-1.0
0.04,2.4,2.501,3.141,0.003,0.058,-0.013,0.0,-1.0,-1.0
0.06,2.4,2.503,3.141,0.005,0.088,-0.019,0.0,-1.0,-1.0
0.08,2.4,2.505,3.141,0.006,0.117,-0.025,0.0,-1.0,-1.0
0.1,2.4,2.507,3.14,0.008,0.147,-0.032,0.0,-1.0,-1.0
0.12,2.401,2.51,3.139,0.01,0.177,-0.038,0.0,-1.0,-1.0
0.14,2.401,2.514,3.139,0.012,0.206,-0.044,0.0,-1.0,-1.0
0.16,2.401,2.518,3.138,0.013,0.235,-0.051,0.0,-1.0,-1.0
0.18,2.401,2.523,3.137,0.015,0.265,-0.057,0.0,-1.0,-1.0
0.2,2.401,2.529,3.135,0.016,0.293,-0.063,0.0,-1.0,-1.0
0.22,2.402,2.535,3.134,0.017,0.322,-0.069,0.0,-1.0,-1.0
0.24,2.402,2.542,3.133,0.018,0.35,-0.076,0.0,-1.0,-1.0
0.26,2.402,2.549,3.131,0.019,0.377,-0.082,0.0,-1.0,-1.0
0.28,2.403,2.557,3.129,0.02,0.404,-0.088,0.0,-1.0,-1.0
0.3,2.403,2.565,3.128,0.02,0.431,-0.094,0.0,-1.0,-1.0
0.32,2.404,2.574,3.126,0.021,0.458,-0.1,0.0,-1.0,-1.0
0.34,2.404,2.583,3.124,0.021,0.485,-0.106,0.0,-1.0,-1.0
0.36,2.404,2.593,3.121,0.022,0.512,-0.112,0.0,-1.0,-1.0
0.38,2.405,2.604,3.119,0.023,0.54,-0.118,0.0,-1.0,-1.0
0.4,2.405,2.615,3.117,0.024,0.567,-0.124,0.0,-1.0,-1.0
0.42,2.406,2.626,3.114,0.025,0.595,-0.13,0.0,-1.0,-1.0
0.44,2.406,2.638,3.111,0.026,0.622,-0.136,0.0,-1.0,-1.0
0.46,2.407,2.651,3.109,0.026,0.649,-0.142,0.0,-1.0,-1.0
0.48,2.407,2.664,3.106,0.026,0.675,-0.148,0.0,-1.0,-1.0
0.5,2.407,2.677,3.103,0.027,0.701,-0.154,0.0,-1.0,-1.0
0.52,2.408,2.692,3.1,0.026,0.727,-0.16,0.0,-1.0,-1.0
0.54,2.408,2.706,3.096,0.026,0.751,-0.166,0.0,-1.0,-1.0
0.56,2.409,2.722,3.093,0.025,0.775,-0.172,0.0,-1.0,-1.0
0.58,2.409,2.737,3.09,0.024,0.799,-0.177,0.0,-1.0,-1.0
0.6,2.41,2.753,3.086,0.023,0.823,-0.183,0.0,-1.0,-1.0
0.62,2.41,2.77,3.082,0.023,0.848,-0.189,0.0,-1.0,-1.0
0.64,2.411,2.787,3.078,0.023,0.873,-0.195,0.0,-1.0,-1.0
0.66,2.411,2.805,3.074,0.022,0.898,-0.201,0.0,-1.0,-1.0
0.68,2.412,2.823,3.07,0.022,0.923,-0.206,0.0,-1.0,-1.0
0.7,2.412,2.842,3.066,0.022,0.947,-0.212,0.0,-1.0,-1.0
0.72,2.412,2.861,3.062,0.021,0.972,-0.218,0.0,-1.0,-1.0
0.74,2.413,2.88,3.058,0.02,0.996,-0.224,0.0,-1.0,-1.0
0.76,2.413,2.9,3.053,0.019,1.02,-0.229,0.0,-1.0,-1.0
0.78,2.413,2.921,3.048,0.018,1.043,-0.235,0.0,-1.0,-1.0
0.8,2.413,2.942,3.044,0.016,1.065,-0.241,0.0,-1.0,-1.0
0.82,2.414,2.963,3.039,0.013,1.086,-0.246,0.0,-1.0,-1.0
0.84,2.414,2.985,3.034,0.01,1.106,-0.252,0.0,-1.0,-1.0
0.86,2.414,3.007,3.029,0.006,1.126,-0.257,0.0,-1.0,-1.0
0.88,2.414,3.03,3.023,0.003,1.147,-0.263,0.0,-1.0,-1.0
0.9,2.414,3.053,3.018,0.001,1.169,-0.268,0.0,-1.0,-1.0
0.92,2.414,3.076,3.013,-0.001,1.191,-0.274,0.0,-1.0,-1.0
0.94,2.414,3.1,3.007,-0.002,1.213,-0.28,0.0,-1.0,-1.0
0.96,2.414,3.124,3.002,-0.004,1.236,-0.285,0.0,-1.0,-1.0
0.98,2.413,3.149,2.996,-0.006,1.258,-0.291,0.0,-1.0,-1.0
1.0,2.413,3.174,2.99,-0.008,1.28,-0.296,0.0,-1.0,-1.0
1.02,2.412,3.2,2.984,-0.011,1.3,-0.302,0.0,-1.0,-1.0
1.04,2.412,3.225,2.978,-0.014,1.32,-0.307,0.0,-1.0,-1.0
1.06,2.411,3.252,2.972,-0.019,1.338,-0.313,0.0,-1.0,-1.0
1.08,2.411,3.278,2.965,-0.025,1.354,-0.318,0.0,-1.0,-1.0
1.1,2.41,3.305,2.959,-0.033,1.369,-0.324,0.0,-1.0,-1.0
1.12,2.409,3.333,2.953,-0.042,1.381,-0.329,0.0,-1.0,-1.0
1.14,2.408,3.36,2.946,-0.053,1.392,-0.334,0.0,-1.0,-1.0
1.16,2.407,3.388,2.939,-0.063,1.406,-0.34,0.0,-1.0,-1.0
1.18,2.405,3.416,2.932,-0.073,1.421,-0.346,0.0,-1.0,-1.0
1.2,2.404,3.445,2.925,-0.084,1.438,-0.353,0.0,-1.0,-1.0
1.22,2.402,3.473,2.918,-0.094,1.456,-0.359,0.0,-1.0,-1.0
1.24,2.4,3.502,2.911,-0.104,1.473,-0.366,0.0,-1.0,-1.0
1.26,2.398,3.531,2.904,-0.114,1.49,-0.372,0.0,-1.0,-1.0
1.28,2.395,3.56,2.897,-0.124,1.505,-0.379,0.0,-1.0,-1.0
1.3,2.393,3.589,2.889,-0.135,1.519,-0.384,0.0,-1.0,-1.0
1.32,2.39,3.619,2.882,-0.145,1.529,-0.39,0.0,-1.0,-1.0
1.339,2.387,3.649,2.874,-0.156,1.537,-0.394,0.0,-1.0,-1.0
1.359,2.383,3.679,2.866,-0.167,1.54,-0.398,0.0,-1.0,-1.0
1.379,2.38,3.709,2.858,-0.179,1.539,-0.401,0.0,-1.0,-1.0
1.399,2.376,3.739,2.85,-0.191,1.533,-0.402,0.0,-1.0,-1.0
1.419,2.372,3.77,2.842,-0.203,1.523,-0.403,0.0,-1.0,-1.0
1.439,2.368,3.8,2.834,-0.216,1.513,-0.404,0.0,-1.0,-1.0
1.459,2.364,3.83,2.826,-0.229,1.503,-0.405,0.0,-1.0,-1.0
1.479,2.359,3.86,2.818,-0.242,1.494,-0.407,0.0,-1.0,-1.0
1.499,2.354,3.89,2.81,-0.255,1.486,-0.408,0.0,-1.0,-1.0
1.519,2.349,3.919,2.802,-0.268,1.477,-0.409,0.0,-1.0,-1.0
1.539,2.344,3.949,2.794,-0.281,1.468,-0.411,0.0,-1.0,-1.0
1.559,2.338,3.977,2.786,-0.294,1.459,-0.412,0.0,-1.0,-1.0
1.579,2.332,4.006,2.778,-0.307,1.449,-0.413,0.0,-1.0,-1.0
1.599,2.326,4.035,2.769,-0.319,1.438,-0.414,0.0,-1.0,-1.0
1.619,2.319,4.063,2.761,-0.331,1.426,-0.414,0.0,-1.0,-1.0
1.639,2.313,4.091,2.753,-0.343,1.412,-0.414,0.0,-1.0,-1.0
1.659,2.306,4.119,2.745,-0.354,1.397,-0.413,0.0,-1.0,-1.0
1.679,2.299,4.147,2.737,-0.364,1.38,-0.412,0.0,-1.0,-1.0
1.699,2.291,4.174,2.728,-0.374,1.362,-0.41,0.0,-1.0,-1.0
1.719,2.284,4.201,2.72,-0.383,1.343,-0.409,0.0,-1.0,-1.0
1.739,2.276,4.228,2.712,-0.393,1.325,-0.407,0.0,-1.0,-1.0
1.759,2.268,4.254,2.704,-0.403,1.307,-0.406,0.0,-1.0,-1.0
1.779,2.26,4.28,2.696,-0.413,1.29,-0.404,0.0,-1.0,-1.0
1.799,2.252,4.305,2.688,-0.422,1.272,-0.403,0.0,-1.0,-1.0
1.819,2.243,4.331,2.68,-0.432,1.254,-0.401,0.0,-1.0,-1.0
1.839,2.234,4.355,2.672,-0.442,1.236,-0.4,0.0,-1.0,-1.0
1.859,2.226,4.38,2.664,-0.452,1.218,-0.398,0.0,-1.0,-1.0
1.879,2.216,4.404,2.656,-0.461,1.199,-0.396,0.0,-1.0,-1.0
1.899,2.207,4.427,2.648,-0.471,1.18,-0.394,0.0,-1.0,-1.0
1.919,2.198,4.451,2.64,-0.48,1.16,-0.392,0.0,-1.0,-1.0
1.939,2.188,4.473,2.633,-0.489,1.139,-0.39,0.0,-1.0,-1.0
1.959,2.178,4.496,2.625,-0.498,1.117,-0.387,0.0,-1.0,-1.0
1.979,2.168,4.518,2.617,-0.506,1.094,-0.384,0.0,-1.0,-1.0
1.999,2.158,4.54,2.609,-0.515,1.071,-0.381,0.0,-1.0,-1.0
2.019,2.148,4.561,2.602,-0.524,1.049,-0.379,0.0,-1.0,-1.0
2.039,2.137,4.582,2.594,-0.532,1.026,-0.376,0.0,-1.0,-1.0
2.059,2.126,4.602,2.587,-0.541,1.004,-0.373,0.0,-1.0,-1.0
2.079,2.115,4.622,2.579,-0.55,0.982,-0.37,0.0,-1.0,-1.0
2.099,2.104,4.641,2.572,-0.559,0.96,-0.367,0.0,-1.0,-1.0
2.119,2.093,4.66,2.565,-0.567,0.938,-0.365,0.0,-1.0,-1.0
2.139,2.082,4.678,2.558,-0.576,0.915,-0.362,0.0,-1.0,-1.0
2.159,2.07,4.696,2.55,-0.584,0.892,-0.359,0.0,-1.0,-1.0
2.179,2.058,4.714,2.543,-0.593,0.869,-0.356,0.0,-1.0,-1.0
2.199,2.046,4.731,2.536,-0.601,0.845,-0.352,0.0,-1.0,-1.0
2.219,2.034,4.747,2.529,-0.61,0.82,-0.349,0.0,-1.0,-1.0
2.239,2.022,4.763,2.522,-0.618,0.795,-0.346,0.0,-1.0,-1.0
2.259,2.01,4.779,2.515,-0.626,0.769,-0.342,0.0,-1.0,-1.0
2.279,1.997,4.794,2.509,-0.635,0.743,-0.338,0.0,-1.0,-1.0
2.299,1.984,4.809,2.502,-0.643,0.718,-0.334,0.0,-1.0,-1.0
2.319,1.971,4.823,2.495,-0.651,0.692,-0.331,0.0,-1.0,-1.0
2.339,1.958,4.836,2.489,-0.659,0.667,-0.327,0.0,-1.0,-1.0
2.359,1.945,4.849,2.482,-0.667,0.642,-0.323,0.0,-1.0,-1.0
2.379,1.932,4.862,2.476,-0.676,0.616,-0.32,0.0,-1.0,-1.0
2.399,1.918,4.874,2.469,-0.684,0.591,-0.316,0.0,-1.0,-1.0
2.419,1.904,4.885,2.463,-0.692,0.565,-0.312,0.0,-1.0,-1.0
2.439,1.89,4.896,2.457,-0.7,0.539,-0.309,0.0,-1.0,-1.0
2.459,1.876,4.907,2.451,-0.708,0.513,-0.305,0.0,-1.0,-1.0
2.479,1.862,4.916,2.445,-0.717,0.486,-0.301,0.0,-1.0,-1.0
2.499,1.848,4.926,2.439,-0.725,0.459,-0.297,0.0,-1.0,-1.0
2.519,1.833,4.935,2.433,-0.733,0.431,-0.293,0.0,-1.0,-1.0
2.539,1.818,4.943,2.427,-0.741,0.403,-0.289,0.0,-1.0,-1.0
2.559,1.803,4.951,2.421,-0.748,0.372,-0.285,0.0,-1.0,-1.0
2.579,1.788,4.958,2.416,-0.755,0.338,-0.282,0.0,-1.0,-1.0
2.599,1.773,4.965,2.41,-0.762,0.303,-0.279,0.0,-1.0,-1.0
2.619,1.758,4.971,2.405,-0.769,0.266,-0.276,0.0,-1.0,-1.0
2.639,1.742,4.976,2.399,-0.775,0.23,-0.274,0.0,-1.0,-1.0
2.659,1.727,4.981,2.394,-0.782,0.194,-0.271,0.0,-1.0,-1.0
2.679,1.711,4.985,2.389,-0.789,0.159,-0.268,0.0,-1.0,-1.0
2.699,1.695,4.989,2.384,-0.796,0.126,-0.265,0.0,-1.0,-1.0
2.719,1.678,4.992,2.379,-0.804,0.096,-0.261,0.0,-1.0,-1.0
2.739,1.662,4.995,2.374,-0.812,0.069,-0.256,0.0,-1.0,-1.0
2.759,1.646,4.997,2.369,-0.821,0.046,-0.25,0.0,-1.0,-1.0
2.779,1.629,4.999,2.364,-0.831,0.029,-0.244,0.0,-1.0,-1.0
2.799,1.612,5.0,2.36,-0.842,0.017,-0.236,0.0,-1.0,-1.0
2.819,1.595,5.0,2.355,-0.854,0.011,-0.227,0.0,-1.0,-1.0
2.839,1.578,5.0,2.35,-0.868,0.006,-0.219,0.0,-1.0,-1.0
2.859,1.561,5.0,2.346,-0.883,-0.001,-0.212,0.0,-1.0,-1.0
2.879,1.543,5.0,2.342,-0.898,-0.007,-0.204,0.0,-1.0,-1.0
2.899,1.525,5.0,2.338,-0.911,-0.012,-0.196,0.0,-1.0,-1.0
2.919,1.507,5.0,2.335,-0.922,-0.014,-0.184,0.0,-1.0,-1.0
2.939,1.488,5.0,2.331,-0.929,-0.013,-0.169,0.0,-1.0,-1.0
2.959,1.47,5.0,2.328,-0.935,-0.008,-0.15,0.0,-1.0,-1.0
2.979,1.451,5.0,2.325,-0.943,-0.002,-0.13,0.0,-1.0,-1.0
2.999,1.432,5.0,2.323,-0.952,0.005,-0.11,0.0,-1.0,-1.0
3.019,1.413,5.0,2.321,-0.959,0.01,-0.091,0.0,-1.0,-1.0
3.039,1.394,5.0,2.319,-0.963,0.014,-0.073,0.0,-1.0,-1.0
3.059,1.375,5.0,2.317,-0.96,0.014,-0.059,0.0,-1.0,-1.0
3.079,1.356,5.0,2.316,-0.953,0.01,-0.048,0.0,-1.0,-1.0
3.099,1.337,5.0,2.315,-0.945,0.004,-0.036,0.0,-1.0,-1.0
3.119,1.318,5.0,2.315,-0.938,-0.003,-0.024,0.0,-1.0,-1.0
3.139,1.3,5.0,2.314,-0.93,-0.009,-0.012,0.0,-1.0,-1.0
3.159,1.281,5.0,2.314,-0.921,-0.013,-0.001,0.0,-1.0,-1.0
3.179,1.263,5.0,2.314,-0.911,-0.014,0.007,0.0,-1.0,-1.0
3.199,1.245,5.0,2.314,-0.898,-0.011,0.013,0.0,-1.0,-1.0
3.219,1.227,5.0,2.315,-0.885,-0.006,0.017,0.0,-1.0,-1.0
3.239,1.21,5.0,2.315,-0.872,0.0,0.022,0.0,-1.0,-1.0
3.259,1.193,5.0,2.315,-0.858,0.007,0.027,0.0,-1.0,-1.0
3.279,1.176,5.0,2.316,-0.845,0.012,0.032,0.0,-1.0,-1.0
3.299,1.159,5.0,2.317,-0.831,0.014,0.035,0.0,-1.0,-1.0
3.319,1.142,5.0,2.317,-0.815,0.013,0.038,0.0,-1.0,-1.0
3.339,1.126,5.0,2.318,-0.798,0.008,0.041,0.0,-1.0,-1.0
3.359,1.111,5.0,2.319,-0.782,0.002,0.043,0.0,-1.0,-1.0
3.379,1.095,5.0,2.32,-0.766,-0.005,0.046,0.0,-1.0,-1.0
3.399,1.08,5.0,2.321,-0.75,-0.01,0.048,0.0,-1.0,-1.0
3.419,1.065,5.0,2.322,-0.734,-0.014,0.05,0.0,-1.0,-1.0
3.439,1.051,5.0,2.323,-0.716,-0.014,0.052,0.0,-1.0,-1.0
3.459,1.037,5.0,2.324,-0.698,-0.01,0.053,0.0,-1.0,-1.0
3.479,1.023,5.0,2.325,-0.68,-0.004,0.054,0.0,-1.0,-1.0
3.499,1.009,5.0,2.326,-0.662,0.002,0.055,0.0,-1.0,-1.0
3.519,0.996,5.0,2.327,-0.643,0.008,0.056,0.0,-1.0,-1.0
3.539,0.984,5.0,2.328,-0.625,0.013,0.057,0.0,-1.0,-1.0
3.559,0.971,5.0,2.329,-0.606,0.014,0.057,0.0,-1.0,-1.0
3.579,0.96,5.0,2.33,-0.586,0.012,0.057,0.0,-1.0,-1.0
3.599,0.948,5.0,2.331,-0.566,0.006,0.058,0.0,-1.0,-1.0
3.619,0.937,5.0,2.333,-0.546,-0.0,0.058,0.0,-1.0,-1.0
3.639,0.926,5.0,2.334,-0.527,-0.006,0.058,0.0,-1.0,-1.0
3.659,0.916,5.0,2.335,-0.507,-0.011,0.058,0.0,-1.0,-1.0
3.679,0.906,5.0,2.336,-0.486,-0.014,0.058,0.0,-1.0,-1.0
3.699,0.896,5.0,2.337,-0.465,-0.013,0.058,0.0,-1.0,-1.0
3.719,0.887,5.0,2.338,-0.444,-0.008,0.057,0.0,-1.0,-1.0
3.739,0.879,5.0,2.339,-0.422,-0.002,0.057,0.0,-1.0,-1.0
3.759,0.871,5.0,2.341,-0.401,0.004,0.056,0.0,-1.0,-1.0
3.779,0.863,5.0,2.342,-0.38,0.01,0.056,0.0,-1.0,-1.0
3.799,0.855,5.0,2.343,-0.358,0.013,0.055,0.0,-1.0,-1.0
3.819,0.848,5.0,2.344,-0.336,0.014,0.054,0.0,-1.0,-1.0
3.839,0.842,5.0,2.345,-0.313,0.01,0.053,0.0,-1.0,-1.0
3.859,0.836,5.0,2.346,-0.291,0.004,0.052,0.0,-1.0,-1.0
3.879,0.83,5.0,2.347,-0.268,-0.002,0.051,0.0,-1.0,-1.0
3.899,0.825,5.0,2.348,-0.246,-0.008,0.05,0.0,-1.0,-1.0
3.919,0.821,5.0,2.349,-0.223,-0.012,0.049,0.0,-1.0,-1.0
3.939,0.816,5.0,2.35,-0.2,-0.014,0.048,0.0,-1.0,-1.0
3.959,0.813,5.0,2.351,-0.176,-0.012,0.047,0.0,-1.0,-1.0
3.979,0.809,5.0,2.352,-0.149,-0.012,0.045,0.0,-1.0,-1.0
3.999,0.807,5.0,2.353,-0.119,-0.015,0.044,0.0,-1.0,-1.0
4.018,0.804,5.0,2.354,-0.089,-0.018,0.043,0.0,-1.0,-1.0
4.038,0.802,5.0,2.354,-0.063,-0.017,0.041,0.0,-1.0,-1.0
4.058,0.801,5.0,2.355,-0.042,-0.01,0.04,0.0,-1.0,-1.0
4.078,0.8,5.0,2.356,-0.029,0.008,0.038,0.0,-1.0,-1.0
4.098,0.8,5.0,2.357,-0.023,0.034,0.036,0.0,-1.0,-1.0
4.118,0.799,5.001,2.358,-0.016,0.061,0.035,0.0,-1.0,-1.0
4.138,0.799,5.003,2.358,-0.007,0.089,0.033,0.0,-1.0,-1.0
4.158,0.799,5.005,2.359,0.001,0.116,0.032,0.0,-1.0,-1.0
4.178,0.799,5.007,2.359,0.01,0.144,0.03,0.0,-1.0,-1.0
4.198,0.799,5.01,2.36,0.018,0.171,0.029,0.0,-1.0,-1.0
4.218,0.799,5.014,2.361,0.024,0.198,0.027,0.0,-1.0,-1.0
4.238,0.799,5.018,2.361,0.029,0.225,0.026,0.0,-1.0,-1.0
4.258,0.799,5.023,2.362,0.031,0.25,0.024,0.0,-1.0,-1.0
4.278,0.8,5.028,2.362,0.031,0.275,0.022,0.0,-1.0,-1.0
4.298,0.8,5.034,2.362,0.027,0.299,0.02,0.0,-1.0,-1.0
4.318,0.801,5.04,2.363,0.02,0.324,0.018,0.0,-1.0,-1.0
4.338,0.801,5.047,2.363,0.012,0.348,0.016,0.0,-1.0,-1.0
4.358,0.801,5.054,2.363,0.004,0.373,0.014,0.0,-1.0,-1.0
4.378,0.801,5.062,2.364,-0.005,0.397,0.011,0.0,-1.0,-1.0
4.398,0.801,5.07,2.364,-0.013,0.422,0.009,0.0,-1.0,-1.0
4.418,0.801,5.078,2.364,-0.021,0.446,0.007,0.0,-1.0,-1.0
4.438,0.801,5.087,2.364,-0.027,0.47,0.005,0.0,-1.0,-1.0
4.458,0.801,5.097,2.364,-0.03,0.493,0.003,0.0,-1.0,-1.0
4.478,0.801,5.107,2.365,-0.031,0.516,0.002,0.0,-1.0,-1.0
4.498,0.8,5.117,2.365,-0.029,0.538,0.001,0.0,-1.0,-1.0
4.518,0.8,5.128,2.365,-0.024,0.559,0.0,0.0,-1.0,-1.0
4.538,0.799,5.14,2.365,-0.017,0.581,-0.001,0.0,-1.0,-1.0
4.558,0.799,5.152,2.365,-0.009,0.604,-0.001,0.0,-1.0,-1.0
4.578,0.799,5.164,2.365,0.0,0.626,-0.002,0.0,-1.0,-1.0
4.598,0.799,5.176,2.364,0.009,0.649,-0.002,0.0,-1.0,-1.0
4.618,0.799,5.19,2.364,0.017,0.671,-0.003,0.0,-1.0,-1.0
4.638,0.799,5.203,2.364,0.023,0.693,-0.003,0.0,-1.0,-1.0
4.658,0.799,5.217,2.364,0.028,0.714,-0.004,0.0,-1.0,-1.0
4.678,0.799,5.231,2.364,0.031,0.734,-0.005,0.0,-1.0,-1.0
4.698,0.8,5.246,2.364,0.031,0.753,-0.007,0.0,-1.0,-1.0
4.718,0.8,5.261,2.364,0.027,0.77,-0.008,0.0,-1.0,-1.0
4.738,0.801,5.277,2.364,0.021,0.787,-0.011,0.0,-1.0,-1.0
4.758,0.801,5.293,2.363,0.013,0.806,-0.014,0.0,-1.0,-1.0
4.778,0.801,5.309,2.363,0.005,0.826,-0.017,0.0,-1.0,-1.0
4.798,0.801,5.325,2.363,-0.004,0.846,-0.02,0.0,-1.0,-1.0
4.818,0.801,5.342,2.362,-0.012,0.866,-0.023,0.0,-1.0,-1.0
4.838,0.801,5.359,2.362,-0.02,0.884,-0.026,0.0,-1.0,-1.0
4.858,0.801,5.377,2.362,-0.026,0.902,-0.028,0.0,-1.0,-1.0
4.878,0.801,5.395,2.361,-0.03,0.917,-0.03,0.0,-1.0,-1.0
4.898,0.801,5.413,2.361,-0.031,0.929,-0.03,0.0,-1.0,-1.0
4.918,0.8,5.432,2.36,-0.03,0.938,-0.029,0.0,-1.0,-1.0
4.938,0.8,5.45,2.36,-0.025,0.944,-0.027,0.0,-1.0,-1.0
4.958,0.799,5.469,2.359,-0.018,0.95,-0.024,0.0,-1.0,-1.0
4.978,0.799,5.488,2.359,-0.01,0.957,-0.02,0.0,-1.0,-1.0
4.998,0.799,5.507,2.358,-0.001,0.964,-0.017,0.0,-1.0,-1.0
5.018,0.799,5.527,2.358,0.007,0.971,-0.013,0.0,-1.0,-1.0
5.038,0.799,5.546,2.358,0.015,0.977,-0.01,0.0,-1.0,-1.0
5.058,0.799,5.565,2.357,0.022,0.984,-0.007,0.0,-1.0,-1.0
5.078,0.799,5.585,2.357,0.028,0.989,-0.004,0.0,-1.0,-1.0
5.098,0.799,5.605,2.357,0.031,0.993,-0.002,0.0,-1.0,-1.0
5.118,0.799,5.624,2.357,0.031,0.996,-0.0,0.0,-1.0,-1.0
5.138,0.8,5.644,2.357,0.028,0.997,0.0,0.0,-1.0,-1.0
5.158,0.8,5.664,2.357,0.022,0.997,-0.0,0.0,-1.0,-1.0
5.178,0.801,5.684,2.357,0.015,0.997,-0.0,0.0,-1.0,-1.0
5.198,0.801,5.704,2.357,0.006,0.997,-0.0,0.0,-1.0,-1.0
5.218,0.801,5.724,2.357,-0.002,0.997,-0.0,0.0,-1.0,-1.0
5.238,0.801,5.744,2.357,-0.011,0.997,-0.001,0.0,-1.0,-1.0
5.258,0.801,5.764,2.357,-0.019,0.997,-0.001,0.0,-1.0,-1.0
5.278,0.801,5.784,2.357,-0.025,0.997,-0.001,0.0,-1.0,-1.0
5.298,0.801,5.804,2.357,-0.029,0.997,-0.001,0.0,-1.0,-1.0
5.318,0.801,5.824,2.357,-0.031,0.997,-0.001,0.0,-1.0,-1.0
5.338,0.8,5.844,2.357,-0.03,0.997,-0.001,0.0,-1.0,-1.0
5.358,0.8,5.863,2.357,-0.026,0.997,-0.001,0.0,-1.0,-1.0
5.378,0.799,5.883,2.357,-0.019,0.997,-0.001,0.0,-1.0,-1.0
5.398,0.799,5.903,2.357,-0.011,0.997,-0.001,0.0,-1.0,-1.0
5.418,0.799,5.923,2.357,-0.003,0.997,-0.001,0.0,-1.0,-1.0
5.438,0.799,5.943,2.357,0.006,0.997,-0.001,0.0,-1.0,-1.0
5.458,0.799,5.963,2.357,0.014,0.997,-0.001,0.0,-1.0,-1.0
5.478,0.799,5.983,2.357,0.021,0.997,-0.001,0.0,-1.0,-1.0
5.498,0.799,6.003,2.357,0.027,0.997,-0.001,0.0,-1.0,-1.0
5.518,0.799,6.023,2.357,0.031,0.997,-0.001,0.0,-1.0,-1.0
5.538,0.799,6.043,2.357,0.031,0.997,-0.001,0.0,-1.0,-1.0
5.558,0.8,6.063,2.357,0.029,0.997,-0.001,0.0,-1.0,-1.0
5.578,0.8,6.083,2.357,0.023,0.997,-0.001,0.0,-1.0,-1.0
5.598,0.801,6.103,2.357,0.016,0.997,-0.001,0.0,-1.0,-1.0
5.618,0.801,6.123,2.357,0.008,0.997,-0.001,0.0,-1.0,-1.0
5.638,0.801,6.142,2.357,-0.001,0.997,-0.001,0.0,-1.0,-1.0
5.658,0.801,6.162,2.357,-0.009,0.997,-0.001,0.0,-1.0,-1.0
5.678,0.801,6.182,2.357,-0.017,0.997,-0.001,0.0,-1.0,-1.0
5.698,0.801,6.202,2.357,-0.024,0.997,-0.001,0.0,-1.0,-1.0
5.718,0.801,6.222,2.357,-0.029,0.997,-0.001,0.0,-1.0,-1.0
5.738,0.801,6.242,2.357,-0.031,0.997,-0.001,0.0,-1.0,-1.0
5.758,0.8,6.262,2.357,-0.031,0.997,-0.001,0.0,-1.0,-1.0
5.778,0.8,6.282,2.357,-0.027,0.997,-0.001,0.0,-1.0,-1.0
5.798,0.799,6.302,2.357,-0.02,0.997,-0.001,0.0,-1.0,-1.0
5.818,0.799,6.322,2.357,-0.013,0.997,-0.001,0.0,-1.0,-1.0
5.838,0.799,6.342,2.357,-0.004,0.997,-0.001,0.0,-1.0,-1.0
5.858,0.799,6.362,2.357,0.005,0.997,-0.001,0.0,-1.0,-1.0
5.878,0.799,6.382,2.357,0.013,0.997,-0.001,0.0,-1.0,-1.0
5.898,0.799,6.401,2.356,0.02,0.997,-0.001,0.0,-1.0,-1.0
5.918,0.799,6.421,2.356,0.026,0.997,-0.001,0.0,-1.0,-1.0
5.938,0.799,6.441,2.356,0.03,0.997,-0.001,0.0,-1.0,-1.0
5.958,0.799,6.461,2.356,0.031,0.997,-0.001,0.0,-1.0,-1.0
5.978,0.8,6.481,2.356,0.03,0.997,-0.001,0.0,-1.0,-1.0
5.998,0.8,6.501,2.356,0.025,0.996,-0.001,0.0,-1.0,-1.0
6.018,0.801,6.521,2.356,0.019,0.996,-0.001,0.0,-1.0,-1.0
6.038,0.801,6.541,2.356,0.014,0.996,-0.001,0.0,-1.0,-1.0
6.058,0.801,6.561,2.356,0.009,0.996,-0.001,0.0,-1.0,-1.0
6.078,0.801,6.581,2.356,0.004,0.995,-0.001,0.0,-1.0,-1.0
6.098,0.801,6.601,2.356,-0.002,0.995,-0.001,0.0,-1.0,-1.0
6.118,0.801,6.62,2.356,-0.007,0.995,-0.001,0.0,-1.0,-1.0
6.138,0.801,6.64,2.356,-0.012,0.994,-0.001,0.0,-1.0,-1.0
6.158,0.801,6.66,2.356,-0.017,0.994,-0.001,0.0,-1.0,-1.0
6.178,0.801,6.68,2.356,-0.023,0.994,-0.001,0.0,-1.0,-1.0
6.198,0.8,6.7,2.356,-0.028,0.994,-0.001,0.0,-1.0,-1.0
