0.0,2.4,5.569,3.142,-0.0,-0.0,-0.0,7.0,-1.0,-1.0
0.02,2.399,5.569,3.14,-0.074,-0.057,-0.112,0.0,-1.0,-1.0
0.04,2.397,5.567,3.137,-0.149,-0.113,-0.223,0.0,-1.0,-1.0
0.06,2.394,5.564,3.132,-0.222,-0.171,-0.335,0.0,-1.0,-1.0
0.08,2.388,5.56,3.124,-0.289,-0.236,-0.446,0.0,-1.0,-1.0
0.1,2.382,5.554,3.114,-0.353,-0.303,-0.557,0.0,-1.0,-1.0
0.12,2.374,5.548,3.102,-0.417,-0.369,-0.669,0.0,-1.0,-1.0
0.14,2.366,5.54,3.087,-0.48,-0.438,-0.779,0.0,-1.0,-1.0
0.159,2.355,5.53,3.071,-0.54,-0.513,-0.887,0.0,-1.0,-1.0
0.179,2.344,5.519,3.052,-0.601,-0.595,-0.999,0.0,-1.0,-1.0
0.199,2.332,5.506,3.031,-0.666,-0.679,-1.116,0.0,-1.0,-1.0
0.219,2.318,5.492,3.008,-0.725,-0.76,-1.224,0.0,-1.0,-1.0
0.239,2.303,5.477,2.983,-0.77,-0.83,-1.311,0.0,-1.0,-1.0
0.259,2.287,5.459,2.956,-0.813,-0.902,-1.393,0.0,-1.0,-1.0
0.279,2.271,5.441,2.928,-0.861,-0.981,-1.485,0.0,-1.0,-1.0
0.299,2.254,5.421,2.898,-0.9,-1.048,-1.561,0.0,-1.0,-1.0
0.319,2.236,5.4,2.867,-0.915,-1.083,-1.596,0.0,-1.0,-1.0
0.339,2.218,5.379,2.836,-0.907,-1.096,-1.606,0.0,-1.0,-1.0
0.359,2.2,5.357,2.804,-0.895,-1.11,-1.621,0.0,-1.0,-1.0
0.379,2.182,5.335,2.772,-0.889,-1.121,-1.627,0.0,-1.0,-1.0
0.399,2.164,5.312,2.74,-0.901,-1.127,-1.609,0.0,-1.0,-1.0
0.419,2.145,5.29,2.708,-0.923,-1.133,-1.576,0.0,-1.0,-1.0
0.439,2.127,5.267,2.677,-0.94,-1.143,-1.548,0.0,-1.0,-1.0
0.458,2.107,5.245,2.647,-0.964,-1.146,-1.513,0.0,-1.0,-1.0
0.478,2.087,5.222,2.618,-1.006,-1.134,-1.458,0.0,-1.0,-1.0
0.498,2.067,5.2,2.589,-1.062,-1.114,-1.389,0.0,-1.0,-1.0
0.518,2.045,5.178,2.562,-1.114,-1.1,-1.322,0.0,-1.0,-1.0
0.538,2.022,5.157,2.537,-1.171,-1.077,-1.252,0.0,-1.0,-1.0
0.558,1.998,5.136,2.513,-1.237,-1.031,-1.171,0.0,-1.0,-1.0
0.578,1.973,5.116,2.49,-1.315,-0.969,-1.081,0.0,-1.0,-1.0
0.598,1.946,5.098,2.47,-1.394,-0.909,-0.99,0.0,-1.0,-1.0
0.618,1.917,5.08,2.451,-1.471,-0.845,-0.9,0.0,-1.0,-1.0
0.638,1.887,5.064,2.434,-1.54,-0.769,-0.813,0.0,-1.0,-1.0
0.658,1.856,5.05,2.418,-1.605,-0.683,-0.728,0.0,-1.0,-1.0
0.678,1.823,5.037,2.405,-1.674,-0.599,-0.641,0.0,-1.0,-1.0
0.698,1.79,5.026,2.393,-1.738,-0.512,-0.556,0.0,-1.0,-1.0
0.718,1.755,5.017,2.382,-1.79,-0.418,-0.475,0.0,-1.0,-1.0
0.737,1.719,5.01,2.374,-1.835,-0.301,-0.393,0.0,-1.0,-1.0
0.757,1.682,5.005,2.366,-1.884,-0.167,-0.304,0.0,-1.0,-1.0
0.777,1.644,5.001,2.361,-1.927,-0.053,-0.223,0.0,-1.0,-1.0
0.797,1.605,5.0,2.357,-1.957,0.001,-0.163,0.0,-1.0,-1.0
0.817,1.566,5.0,2.354,-1.974,0.0,-0.12,0.0,-1.0,-1.0
0.837,1.527,5.0,2.352,-1.991,-0.002,-0.076,0.0,-1.0,-1.0
0.857,1.487,5.0,2.35,-2.002,-0.002,-0.047,0.0,-1.0,-1.0
0.877,1.447,5.0,2.35,-2.011,0.0,-0.027,0.0,-1.0,-1.0
0.897,1.407,5.0,2.349,-2.018,0.002,-0.007,0.0,-1.0,-1.0
0.917,1.367,5.0,2.349,-2.021,0.002,-0.001,0.0,-1.0,-1.0
0.937,1.326,5.0,2.349,-2.025,-0.001,-0.001,0.0,-1.0,-1.0
0.957,1.286,5.0,2.349,-2.026,-0.003,0.001,0.0,-1.0,-1.0
0.977,1.246,5.0,2.349,-2.017,-0.001,0.005,0.0,-1.0,-1.0
0.997,1.206,5.0,2.349,-2.021,0.001,0.009,0.0,-1.0,-1.0
1.017,1.166,5.0,2.349,-1.995,0.003,0.013,0.0,-1.0,-1.0
1.036,1.127,5.0,2.35,-1.921,0.001,0.018,0.0,-1.0,-1.0
1.056,1.09,5.0,2.35,-1.848,-0.002,0.022,0.0,-1.0,-1.0
1.076,1.054,5.0,2.351,-1.752,-0.002,0.025,0.0,-1.0,-1.0
1.096,1.021,5.0,2.351,-1.633,-0.0,0.027,0.0,-1.0,-1.0
1.116,0.989,5.0,2.352,-1.513,0.002,0.029,0.0,-1.0,-1.0
1.136,0.96,5.0,2.352,-1.393,0.002,0.029,0.0,-1.0,-1.0
1.156,0.934,5.0,2.353,-1.272,-0.0,0.028,0.0,-1.0,-1.0
1.176,0.91,5.0,2.353,-1.152,-0.002,0.028,0.0,-1.0,-1.0
1.196,0.888,5.0,2.354,-1.032,-0.002,0.026,0.0,-1.0,-1.0
1.216,0.868,5.0,2.354,-0.912,0.001,0.024,0.0,-1.0,-1.0
1.236,0.851,5.0,2.355,-0.791,0.003,0.021,0.0,-1.0,-1.0
1.256,0.837,5.0,2.355,-0.671,0.001,0.018,0.0,-1.0,-1.0
1.276,0.825,5.0,2.356,-0.551,-0.002,0.015,0.0,-1.0,-1.0
1.296,0.815,5.0,2.356,-0.43,-0.002,0.012,0.0,-1.0,-1.0
1.316,0.808,5.0,2.356,-0.293,-0.019,0.008,0.0,-1.0,-1.0
1.335,0.803,5.0,2.356,-0.146,-0.044,0.003,0.0,-1.0,-1.0
1.355,0.8,5.0,2.356,-0.07,0.003,0.001,0.0,-1.0,-1.0
1.375,0.799,5.001,2.356,-0.051,0.125,0.001,0.0,-1.0,-1.0
1.395,0.798,5.005,2.356,-0.028,0.263,0.001,0.0,-1.0,-1.0
1.415,0.797,5.01,2.356,-0.002,0.409,0.001,0.0,-1.0,-1.0
1.435,0.797,5.018,2.356,0.023,0.555,0.001,0.0,-1.0,-1.0
1.455,0.797,5.028,2.356,0.046,0.692,0.0,0.0,-1.0,-1.0
1.475,0.797,5.04,2.356,0.065,0.814,0.0,0.0,-1.0,-1.0
1.495,0.798,5.054,2.356,0.077,0.91,0.0,0.0,-1.0,-1.0
1.515,0.799,5.071,2.356,0.079,0.974,-0.0,0.0,-1.0,-1.0
1.535,0.8,5.09,2.356,0.07,0.997,-0.0,0.0,-1.0,-1.0
1.555,0.801,5.11,2.356,0.051,0.997,-0.0,0.0,-1.0,-1.0
1.575,0.802,5.13,2.356,0.028,0.997,-0.0,0.0,-1.0,-1.0
1.595,0.803,5.149,2.356,0.002,0.997,-0.0,0.0,-1.0,-1.0
1.615,0.803,5.169,2.356,-0.023,0.997,-0.0,0.0,-1.0,-1.0
1.634,0.803,5.189,2.356,-0.046,0.997,-0.0,0.0,-1.0,-1.0
1.654,0.803,5.209,2.356,-0.065,0.997,-0.0,0.0,-1.0,-1.0
1.674,0.802,5.229,2.356,-0.077,0.997,-0.0,0.0,-1.0,-1.0
1.694,0.801,5.249,2.356,-0.079,0.997,-0.0,0.0,-1.0,-1.0
1.714,0.8,5.269,2.356,-0.07,0.997,-0.0,0.0,-1.0,-1.0
1.734,0.799,5.289,2.356,-0.051,0.997,-0.0,0.0,-1.0,-1.0
1.754,0.798,5.308,2.356,-0.028,0.997,-0.0,0.0,-1.0,-1.0
1.774,0.797,5.328,2.356,-0.002,0.997,-0.0,0.0,-1.0,-1.0
1.794,0.797,5.348,2.356,0.023,0.997,-0.0,0.0,-1.0,-1.0
1.814,0.797,5.368,2.356,0.046,0.997,-0.0,0.0,-1.0,-1.0
1.834,0.797,5.388,2.356,0.065,0.997,-0.0,0.0,-1.0,-1.0
1.854,0.798,5.408,2.356,0.077,0.997,-0.0,0.0,-1.0,-1.0
1.874,0.799,5.428,2.356,0.079,0.997,-0.0,0.0,-1.0,-1.0
1.894,0.8,5.448,2.356,0.07,0.997,-0.0,0.0,-1.0,-1.0
1.913,0.801,5.467,2.356,0.051,0.997,-0.0,0.0,-1.0,-1.0
1.933,0.802,5.487,2.356,0.028,0.997,-0.0,0.0,-1.0,-1.0
1.953,0.803,5.507,2.356,0.002,0.997,-0.0,0.0,-1.0,-1.0
1.973,0.803,5.527,2.356,-0.023,0.997,-0.0,0.0,-1.0,-1.0
1.993,0.803,5.547,2.356,-0.046,0.997,-0.0,0.0,-1.0,-1.0
2.013,0.803,5.567,2.356,-0.065,0.997,-0.0,0.0,-1.0,-1.0
2.033,0.802,5.587,2.356,-0.077,0.997,-0.0,0.0,-1.0,-1.0
2.053,0.801,5.607,2.356,-0.079,0.997,-0.0,0.0,-1.0,-1.0
2.073,0.8,5.627,2.356,-0.07,0.997,-0.0,0.0,-1.0,-1.0
2.093,0.799,5.646,2.356,-0.051,0.997,-0.0,0.0,-1.0,-1.0
2.113,0.798,5.666,2.356,-0.028,0.997,-0.0,0.0,-1.0,-1.0
2.133,0.797,5.686,2.356,-0.002,0.997,-0.0,0.0,-1.0,-1.0
2.153,0.797,5.706,2.356,0.023,0.997,-0.0,0.0,-1.0,-1.0
2.173,0.797,5.726,2.356,0.046,0.997,-0.0,0.0,-1.0,-1.0
2.193,0.797,5.746,2.356,0.065,0.997,-0.0,0.0,-1.0,-1.0
2.212,0.798,5.766,2.356,0.077,0.997,-0.0,0.0,-1.0,-1.0
2.232,0.799,5.786,2.356,0.079,0.997,-0.0,0.0,-1.0,-1.0
2.252,0.8,5.805,2.356,0.07,0.997,-0.0,0.0,-1.0,-1.0
2.272,0.801,5.825,2.356,0.051,0.997,-0.0,0.0,-1.0,-1.0
2.292,0.802,5.845,2.356,0.028,0.997,-0.0,0.0,-1.0,-1.0
2.312,0.803,5.865,2.356,0.003,0.997,-0.0,0.0,-1.0,-1.0
2.332,0.803,5.885,2.356,-0.023,0.997,-0.0,0.0,-1.0,-1.0
2.352,0.803,5.905,2.356,-0.046,0.997,-0.0,0.0,-1.0,-1.0
2.372,0.803,5.925,2.356,-0.065,0.997,-0.0,0.0,-1.0,-1.0
2.392,0.802,5.945,2.356,-0.077,0.997,-0.0,0.0,-1.0,-1.0
2.412,0.801,5.964,2.356,-0.079,0.997,-0.0,0.0,-1.0,-1.0
2.432,0.8,5.984,2.356,-0.07,0.997,-0.0,0.0,-1.0,-1.0
2.452,0.799,6.004,2.356,-0.051,0.997,-0.0,0.0,-1.0,-1.0
2.472,0.798,6.024,2.356,-0.028,0.997,-0.0,0.0,-1.0,-1.0
2.492,0.797,6.044,2.356,-0.003,0.997,-0.0,0.0,-1.0,-1.0
2.511,0.797,6.064,2.356,0.023,0.997,-0.0,0.0,-1.0,-1.0
2.531,0.797,6.084,2.356,0.046,0.997,-0.0,0.0,-1.0,-1.0
2.551,0.797,6.104,2.356,0.065,0.997,-0.0,0.0,-1.0,-1.0
2.571,0.798,6.124,2.356,0.077,0.997,-0.0,0.0,-1.0,-1.0
2.591,0.799,6.143,2.356,0.079,0.997,-0.0,0.0,-1.0,-1.0
2.611,0.8,6.163,2.356,0.07,0.997,-0.0,0.0,-1.0,-1.0
2.631,0.801,6.183,2.356,0.051,0.997,-0.0,0.0,-1.0,-1.0
2.651,0.802,6.203,2.356,0.028,0.997,-0.0,0.0,-1.0,-1.0
2.671,0.803,6.223,2.356,0.003,0.997,-0.0,0.0,-1.0,-1.0
2.691,0.803,6.243,2.356,-0.023,0.997,-0.0,0.0,-1.0,-1.0
2.711,0.803,6.263,2.356,-0.046,0.997,-0.0,0.0,-1.0,-1.0
2.731,0.803,6.283,2.356,-0.065,0.997,-0.0,0.0,-1.0,-1.0
2.751,0.802,6.302,2.356,-0.077,0.997,-0.0,0.0,-1.0,-1.0
2.771,0.801,6.322,2.356,-0.079,0.997,-0.0,0.0,-1.0,-1.0
2.791,0.8,6.342,2.356,-0.07,0.997,-0.0,0.0,-1.0,-1.0
2.81,0.799,6.362,2.356,-0.051,0.997,-0.0,0.0,-1.0,-1.0
2.83,0.798,6.382,2.356,-0.028,0.997,-0.0,0.0,-1.0,-1.0
2.85,0.797,6.402,2.356,-0.003,0.997,-0.0,0.0,-1.0,-1.0
2.87,0.797,6.422,2.356,0.023,0.997,-0.0,0.0,-1.0,-1.0
2.89,0.797,6.442,2.356,0.046,0.997,-0.0,0.0,-1.0,-1.0
2.91,0.797,6.461,2.356,0.065,0.997,-0.0,0.0,-1.0,-1.0
2.93,0.798,6.481,2.356,0.077,0.997,-0.0,0.0,-1.0,-1.0
2.95,0.799,6.501,2.356,0.079,0.997,-0.0,0.0,-1.0,-1.0
2.97,0.8,6.521,2.356,0.07,0.997,-0.0,0.0,-1.0,-1.0
2.99,0.801,6.541,2.356,0.054,0.997,-0.0,0.0,-1.0,-1.0
3.01,0.802,6.561,2.356,0.039,0.997,-0.0,0.0,-1.0,-1.0
3.03,0.803,6.581,2.356,0.023,0.997,-0.0,0.0,-1.0,-1.0
3.05,0.803,6.601,2.356,0.008,0.997,-0.0,0.0,-1.0,-1.0
3.07,0.803,6.62,2.356,-0.008,0.997,-0.0,0.0,-1.0,-1.0
3.09,0.803,6.64,2.356,-0.023,0.997,-0.0,0.0,-1.0,-1.0
3.109,0.802,6.66,2.356,-0.039,0.997,-0.0,0.0,-1.0,-1.0
3.129,0.801,6.68,2.356,-0.054,0.997,-0.0,0.0,-1.0,-1.0
3.149,0.8,6.7,2.356,-0.07,0.997,-0.0,0.0,-1.0,-1.0
