0.0,2.4,2.5,3.142,0.0,0.0,-0.0,1.0,-1.0,-1.0
0.02,2.4,2.5,3.142,0.0,0.0,0.036,0.0,-1.0,-1.0
0.04,2.4,2.5,3.143,0.0,0.0,0.076,0.0,-1.0,-1.0
0.06,2.4,2.5,3.145,0.0,0.0,0.118,0.0,-1.0,-1.0
0.08,2.4,2.5,3.147,0.0,0.0,0.162,0.0,-1.0,-1.0
0.1,2.4,2.5,3.15,0.0,0.0,0.207,0.0,-1.0,-1.0
0.12,2.4,2.5,3.154,0.0,0.0,0.253,0.0,-1.0,-1.0
0.14,2.4,2.5,3.158,0.0,0.0,0.297,0.0,-1.0,-1.0
0.16,2.4,2.5,3.163,0.0,0.0,0.341,0.0,-1.0,-1.0
0.18,2.4,2.5,3.169,0.0,0.0,0.381,0.0,-1.0,-1.0
0.199,2.4,2.5,3.176,0.0,0.0,0.419,0.0,-1.0,-1.0
0.219,2.4,2.5,3.183,0.0,0.0,0.453,0.0,-1.0,-1.0
0.239,2.4,2.5,3.191,0.0,0.0,0.481,0.0,-1.0,-1.0
0.259,2.4,2.5,3.199,0.0,0.0,0.504,0.0,-1.0,-1.0
0.279,2.4,2.5,3.208,0.0,0.0,0.521,0.0,-1.0,-1.0
0.299,2.4,2.5,3.218,0.0,0.0,0.53,0.0,-1.0,-1.0
0.319,2.4,2.5,3.229,0.0,0.0,0.531,0.0,-1.0,-1.0
0.339,2.4,2.5,3.239,0.0,0.0,0.531,0.0,-1.0,-1.0
0.359,2.4,2.5,3.25,0.0,0.0,0.531,0.0,-1.0,-1.0
0.379,2.4,2.5,3.26,0.0,0.0,0.531,0.0,-1.0,-1.0
0.399,2.4,2.5,3.271,-0.0,-0.0,0.531,0.0,-1.0,-1.0
0.419,2.4,2.5,3.282,-0.0,-0.0,0.531,0.0,-1.0,-1.0
0.439,2.4,2.5,3.292,-0.0,-0.0,0.531,0.0,-1.0,-1.0
0.459,2.4,2.5,3.303,-0.0,-0.0,0.531,0.0,-1.0,-1.0
0.479,2.4,2.5,3.313,-0.0,-0.0,0.531,0.0,-1.0,-1.0
0.499,2.4,2.5,3.324,-0.0,-0.0,0.531,0.0,-1.0,-1.0
0.519,2.4,2.5,3.334,-0.0,-0.0,0.531,0.0,-1.0,-1.0
0.539,2.4,2.5,3.345,-0.0,-0.0,0.531,0.0,-1.0,-1.0
0.558,2.4,2.5,3.356,-0.0,-0.0,0.531,0.0,-1.0,-1.0
0.578,2.4,2.5,3.366,-0.0,-0.0,0.531,0.0,-1.0,-1.0
0.598,2.4,2.5,3.377,-0.0,-0.0,0.531,0.0,-1.0,-1.0
0.618,2.4,2.5,3.387,-0.0,-0.0,0.531,0.0,-1.0,-1.0
0.638,2.4,2.5,3.398,-0.0,-0.0,0.531,0.0,-1.0,-1.0
0.658,2.4,2.5,3.409,-0.0,-0.0,0.531,0.0,-1.0,-1.0
0.678,2.4,2.5,3.419,-0.0,-0.0,0.531,0.0,-1.0,-1.0
0.698,2.4,2.5,3.43,-0.0,-0.0,0.531,0.0,-1.0,-1.0
0.718,2.4,2.5,3.44,-0.0,-0.0,0.531,0.0,-1.0,-1.0
0.738,2.4,2.5,3.451,0.0,0.0,0.531,0.0,-1.0,-1.0
0.758,2.4,2.5,3.462,0.0,0.0,0.531,0.0,-1.0,-1.0
0.778,2.4,2.5,3.472,0.0,0.0,0.531,0.0,-1.0,-1.0
0.798,2.4,2.5,3.483,0.0,0.0,0.531,0.0,-1.0,-1.0
0.818,2.4,2.5,3.493,0.0,0.0,0.531,0.0,-1.0,-1.0
0.838,2.4,2.5,3.504,0.0,0.0,0.531,0.0,-1.0,-1.0
0.858,2.4,2.5,3.515,0.0,0.0,0.531,0.0,-1.0,-1.0
0.878,2.4,2.5,3.525,0.0,0.0,0.531,0.0,-1.0,-1.0
0.898,2.4,2.5,3.536,0.0,0.0,0.531,0.0,-1.0,-1.0
0.917,2.4,2.5,3.546,0.0,0.0,0.531,0.0,-1.0,-1.0
0.937,2.4,2.5,3.557,0.0,0.0,0.531,0.0,-1.0,-1.0
0.957,2.4,2.5,3.568,0.0,0.0,0.531,0.0,-1.0,-1.0
0.977,2.4,2.5,3.578,0.0,0.0,0.531,0.0,-1.0,-1.0
0.997,2.4,2.5,3.589,0.0,0.0,0.531,0.0,-1.0,-1.0
1.017,2.4,2.5,3.599,0.0,0.0,0.531,0.0,-1.0,-1.0
1.037,2.4,2.5,3.61,0.0,0.0,0.531,0.0,-1.0,-1.0
1.057,2.4,2.5,3.621,-0.0,-0.0,0.531,0.0,-1.0,-1.0
1.077,2.4,2.5,3.631,-0.0,-0.0,0.531,0.0,-1.0,-1.0
1.097,2.4,2.5,3.642,-0.0,-0.0,0.531,0.0,-1.0,-1.0
1.117,2.4,2.5,3.652,-0.0,-0.0,0.531,0.0,-1.0,-1.0
1.137,2.4,2.5,3.663,-0.0,-0.0,0.531,0.0,-1.0,-1.0
1.157,2.4,2.5,3.674,-0.0,-0.0,0.531,0.0,-1.0,-1.0
1.177,2.4,2.5,3.684,-0.0,-0.0,0.531,0.0,-1.0,-1.0
1.197,2.4,2.5,3.695,-0.0,-0.0,0.531,0.0,-1.0,-1.0
1.217,2.4,2.5,3.705,-0.0,-0.0,0.531,0.0,-1.0,-1.0
1.237,2.4,2.5,3.716,-0.0,-0.0,0.531,0.0,-1.0,-1.0
1.257,2.4,2.5,3.727,-0.0,-0.0,0.531,0.0,-1.0,-1.0
1.277,2.4,2.5,3.737,-0.0,-0.0,0.531,0.0,-1.0,-1.0
1.296,2.4,2.5,3.748,-0.0,-0.0,0.531,0.0,-1.0,-1.0
1.316,2.4,2.5,3.758,-0.0,-0.0,0.531,0.0,-1.0,-1.0
1.336,2.4,2.5,3.769,-0.0,-0.0,0.531,0.0,-1.0,-1.0
1.356,2.4,2.5,3.78,0.0,0.0,0.531,0.0,-1.0,-1.0
1.376,2.4,2.5,3.79,0.0,0.0,0.531,0.0,-1.0,-1.0
1.396,2.4,2.5,3.801,0.0,0.0,0.531,0.0,-1.0,-1.0
1.416,2.4,2.5,3.811,0.0,0.0,0.531,0.0,-1.0,-1.0
1.436,2.4,2.5,3.822,0.0,0.0,0.531,0.0,-1.0,-1.0
1.456,2.4,2.5,3.833,0.0,0.0,0.531,0.0,-1.0,-1.0
1.476,2.4,2.5,3.843,0.0,0.0,0.531,0.0,-1.0,-1.0
1.496,2.4,2.5,3.854,0.0,0.0,0.531,0.0,-1.0,-1.0
1.516,2.4,2.5,3.864,0.0,0.0,0.531,0.0,-1.0,-1.0
1.536,2.4,2.5,3.875,0.0,0.0,0.531,0.0,-1.0,-1.0
1.556,2.4,2.5,3.886,0.0,0.0,0.531,0.0,-1.0,-1.0
1.576,2.4,2.5,3.896,0.0,0.0,0.531,0.0,-1.0,-1.0
1.596,2.4,2.5,3.907,0.0,0.0,0.531,0.0,-1.0,-1.0
1.616,2.4,2.5,3.917,0.0,0.0,0.531,0.0,-1.0,-1.0
1.636,2.4,2.5,3.928,0.0,0.0,0.531,0.0,-1.0,-1.0
1.655,2.4,2.5,3.939,0.0,0.0,0.531,0.0,-1.0,-1.0
1.675,2.4,2.5,3.949,-0.0,-0.0,0.531,0.0,-1.0,-1.0
1.695,2.4,2.5,3.96,-0.0,-0.0,0.531,0.0,-1.0,-1.0
1.715,2.4,2.5,3.97,-0.0,-0.0,0.531,0.0,-1.0,-1.0
1.735,2.4,2.5,3.981,-0.0,-0.0,0.531,0.0,-1.0,-1.0
1.755,2.4,2.5,3.992,-0.0,-0.0,0.531,0.0,-1.0,-1.0
1.775,2.4,2.5,4.002,-0.0,-0.0,0.531,0.0,-1.0,-1.0
1.795,2.4,2.5,4.013,-0.0,-0.0,0.531,0.0,-1.0,-1.0
1.815,2.4,2.5,4.023,-0.0,-0.0,0.531,0.0,-1.0,-1.0
1.835,2.4,2.5,4.034,-0.0,-0.0,0.531,0.0,-1.0,-1.0
1.855,2.4,2.5,4.045,-0.0,-0.0,0.531,0.0,-1.0,-1.0
1.875,2.4,2.5,4.055,-0.0,-0.0,0.531,0.0,-1.0,-1.0
1.895,2.4,2.5,4.066,-0.0,-0.0,0.531,0.0,-1.0,-1.0
1.915,2.4,2.5,4.076,-0.0,-0.0,0.531,0.0,-1.0,-1.0
1.935,2.4,2.5,4.087,-0.0,-0.0,0.531,0.0,-1.0,-1.0
1.955,2.4,2.5,4.098,-0.0,-0.0,0.531,0.0,-1.0,-1.0
1.975,2.4,2.5,4.108,0.0,0.0,0.531,0.0,-1.0,-1.0
1.995,2.4,2.5,4.119,0.0,0.0,0.531,0.0,-1.0,-1.0
2.015,2.4,2.5,4.129,0.0,0.0,0.531,0.0,-1.0,-1.0
2.034,2.4,2.5,4.14,0.0,0.0,0.531,0.0,-1.0,-1.0
2.054,2.4,2.5,4.151,0.0,0.0,0.531,0.0,-1.0,-1.0
2.074,2.4,2.5,4.161,0.0,0.0,0.531,0.0,-1.0,-1.0
2.094,2.4,2.5,4.172,0.0,0.0,0.531,0.0,-1.0,-1.0
2.114,2.4,2.5,4.182,0.0,0.0,0.531,0.0,-1.0,-1.0
2.134,2.4,2.5,4.193,0.0,0.0,0.531,0.0,-1.0,-1.0
2.154,2.4,2.5,4.204,0.0,0.0,0.531,0.0,-1.0,-1.0
2.174,2.4,2.5,4.214,0.0,0.0,0.531,0.0,-1.0,-1.0
2.194,2.4,2.5,4.225,0.0,0.0,0.531,0.0,-1.0,-1.0
2.214,2.4,2.5,4.235,0.0,0.0,0.531,0.0,-1.0,-1.0
2.234,2.4,2.5,4.246,0.0,0.0,0.531,0.0,-1.0,-1.0
2.254,2.4,2.5,4.257,0.0,0.0,0.531,0.0,-1.0,-1.0
2.274,2.4,2.5,4.267,0.0,0.0,0.531,0.0,-1.0,-1.0
2.294,2.4,2.5,4.278,-0.0,-0.0,0.531,0.0,-1.0,-1.0
2.314,2.4,2.5,4.288,-0.0,-0.0,0.531,0.0,-1.0,-1.0
2.334,2.4,2.5,4.299,-0.0,-0.0,0.531,0.0,-1.0,-1.0
2.354,2.4,2.5,4.31,-0.0,-0.0,0.531,0.0,-1.0,-1.0
2.374,2.4,2.5,4.32,-0.0,-0.0,0.531,0.0,-1.0,-1.0
2.393,2.4,2.5,4.331,-0.0,-0.0,0.531,0.0,-1.0,-1.0
2.413,2.4,2.5,4.341,-0.0,-0.0,0.531,0.0,-1.0,-1.0
2.433,2.4,2.5,4.352,-0.0,-0.0,0.531,0.0,-1.0,-1.0
2.453,2.4,2.5,4.363,-0.0,-0.0,0.531,0.0,-1.0,-1.0
2.473,2.4,2.5,4.373,-0.0,-0.0,0.531,0.0,-1.0,-1.0
2.493,2.4,2.5,4.384,-0.0,-0.0,0.531,0.0,-1.0,-1.0
2.513,2.4,2.5,4.394,-0.0,-0.0,0.531,0.0,-1.0,-1.0
2.533,2.4,2.5,4.405,-0.0,-0.0,0.531,0.0,-1.0,-1.0
2.553,2.4,2.5,4.416,-0.0,-0.0,0.531,0.0,-1.0,-1.0
2.573,2.4,2.5,4.426,-0.0,-0.0,0.531,0.0,-1.0,-1.0
2.593,2.4,2.5,4.437,-0.0,-0.0,0.531,0.0,-1.0,-1.0
2.613,2.4,2.5,4.447,0.0,0.0,0.531,0.0,-1.0,-1.0
2.633,2.4,2.5,4.458,0.0,0.0,0.531,0.0,-1.0,-1.0
2.653,2.4,2.5,4.469,0.0,0.0,0.531,0.0,-1.0,-1.0
2.673,2.4,2.5,4.479,0.0,0.0,0.531,0.0,-1.0,-1.0
2.693,2.4,2.5,4.49,0.0,0.0,0.531,0.0,-1.0,-1.0
2.713,2.4,2.5,4.5,0.0,0.0,0.531,0.0,-1.0,-1.0
2.733,2.4,2.5,4.511,0.0,0.0,0.531,0.0,-1.0,-1.0
2.752,2.4,2.5,4.522,0.0,0.0,0.531,0.0,-1.0,-1.0
2.772,2.4,2.5,4.532,0.0,0.0,0.531,0.0,-1.0,-1.0
2.792,2.4,2.5,4.543,0.0,0.0,0.531,0.0,-1.0,-1.0
2.812,2.4,2.5,4.553,0.0,0.0,0.531,0.0,-1.0,-1.0
2.832,2.4,2.5,4.564,0.0,0.0,0.531,0.0,-1.0,-1.0
2.852,2.4,2.5,4.575,0.0,0.0,0.531,0.0,-1.0,-1.0
2.872,2.4,2.5,4.585,0.0,0.0,0.531,0.0,-1.0,-1.0
2.892,2.4,2.5,4.596,0.0,0.0,0.531,0.0,-1.0,-1.0
2.912,2.4,2.5,4.606,0.0,0.0,0.531,0.0,-1.0,-1.0
2.932,2.4,2.5,4.617,0.0,0.0,0.531,0.0,-1.0,-1.0
2.952,2.4,2.5,4.628,0.0,0.0,0.531,0.0,-1.0,-1.0
2.972,2.4,2.5,4.638,-0.0,-0.0,0.531,0.0,-1.0,-1.0
2.992,2.4,2.5,4.649,-0.0,-0.0,0.531,0.0,-1.0,-1.0
3.012,2.4,2.5,4.659,-0.0,-0.0,0.531,0.0,-1.0,-1.0
3.032,2.4,2.5,4.67,-0.0,-0.0,0.531,0.0,-1.0,-1.0
3.052,2.4,2.5,4.681,-0.0,-0.0,0.531,0.0,-1.0,-1.0
3.072,2.4,2.5,4.691,-0.0,-0.0,0.531,0.0,-1.0,-1.0
3.092,2.4,2.5,4.702,-0.0,-0.0,0.531,0.0,-1.0,-1.0
3.112,2.4,2.5,4.712,-0.0,-0.0,0.531,1.0,-1.0,-1.0
