0.0,8.2,2.0,6.283,0.0,0.0,0.0,0.0,-1.0,-1.0
0.02,8.2,1.999,6.285,0.036,-0.061,0.164,0.0,-1.0,-1.0
0.04,8.202,1.998,6.29,0.071,-0.122,0.329,0.0,-1.0,-1.0
0.06,8.203,1.995,6.298,0.109,-0.181,0.493,0.0,-1.0,-1.0
0.08,8.206,1.991,6.309,0.155,-0.231,0.657,0.0,-1.0,-1.0
0.1,8.21,1.986,6.324,0.202,-0.281,0.822,0.0,-1.0,-1.0
0.12,8.214,1.98,6.342,0.248,-0.332,0.987,0.0,-1.0,-1.0
0.14,8.22,1.973,6.364,0.3,-0.378,1.15,0.0,-1.0,-1.0
0.16,8.227,1.965,6.388,0.361,-0.414,1.309,0.0,-1.0,-1.0
0.18,8.235,1.956,6.416,0.421,-0.453,1.47,0.0,-1.0,-1.0
0.2,8.244,1.947,6.447,0.482,-0.49,1.631,0.0,-1.0,-1.0
0.22,8.254,1.937,6.481,0.551,-0.521,1.785,0.0,-1.0,-1.0
0.24,8.266,1.926,6.518,0.631,-0.542,1.929,0.0,-1.0,-1.0
0.26,8.28,1.915,6.558,0.709,-0.568,2.079,0.0,-1.0,-1.0
0.28,8.295,1.904,6.601,0.788,-0.591,2.226,0.0,-1.0,-1.0
0.3,8.311,1.892,6.646,0.877,-0.6,2.357,0.0,-1.0,-1.0
0.32,8.33,1.88,6.694,0.978,-0.598,2.476,0.0,-1.0,-1.0
0.34,8.35,1.869,6.745,1.083,-0.61,2.607,0.0,-1.0,-1.0
0.36,8.373,1.857,6.797,1.184,-0.608,2.725,0.0,-1.0,-1.0
0.38,8.397,1.846,6.852,1.275,-0.563,2.804,0.0,-1.0,-1.0
0.4,8.424,1.836,6.909,1.368,-0.486,2.861,0.0,-1.0,-1.0
0.42,8.452,1.827,6.966,1.469,-0.415,2.927,0.0,-1.0,-1.0
0.44,8.481,1.82,7.025,1.554,-0.334,2.975,0.0,-1.0,-1.0
0.46,8.513,1.814,7.084,1.599,-0.23,2.973,0.0,-1.0,-1.0
0.48,8.545,1.811,7.143,1.63,-0.112,2.954,0.0,-1.0,-1.0
0.5,8.578,1.81,7.201,1.663,0.006,2.937,0.0,-1.0,-1.0
0.52,8.611,1.811,7.26,1.685,0.123,2.907,0.0,-1.0,-1.0
0.54,8.644,1.814,7.317,1.683,0.235,2.849,0.0,-1.0,-1.0
0.56,8.678,1.82,7.373,1.676,0.349,2.787,0.0,-1.0,-1.0
0.58,8.711,1.828,7.428,1.669,0.462,2.725,0.0,-1.0,-1.0
0.6,8.744,1.839,7.482,1.657,0.572,2.654,0.0,-1.0,-1.0
0.62,8.777,1.851,7.534,1.637,0.677,2.569,0.0,-1.0,-1.0
0.64,8.81,1.866,7.584,1.617,0.781,2.484,0.0,-1.0,-1.0
0.66,8.842,1.882,7.633,1.596,0.886,2.399,0.0,-1.0,-1.0
0.68,8.874,1.901,7.68,1.574,0.988,2.306,0.0,-1.0,-1.0
0.7,8.905,1.922,7.725,1.549,1.087,2.205,0.0,-1.0,-1.0
0.72,8.935,1.944,7.768,1.526,1.188,2.107,0.0,-1.0,-1.0
0.74,8.966,1.969,7.809,1.502,1.287,2.006,0.0,-1.0,-1.0
0.76,8.995,1.996,7.848,1.473,1.382,1.896,0.0,-1.0,-1.0
0.78,9.024,2.024,7.885,1.445,1.475,1.773,0.0,-1.0,-1.0
0.8,9.053,2.054,7.919,1.426,1.573,1.644,0.0,-1.0,-1.0
0.82,9.081,2.087,7.951,1.412,1.675,1.512,0.0,-1.0,-1.0
0.84,9.108,2.121,7.98,1.4,1.778,1.379,0.0,-1.0,-1.0
0.86,9.135,2.156,8.007,1.385,1.879,1.247,0.0,-1.0,-1.0
0.88,9.16,2.194,8.032,1.365,1.977,1.12,0.0,-1.0,-1.0
0.9,9.186,2.233,8.054,1.334,2.068,0.998,0.0,-1.0,-1.0
0.92,9.21,2.274,8.074,1.29,2.151,0.885,0.0,-1.0,-1.0
0.94,9.234,2.317,8.092,1.228,2.223,0.783,0.0,-1.0,-1.0
0.96,9.258,2.362,8.107,1.145,2.281,0.695,0.0,-1.0,-1.0
0.98,9.28,2.408,8.12,1.05,2.342,0.614,0.0,-1.0,-1.0
1.0,9.3,2.455,8.131,0.953,2.414,0.536,0.0,-1.0,-1.0
1.02,9.318,2.504,8.141,0.854,2.492,0.459,0.0,-1.0,-1.0
1.04,9.334,2.553,8.149,0.755,2.571,0.381,0.0,-1.0,-1.0
1.06,9.349,2.603,8.156,0.657,2.646,0.303,0.0,-1.0,-1.0
1.08,9.362,2.654,8.161,0.561,2.711,0.224,0.0,-1.0,-1.0
1.1,9.372,2.707,8.164,0.468,2.762,0.142,0.0,-1.0,-1.0
1.12,9.381,2.76,8.165,0.379,2.792,0.056,0.0,-1.0,-1.0
1.14,9.388,2.815,8.165,0.296,2.797,-0.035,0.0,-1.0,-1.0
1.16,9.394,2.87,8.164,0.218,2.773,-0.131,0.0,-1.0,-1.0
1.18,9.397,2.925,8.16,0.129,2.739,-0.234,0.0,-1.0,-1.0
1.2,9.399,2.98,8.155,0.028,2.705,-0.342,0.0,-1.0,-1.0
1.22,9.4,3.034,8.147,-0.079,2.669,-0.453,0.0,-1.0,-1.0
1.24,9.399,3.087,8.138,-0.185,2.634,-0.563,0.0,-1.0,-1.0
1.26,9.397,3.139,8.126,-0.285,2.6,-0.671,0.0,-1.0,-1.0
1.28,9.393,3.191,8.113,-0.373,2.567,-0.773,0.0,-1.0,-1.0
1.3,9.387,3.243,8.098,-0.442,2.536,-0.867,0.0,-1.0,-1.0
1.32,9.38,3.293,8.081,-0.486,2.508,-0.95,0.0,-1.0,-1.0
1.34,9.372,3.343,8.062,-0.5,2.483,-1.02,0.0,-1.0,-1.0
1.36,9.362,3.393,8.041,-0.482,2.462,-1.078,0.0,-1.0,-1.0
1.38,9.353,3.442,8.019,-0.458,2.44,-1.139,0.0,-1.0,-1.0
1.4,9.344,3.491,7.995,-0.43,2.419,-1.203,0.0,-1.0,-1.0
1.42,9.335,3.539,7.971,-0.402,2.397,-1.269,0.0,-1.0,-1.0
1.44,9.327,3.587,7.946,-0.375,2.375,-1.335,0.0,-1.0,-1.0
1.46,9.319,3.634,7.919,-0.349,2.353,-1.397,0.0,-1.0,-1.0
1.48,9.311,3.681,7.892,-0.326,2.332,-1.455,0.0,-1.0,-1.0
1.5,9.304,3.727,7.863,-0.309,2.312,-1.506,0.0,-1.0,-1.0
1.52,9.298,3.774,7.833,-0.298,2.293,-1.548,0.0,-1.0,-1.0
1.54,9.292,3.819,7.802,-0.294,2.275,-1.579,0.0,-1.0,-1.0
1.56,9.286,3.865,7.77,-0.296,2.258,-1.603,0.0,-1.0,-1.0
1.58,9.28,3.91,7.738,-0.295,2.238,-1.632,0.0,-1.0,-1.0
1.6,9.274,3.954,7.706,-0.292,2.217,-1.663,0.0,-1.0,-1.0
1.62,9.268,3.999,7.672,-0.288,2.196,-1.695,0.0,-1.0,-1.0
1.64,9.262,4.043,7.639,-0.285,2.175,-1.726,0.0,-1.0,-1.0
1.66,9.255,4.086,7.605,-0.284,2.156,-1.754,0.0,-1.0,-1.0
1.68,9.249,4.13,7.57,-0.287,2.139,-1.777,0.0,-1.0,-1.0
1.7,9.243,4.173,7.535,-0.293,2.125,-1.794,0.0,-1.0,-1.0
1.72,9.236,4.215,7.5,-0.306,2.115,-1.802,0.0,-1.0,-1.0
1.74,9.23,4.258,7.464,-0.325,2.11,-1.799,0.0,-1.0,-1.0
1.76,9.223,4.3,7.428,-0.348,2.106,-1.794,0.0,-1.0,-1.0
1.78,9.216,4.342,7.393,-0.371,2.1,-1.792,0.0,-1.0,-1.0
1.8,9.208,4.384,7.357,-0.395,2.093,-1.792,0.0,-1.0,-1.0
1.82,9.2,4.426,7.322,-0.419,2.086,-1.792,0.0,-1.0,-1.0
1.84,9.192,4.468,7.286,-0.443,2.079,-1.791,0.0,-1.0,-1.0
1.86,9.183,4.51,7.251,-0.466,2.074,-1.787,0.0,-1.0,-1.0
1.88,9.173,4.552,7.216,-0.489,2.072,-1.779,0.0,-1.0,-1.0
1.9,9.163,4.594,7.181,-0.511,2.074,-1.765,0.0,-1.0,-1.0
1.92,9.153,4.636,7.147,-0.532,2.081,-1.745,0.0,-1.0,-1.0
1.94,9.142,4.678,7.112,-0.553,2.093,-1.716,0.0,-1.0,-1.0
1.96,9.131,4.719,7.078,-0.577,2.105,-1.686,0.0,-1.0,-1.0
1.98,9.119,4.762,7.045,-0.604,2.117,-1.658,0.0,-1.0,-1.0
2.0,9.107,4.804,7.012,-0.634,2.128,-1.63,0.0,-1.0,-1.0
2.02,9.095,4.847,6.98,-0.664,2.138,-1.602,0.0,-1.0,-1.0
2.04,9.082,4.89,6.949,-0.691,2.15,-1.574,0.0,-1.0,-1.0
2.06,9.069,4.934,6.918,-0.715,2.163,-1.544,0.0,-1.0,-1.0
2.08,9.055,4.977,6.887,-0.733,2.177,-1.512,0.0,-1.0,-1.0
2.1,9.041,5.021,6.858,-0.744,2.193,-1.477,0.0,-1.0,-1.0
2.12,9.027,5.065,6.829,-0.745,2.213,-1.438,0.0,-1.0,-1.0
2.14,9.012,5.11,6.801,-0.738,2.235,-1.395,0.0,-1.0,-1.0
2.16,8.997,5.155,6.773,-0.742,2.259,-1.35,0.0,-1.0,-1.0
2.18,8.983,5.2,6.747,-0.754,2.285,-1.304,0.0,-1.0,-1.0
2.2,8.969,5.246,6.721,-0.77,2.31,-1.256,0.0,-1.0,-1.0
2.22,8.955,5.292,6.696,-0.785,2.336,-1.21,0.0,-1.0,-1.0
2.24,8.941,5.339,6.672,-0.794,2.36,-1.164,0.0,-1.0,-1.0
2.26,8.927,5.386,6.649,-0.791,2.384,-1.12,0.0,-1.0,-1.0
2.28,8.914,5.434,6.626,-0.772,2.405,-1.078,0.0,-1.0,-1.0
2.3,8.901,5.482,6.605,-0.731,2.425,-1.04,0.0,-1.0,-1.0
2.32,8.888,5.53,6.584,-0.664,2.441,-1.005,0.0,-1.0,-1.0
2.34,8.875,5.579,6.565,-0.576,2.459,-0.973,0.0,-1.0,-1.0
2.36,8.865,5.629,6.545,-0.491,2.484,-0.936,0.0,-1.0,-1.0
2.38,8.856,5.678,6.527,-0.408,2.514,-0.897,0.0,-1.0,-1.0
2.4,8.849,5.728,6.509,-0.325,2.546,-0.858,0.0,-1.0,-1.0
2.42,8.844,5.778,6.492,-0.242,2.576,-0.819,0.0,-1.0,-1.0
2.44,8.84,5.829,6.475,-0.157,2.601,-0.782,0.0,-1.0,-1.0
2.46,8.839,5.879,6.459,-0.068,2.618,-0.75,0.0,-1.0,-1.0
2.48,8.839,5.93,6.443,0.027,2.623,-0.724,0.0,-1.0,-1.0
2.5,8.841,5.981,6.429,0.128,2.612,-0.705,0.0,-1.0,-1.0
2.52,8.845,6.033,6.414,0.237,2.583,-0.695,0.0,-1.0,-1.0
2.54,8.851,6.084,6.401,0.353,2.547,-0.689,0.0,-1.0,-1.0
2.56,8.859,6.135,6.387,0.472,2.517,-0.681,0.0,-1.0,-1.0
2.58,8.869,6.184,6.373,0.593,2.489,-0.672,0.0,-1.0,-1.0
2.6,8.882,6.233,6.36,0.714,2.463,-0.663,0.0,-1.0,-1.0
2.62,8.897,6.281,6.346,0.834,2.434,-0.654,0.0,-1.0,-1.0
2.64,8.914,6.329,6.333,0.952,2.401,-0.647,0.0,-1.0,-1.0
2.66,8.934,6.375,6.319,1.066,2.362,-0.642,0.0,-1.0,-1.0
2.68,8.956,6.421,6.306,1.175,2.313,-0.641,0.0,-1.0,-1.0
2.7,8.98,6.466,6.293,1.278,2.253,-0.643,0.0,-1.0,-1.0
2.72,9.006,6.51,6.28,1.373,2.18,-0.65,0.0,-1.0,-1.0
2.74,9.035,6.553,6.267,1.47,2.107,-0.655,0.0,-1.0,-1.0
2.76,9.065,6.594,6.254,1.57,2.036,-0.659,0.0,-1.0,-1.0
2.78,9.097,6.634,6.24,1.665,1.961,-0.665,0.0,-1.0,-1.0
2.8,9.131,6.672,6.227,1.75,1.878,-0.679,0.0,-1.0,-1.0
2.82,9.166,6.709,6.213,1.823,1.782,-0.699,0.0,-1.0,-1.0
2.84,9.204,6.743,6.199,1.901,1.688,-0.714,0.0,-1.0,-1.0
2.86,9.242,6.776,6.184,1.98,1.593,-0.728,0.0,-1.0,-1.0
2.88,9.282,6.807,6.169,2.05,1.496,-0.75,0.0,-1.0,-1.0
2.9,9.323,6.835,6.153,2.101,1.392,-0.789,0.0,-1.0,-1.0
2.92,9.365,6.862,6.137,2.139,1.282,-0.841,0.0,-1.0,-1.0
2.94,9.408,6.887,6.119,2.183,1.171,-0.887,0.0,-1.0,-1.0
2.96,9.452,6.909,6.101,2.225,1.061,-0.935,0.0,-1.0,-1.0
2.98,9.496,6.929,6.081,2.255,0.951,-0.993,0.0,-1.0,-1.0
3.0,9.541,6.947,6.06,2.262,0.843,-1.07,0.0,-1.0,-1.0
3.02,9.587,6.963,6.038,2.263,0.734,-1.154,0.0,-1.0,-1.0
3.04,9.632,6.977,6.014,2.267,0.624,-1.238,0.0,-1.0,-1.0
3.06,9.677,6.988,5.988,2.268,0.515,-1.322,0.0,-1.0,-1.0
3.08,9.722,6.997,5.961,2.257,0.409,-1.411,0.0,-1.0,-1.0
3.1,9.766,7.004,5.932,2.232,0.307,-1.506,0.0,-1.0,-1.0
3.12,9.811,7.01,5.901,2.207,0.205,-1.608,0.0,-1.0,-1.0
3.14,9.854,7.013,5.868,2.184,0.103,-1.71,0.0,-1.0,-1.0
3.16,9.898,7.014,5.833,2.156,0.001,-1.808,0.0,-1.0,-1.0
3.18,9.94,7.013,5.796,2.117,-0.098,-1.896,0.0,-1.0,-1.0
3.2,9.982,7.01,5.757,2.067,-0.197,-1.976,0.0,-1.0,-1.0
3.22,10.023,7.005,5.717,2.024,-0.299,-2.066,0.0,-1.0,-1.0
3.24,10.062,6.998,5.675,1.979,-0.4,-2.155,0.0,-1.0,-1.0
3.26,10.101,6.989,5.632,1.925,-0.497,-2.23,0.0,-1.0,-1.0
3.28,10.138,6.979,5.587,1.852,-0.586,-2.276,0.0,-1.0,-1.0
3.3,10.175,6.966,5.542,1.768,-0.67,-2.309,0.0,-1.0,-1.0
3.32,10.209,6.952,5.495,1.686,-0.757,-2.347,0.0,-1.0,-1.0
3.34,10.242,6.936,5.448,1.602,-0.843,-2.381,0.0,-1.0,-1.0
3.36,10.273,6.919,5.401,1.514,-0.923,-2.403,0.0,-1.0,-1.0
3.38,10.302,6.9,5.353,1.417,-0.995,-2.405,0.0,-1.0,-1.0
3.4,10.329,6.879,5.305,1.319,-1.065,-2.404,0.0,-1.0,-1.0
3.42,10.355,6.857,5.257,1.221,-1.137,-2.405,0.0,-1.0,-1.0
3.44,10.378,6.834,5.209,1.123,-1.207,-2.402,0.0,-1.0,-1.0
3.46,10.4,6.809,5.161,1.022,-1.273,-2.392,0.0,-1.0,-1.0
3.48,10.419,6.783,5.114,0.919,-1.334,-2.372,0.0,-1.0,-1.0
3.5,10.436,6.756,5.067,0.816,-1.396,-2.353,0.0,-1.0,-1.0
3.52,10.452,6.727,5.02,0.713,-1.457,-2.333,0.0,-1.0,-1.0
3.54,10.465,6.697,4.974,0.609,-1.518,-2.312,0.0,-1.0,-1.0
3.56,10.476,6.667,4.928,0.504,-1.576,-2.285,0.0,-1.0,-1.0
3.58,10.485,6.634,4.882,0.386,-1.628,-2.272,0.0,-1.0,-1.0
3.6,10.492,6.601,4.837,0.247,-1.676,-2.284,0.0,-1.0,-1.0
3.62,10.497,6.567,4.793,0.116,-1.726,-2.286,0.0,-1.0,-1.0
3.64,10.499,6.532,4.75,0.021,-1.784,-2.242,0.0,-1.0,-1.0
3.66,10.5,6.495,4.707,-0.009,-1.856,-2.114,0.0,-1.0,-1.0
3.68,10.5,6.457,4.666,-0.007,-1.942,-1.932,0.0,-1.0,-1.0
3.7,10.5,6.418,4.629,-0.005,-2.037,-1.732,0.0,-1.0,-1.0
3.72,10.5,6.377,4.595,-0.002,-2.138,-1.52,0.0,-1.0,-1.0
3.74,10.5,6.334,4.564,0.0,-2.241,-1.302,0.0,-1.0,-1.0
3.76,10.499,6.29,4.537,0.003,-2.343,-1.087,0.0,-1.0,-1.0
3.78,10.499,6.244,4.513,0.005,-2.442,-0.88,0.0,-1.0,-1.0
3.8,10.5,6.197,4.493,0.007,-2.533,-0.687,0.0,-1.0,-1.0
3.82,10.5,6.148,4.476,0.009,-2.613,-0.517,0.0,-1.0,-1.0
3.84,10.5,6.097,4.462,0.01,-2.68,-0.374,0.0,-1.0,-1.0
3.86,10.5,6.045,4.451,0.01,-2.73,-0.267,0.0,-1.0,-1.0
3.88,10.5,5.991,4.444,0.009,-2.76,-0.201,0.0,-1.0,-1.0
3.9,10.5,5.936,4.44,0.008,-2.769,-0.177,0.0,-1.0,-1.0
3.92,10.5,5.881,4.436,0.006,-2.775,-0.159,0.0,-1.0,-1.0
3.94,10.5,5.825,4.433,0.004,-2.782,-0.139,0.0,-1.0,-1.0
3.96,10.5,5.77,4.431,0.001,-2.789,-0.118,0.0,-1.0,-1.0
3.98,10.5,5.714,4.428,-0.001,-2.796,-0.097,0.0,-1.0,-1.0
4.0,10.501,5.658,4.426,-0.004,-2.803,-0.077,0.0,-1.0,-1.0
4.02,10.501,5.602,4.424,-0.006,-2.81,-0.057,0.0,-1.0,-1.0
4.04,10.5,5.546,4.423,-0.008,-2.816,-0.039,0.0,-1.0,-1.0
4.06,10.5,5.49,4.422,-0.009,-2.821,-0.024,0.0,-1.0,-1.0
4.08,10.5,5.434,4.421,-0.01,-2.826,-0.011,0.0,-1.0,-1.0
4.1,10.5,5.377,4.42,-0.01,-2.828,-0.003,0.0,-1.0,-1.0
4.12,10.5,5.321,4.42,-0.009,-2.83,0.0,0.0,-1.0,-1.0
4.14,10.5,5.264,4.42,-0.007,-2.83,0.001,0.0,-1.0,-1.0
4.16,10.5,5.208,4.42,-0.005,-2.83,0.001,0.0,-1.0,-1.0
4.18,10.5,5.151,4.42,-0.003,-2.83,0.001,0.0,-1.0,-1.0
4.2,10.5,5.094,4.42,-0.001,-2.83,0.0,0.0,-1.0,-1.0
4.22,10.5,5.038,4.42,0.002,-2.83,0.0,0.0,-1.0,-1.0
4.239,10.499,4.981,4.42,0.004,-2.83,0.0,0.0,-1.0,-1.0
4.259,10.5,4.925,4.42,0.006,-2.83,0.0,0.0,-1.0,-1.0
4.279,10.5,4.868,4.42,0.008,-2.83,0.0,0.0,-1.0,-1.0
4.299,10.5,4.811,4.42,0.009,-2.83,0.0,0.0,-1.0,-1.0
4.319,10.5,4.755,4.42,0.01,-2.83,0.0,0.0,-1.0,-1.0
4.339,10.5,4.698,4.42,0.01,-2.83,0.0,0.0,-1.0,-1.0
4.359,10.5,4.642,4.42,0.009,-2.83,0.0,0.0,-1.0,-1.0
4.379,10.5,4.585,4.42,0.007,-2.83,0.0,0.0,-1.0,-1.0
4.399,10.5,4.528,4.42,0.005,-2.83,0.0,0.0,-1.0,-1.0
4.419,10.5,4.472,4.42,0.002,-2.83,0.0,0.0,-1.0,-1.0
4.439,10.5,4.415,4.42,-0.0,-2.83,0.0,0.0,-1.0,-1.0
4.459,10.501,4.359,4.42,-0.003,-2.83,0.0,0.0,-1.0,-1.0
4.479,10.501,4.302,4.42,-0.005,-2.83,0.0,0.0,-1.0,-1.0
4.499,10.5,4.246,4.42,-0.007,-2.83,0.0,0.0,-1.0,-1.0
4.519,10.5,4.189,4.42,-0.009,-2.83,0.0,0.0,-1.0,-1.0
4.539,10.5,4.132,4.42,-0.01,-2.83,0.0,0.0,-1.0,-1.0
4.559,10.5,4.076,4.42,-0.01,-2.83,0.0,0.0,-1.0,-1.0
4.579,10.5,4.019,4.42,-0.009,-2.83,0.0,0.0,-1.0,-1.0
4.599,10.5,3.963,4.42,-0.008,-2.83,0.0,0.0,-1.0,-1.0
4.619,10.5,3.906,4.42,-0.006,-2.83,0.0,0.0,-1.0,-1.0
4.639,10.5,3.849,4.42,-0.004,-2.83,0.0,0.0,-1.0,-1.0
4.659,10.5,3.793,4.42,-0.001,-2.83,0.0,0.0,-1.0,-1.0
4.679,10.5,3.736,4.42,0.001,-2.83,0.0,0.0,-1.0,-1.0
4.699,10.499,3.68,4.42,0.004,-2.83,0.0,0.0,-1.0,-1.0
4.719,10.499,3.623,4.42,0.006,-2.83,0.0,0.0,-1.0,-1.0
4.739,10.5,3.566,4.42,0.008,-2.83,0.0,0.0,-1.0,-1.0
4.759,10.5,3.51,4.42,0.009,-2.83,0.0,0.0,-1.0,-1.0
4.779,10.5,3.453,4.42,0.01,-2.83,0.0,0.0,-1.0,-1.0
4.799,10.5,3.397,4.42,0.01,-2.83,0.0,0.0,-1.0,-1.0
4.819,10.5,3.34,4.42,0.009,-2.83,0.0,0.0,-1.0,-1.0
4.839,10.5,3.284,4.42,0.007,-2.83,0.0,0.0,-1.0,-1.0
4.859,10.5,3.227,4.42,0.005,-2.83,0.0,0.0,-1.0,-1.0
4.879,10.5,3.17,4.42,0.003,-2.83,0.0,0.0,-1.0,-1.0
4.899,10.5,3.114,4.42,0.001,-2.83,0.0,0.0,-1.0,-1.0
4.919,10.5,3.057,4.42,-0.002,-2.83,0.0,0.0,-1.0,-1.0
4.939,10.501,3.001,4.42,-0.004,-2.83,0.0,0.0,-1.0,-1.0
4.959,10.5,2.944,4.42,-0.006,-2.83,0.0,0.0,-1.0,-1.0
4.979,10.5,2.887,4.42,-0.008,-2.83,0.0,0.0,-1.0,-1.0
4.999,10.5,2.831,4.42,-0.009,-2.83,0.0,0.0,-1.0,-1.0
5.019,10.5,2.774,4.42,-0.01,-2.83,0.0,0.0,-1.0,-1.0
5.039,10.5,2.718,4.42,-0.01,-2.83,0.0,0.0,-1.0,-1.0
5.059,10.5,2.661,4.42,-0.009,-2.83,0.0,0.0,-1.0,-1.0
5.079,10.5,2.604,4.42,-0.007,-2.83,-0.001,0.0,-1.0,-1.0
5.099,10.5,2.548,4.42,-0.005,-2.831,-0.004,0.0,-1.0,-1.0
5.119,10.5,2.491,4.42,-0.002,-2.833,-0.008,0.0,-1.0,-1.0
5.139,10.5,2.435,4.42,0.0,-2.834,-0.012,0.0,-1.0,-1.0
5.159,10.499,2.378,4.42,0.003,-2.836,-0.017,0.0,-1.0,-1.0
5.179,10.499,2.322,4.42,0.005,-2.837,-0.02,0.0,-1.0,-1.0
5.199,10.5,2.265,4.42,0.007,-2.838,-0.022,0.0,-1.0,-1.0
5.219,10.5,2.208,4.42,0.009,-2.838,-0.023,0.0,-1.0,-1.0
5.239,10.5,2.152,4.42,0.01,-2.837,-0.021,0.0,-1.0,-1.0
5.259,10.5,2.095,4.42,0.01,-2.835,-0.015,0.0,-1.0,-1.0
5.279,10.5,2.039,4.42,0.009,-2.832,-0.006,0.0,-1.0,-1.0
5.299,10.5,1.982,4.421,0.008,-2.83,0.006,0.0,-1.0,-1.0
5.319,10.5,1.926,4.421,0.006,-2.841,0.015,0.0,-1.0,-1.0
5.339,10.5,1.869,4.421,0.004,-2.864,0.02,0.0,-1.0,-1.0
5.359,10.5,1.813,4.422,0.001,-2.895,0.023,0.0,-1.0,-1.0
5.379,10.5,1.757,4.423,-0.001,-2.927,0.025,0.0,-1.0,-1.0
5.399,10.501,1.7,4.425,-0.004,-2.957,0.029,0.0,-1.0,-1.0
5.419,10.501,1.644,4.426,-0.006,-2.979,0.034,0.0,-1.0,-1.0
5.439,10.5,1.588,4.428,-0.008,-2.988,0.043,0.0,-1.0,-1.0
5.459,10.5,1.533,4.43,-0.009,-2.98,0.058,0.0,-1.0,-1.0
5.479,10.5,1.477,4.433,-0.01,-2.949,0.079,0.0,-1.0,-1.0
5.499,10.5,1.421,4.435,-0.01,-2.891,0.108,0.0,-1.0,-1.0
5.519,10.5,1.366,4.438,-0.009,-2.8,0.147,0.0,-1.0,-1.0
5.539,10.5,1.311,4.442,-0.007,-2.684,0.195,0.0,-1.0,-1.0
5.559,10.5,1.258,4.446,-0.005,-2.568,0.249,0.0,-1.0,-1.0
5.579,10.5,1.208,4.451,-0.003,-2.452,0.306,0.0,-1.0,-1.0
5.599,10.5,1.16,4.457,-0.001,-2.336,0.366,0.0,-1.0,-1.0
5.619,10.5,1.115,4.465,0.002,-2.221,0.425,0.0,-1.0,-1.0
5.639,10.499,1.072,4.473,0.004,-2.105,0.483,0.0,-1.0,-1.0
5.659,10.5,1.031,4.482,0.006,-1.989,0.537,0.0,-1.0,-1.0
5.679,10.5,0.992,4.491,0.008,-1.872,0.587,0.0,-1.0,-1.0
5.699,10.5,0.956,4.502,0.009,-1.755,0.63,0.0,-1.0,-1.0
5.719,10.5,0.922,4.514,0.01,-1.637,0.664,0.0,-1.0,-1.0
5.739,10.5,0.891,4.527,0.01,-1.518,0.688,0.0,-1.0,-1.0
5.759,10.5,0.862,4.54,0.009,-1.398,0.701,0.0,-1.0,-1.0
5.779,10.5,0.835,4.555,0.019,-1.265,0.709,0.0,-1.0,-1.0
5.799,10.5,0.811,4.569,0.043,-1.119,0.719,0.0,-1.0,-1.0
5.819,10.5,0.789,4.583,0.077,-0.963,0.73,0.0,-1.0,-1.0
5.839,10.5,0.769,4.598,0.115,-0.803,0.74,0.0,-1.0,-1.0
5.859,10.501,0.752,4.612,0.151,-0.644,0.751,0.0,-1.0,-1.0
5.879,10.501,0.738,4.627,0.182,-0.491,0.761,0.0,-1.0,-1.0
5.899,10.5,0.725,4.642,0.2,-0.351,0.77,0.0,-1.0,-1.0
5.919,10.5,0.715,4.657,0.202,-0.227,0.778,0.0,-1.0,-1.0
5.939,10.5,0.708,4.673,0.181,-0.125,0.784,0.0,-1.0,-1.0
5.959,10.5,0.703,4.688,0.133,-0.052,0.788,0.0,-1.0,-1.0
5.979,10.5,0.7,4.704,0.052,-0.01,0.789,0.0,-1.0,-1.0
5.999,10.5,0.7,4.719,-0.063,-0.003,0.787,0.0,-1.0,-1.0
6.019,10.497,0.7,4.735,-0.184,-0.001,0.786,0.0,-1.0,-1.0
6.039,10.492,0.7,4.751,-0.305,0.001,0.786,0.0,-1.0,-1.0
6.059,10.485,0.7,4.766,-0.426,0.003,0.785,0.0,-1.0,-1.0
6.079,10.475,0.7,4.782,-0.547,0.004,0.783,0.0,-1.0,-1.0
6.099,10.463,0.7,4.798,-0.667,0.004,0.777,0.0,-1.0,-1.0
6.119,10.449,0.7,4.813,-0.788,0.003,0.77,0.0,-1.0,-1.0
6.139,10.432,0.7,4.828,-0.909,0.001,0.765,0.0,-1.0,-1.0
6.159,10.412,0.7,4.843,-1.03,-0.001,0.762,0.0,-1.0,-1.0
6.179,10.39,0.7,4.858,-1.151,-0.003,0.756,0.0,-1.0,-1.0
6.199,10.366,0.7,4.873,-1.271,-0.004,0.745,0.0,-1.0,-1.0
6.219,10.34,0.7,4.888,-1.391,-0.004,0.725,0.0,-1.0,-1.0
6.239,10.311,0.7,4.902,-1.511,-0.002,0.703,0.0,-1.0,-1.0
6.259,10.279,0.7,4.916,-1.633,-0.0,0.686,0.0,-1.0,-1.0
6.279,10.245,0.7,4.929,-1.754,0.002,0.67,0.0,-1.0,-1.0
6.299,10.209,0.7,4.941,-1.874,0.003,0.648,0.0,-1.0,-1.0
6.319,10.171,0.7,4.953,-1.992,0.004,0.614,0.0,-1.0,-1.0
6.339,10.13,0.7,4.965,-2.108,0.004,0.563,0.0,-1.0,-1.0
6.359,10.086,0.7,4.976,-2.239,0.002,0.499,0.0,-1.0,-1.0
6.379,10.041,0.7,4.985,-2.384,-0.0,0.432,0.0,-1.0,-1.0
6.399,9.993,0.7,4.993,-2.526,-0.002,0.366,0.0,-1.0,-1.0
6.419,9.943,0.7,5.001,-2.647,-0.004,0.304,0.0,-1.0,-1.0
6.439,9.891,0.7,5.006,-2.728,-0.004,0.251,0.0,-1.0,-1.0
6.459,9.836,0.7,5.011,-2.756,-0.003,0.209,0.0,-1.0,-1.0
6.479,9.781,0.7,5.015,-2.773,-0.001,0.163,0.0,-1.0,-1.0
6.499,9.725,0.7,5.018,-2.791,0.001,0.112,0.0,-1.0,-1.0
6.519,9.669,0.7,5.02,-2.807,0.003,0.064,0.0,-1.0,-1.0
6.539,9.613,0.7,5.022,-2.821,0.004,0.026,0.0,-1.0,-1.0
6.559,9.557,0.7,5.022,-2.828,0.004,0.004,0.0,-1.0,-1.0
6.579,9.501,0.7,5.023,-2.829,0.003,0.001,0.0,-1.0,-1.0
6.599,9.444,0.7,5.023,-2.829,0.001,0.001,0.0,-1.0,-1.0
6.619,9.387,0.7,5.023,-2.829,-0.001,0.001,0.0,-1.0,-1.0
6.639,9.331,0.7,5.023,-2.829,-0.003,0.001,0.0,-1.0,-1.0
6.659,9.274,0.7,5.023,-2.829,-0.004,0.001,0.0,-1.0,-1.0
6.679,9.218,0.7,5.023,-2.829,-0.004,0.001,0.0,-1.0,-1.0
6.699,9.161,0.7,5.023,-2.831,-0.002,0.005,0.0,-1.0,-1.0
6.719,9.104,0.7,5.023,-2.835,-0.0,0.017,0.0,-1.0,-1.0
6.739,9.048,0.7,5.023,-2.839,0.002,0.031,0.0,-1.0,-1.0
6.759,8.991,0.7,5.023,-2.842,0.003,0.038,0.0,-1.0,-1.0
6.779,8.935,0.7,5.023,-2.839,0.004,0.03,0.0,-1.0,-1.0
6.799,8.878,0.7,5.023,-2.829,0.004,0.001,0.0,-1.0,-1.0
6.819,8.822,0.7,5.022,-2.821,0.002,-0.022,0.0,-1.0,-1.0
6.839,8.766,0.7,5.021,-2.82,-0.0,-0.024,0.0,-1.0,-1.0
6.859,8.71,0.7,5.019,-2.818,-0.002,-0.028,0.0,-1.0,-1.0
6.879,8.654,0.7,5.016,-2.808,-0.004,-0.057,0.0,-1.0,-1.0
6.899,8.599,0.7,5.012,-2.782,-0.004,-0.135,0.0,-1.0,-1.0
6.919,8.544,0.7,5.008,-2.732,-0.003,-0.282,0.0,-1.0,-1.0
6.939,8.49,0.7,5.0,-2.673,-0.002,-0.448,0.0,-1.0,-1.0
6.959,8.437,0.7,4.989,-2.614,0.0,-0.611,0.0,-1.0,-1.0
6.979,8.385,0.7,4.975,-2.555,0.002,-0.776,0.0,-1.0,-1.0
6.999,8.335,0.7,4.957,-2.496,0.004,-0.947,0.0,-1.0,-1.0
7.019,8.286,0.7,4.936,-2.438,0.004,-1.131,0.0,-1.0,-1.0
7.039,8.237,0.7,4.912,-2.379,-0.0,-1.335,0.0,-1.0,-1.0
7.059,8.19,0.7,4.883,-2.318,-0.029,-1.579,0.0,-1.0,-1.0
7.079,8.144,0.7,4.85,-2.255,-0.067,-1.838,0.0,-1.0,-1.0
7.099,8.1,0.7,4.814,-2.193,-0.094,-2.08,0.0,-1.0,-1.0
7.119,8.056,0.7,4.773,-2.136,-0.091,-2.275,0.0,-1.0,-1.0
7.139,8.014,0.7,4.728,-2.086,-0.037,-2.391,0.0,-1.0,-1.0
7.159,7.973,0.7,4.68,-2.044,0.071,-2.427,0.0,-1.0,-1.0
7.179,7.932,0.703,4.631,-2.006,0.184,-2.462,0.0,-1.0,-1.0
7.199,7.893,0.708,4.582,-1.969,0.298,-2.499,0.0,-1.0,-1.0
7.219,7.854,0.715,4.532,-1.93,0.411,-2.533,0.0,-1.0,-1.0
7.239,7.816,0.724,4.482,-1.887,0.522,-2.559,0.0,-1.0,-1.0
7.259,7.779,0.735,4.431,-1.836,0.631,-2.572,0.0,-1.0,-1.0
7.279,7.743,0.749,4.379,-1.779,0.738,-2.577,0.0,-1.0,-1.0
7.299,7.708,0.765,4.328,-1.727,0.849,-2.593,0.0,-1.0,-1.0
7.319,7.674,0.783,4.276,-1.675,0.962,-2.611,0.0,-1.0,-1.0
7.339,7.641,0.803,4.225,-1.62,1.072,-2.623,0.0,-1.0,-1.0
7.359,7.61,0.825,4.173,-1.56,1.176,-2.619,0.0,-1.0,-1.0
7.379,7.58,0.849,4.122,-1.492,1.271,-2.589,0.0,-1.0,-1.0
7.399,7.551,0.875,4.071,-1.414,1.357,-2.538,0.0,-1.0,-1.0
7.419,7.523,0.903,4.021,-1.335,1.446,-2.496,0.0,-1.0,-1.0
7.439,7.497,0.933,3.972,-1.255,1.535,-2.456,0.0,-1.0,-1.0
7.459,7.473,0.964,3.924,-1.177,1.623,-2.41,0.0,-1.0,-1.0
7.479,7.45,0.997,3.877,-1.099,1.706,-2.35,0.0,-1.0,-1.0
7.499,7.429,1.032,3.831,-1.022,1.783,-2.266,0.0,-1.0,-1.0
7.519,7.409,1.068,3.787,-0.944,1.854,-2.159,0.0,-1.0,-1.0
7.539,7.391,1.106,3.745,-0.856,1.929,-2.052,0.0,-1.0,-1.0
7.559,7.374,1.145,3.705,-0.767,2.005,-1.945,0.0,-1.0,-1.0
7.579,7.359,1.186,3.667,-0.683,2.078,-1.838,0.0,-1.0,-1.0
7.599,7.345,1.228,3.632,-0.613,2.145,-1.73,0.0,-1.0,-1.0
7.619,7.333,1.271,3.598,-0.563,2.202,-1.622,0.0,-1.0,-1.0
7.639,7.322,1.315,3.567,-0.524,2.253,-1.508,0.0,-1.0,-1.0
7.659,7.312,1.361,3.538,-0.468,2.311,-1.382,0.0,-1.0,-1.0
7.679,7.302,1.407,3.511,-0.408,2.372,-1.253,0.0,-1.0,-1.0
7.699,7.293,1.454,3.486,-0.361,2.427,-1.133,0.0,-1.0,-1.0
7.719,7.284,1.503,3.463,-0.34,2.469,-1.031,0.0,-1.0,-1.0
7.739,7.276,1.552,3.443,-0.362,2.491,-0.959,0.0,-1.0,-1.0
7.759,7.269,1.602,3.424,-0.421,2.502,-0.91,0.0,-1.0,-1.0
7.779,7.259,1.652,3.406,-0.475,2.528,-0.856,0.0,-1.0,-1.0
7.799,7.249,1.702,3.389,-0.529,2.558,-0.801,0.0,-1.0,-1.0
7.819,7.238,1.752,3.373,-0.586,2.576,-0.751,0.0,-1.0,-1.0
7.839,7.225,1.802,3.358,-0.651,2.57,-0.71,0.0,-1.0,-1.0
7.859,7.211,1.852,3.344,-0.729,2.524,-0.684,0.0,-1.0,-1.0
7.879,7.195,1.901,3.33,-0.822,2.447,-0.673,0.0,-1.0,-1.0
7.899,7.178,1.95,3.317,-0.923,2.375,-0.666,0.0,-1.0,-1.0
7.919,7.159,1.996,3.304,-1.025,2.303,-0.658,0.0,-1.0,-1.0
7.939,7.138,2.041,3.291,-1.122,2.228,-0.649,0.0,-1.0,-1.0
7.959,7.115,2.084,3.278,-1.206,2.144,-0.636,0.0,-1.0,-1.0
7.979,7.091,2.126,3.266,-1.271,2.046,-0.617,0.0,-1.0,-1.0
7.999,7.065,2.166,3.254,-1.32,1.937,-0.593,0.0,-1.0,-1.0
8.019,7.038,2.203,3.242,-1.372,1.828,-0.572,0.0,-1.0,-1.0
8.039,7.011,2.239,3.231,-1.424,1.719,-0.55,0.0,-1.0,-1.0
8.059,6.982,2.272,3.22,-1.474,1.61,-0.528,0.0,-1.0,-1.0
8.079,6.952,2.303,3.21,-1.52,1.5,-0.502,0.0,-1.0,-1.0
8.099,6.922,2.332,3.201,-1.557,1.387,-0.47,0.0,-1.0,-1.0
8.119,6.89,2.358,3.192,-1.59,1.273,-0.435,0.0,-1.0,-1.0
8.139,6.858,2.383,3.183,-1.623,1.159,-0.401,0.0,-1.0,-1.0
8.159,6.825,2.405,3.176,-1.656,1.045,-0.366,0.0,-1.0,-1.0
8.179,6.792,2.424,3.169,-1.689,0.931,-0.332,0.0,-1.0,-1.0
8.199,6.758,2.442,3.163,-1.72,0.817,-0.295,0.0,-1.0,-1.0
8.219,6.723,2.457,3.157,-1.747,0.702,-0.255,0.0,-1.0,-1.0
8.239,6.688,2.47,3.153,-1.764,0.575,-0.209,0.0,-1.0,-1.0
8.259,6.652,2.481,3.149,-1.766,0.427,-0.155,0.0,-1.0,-1.0
8.279,6.616,2.489,3.146,-1.766,0.276,-0.1,0.0,-1.0,-1.0
8.299,6.579,2.495,3.143,-1.778,0.142,-0.051,0.0,-1.0,-1.0
8.319,6.542,2.499,3.142,-1.815,0.043,-0.016,0.0,-1.0,-1.0
8.339,6.504,2.5,3.142,-1.892,0.001,-0.0,0.0,-1.0,-1.0
8.359,6.466,2.5,3.142,-2.008,-0.0,-0.0,0.0,-1.0,-1.0
8.379,6.424,2.5,3.142,-2.142,-0.0,-0.0,0.0,-1.0,-1.0
8.399,6.381,2.5,3.142,-2.284,-0.0,-0.0,0.0,-1.0,-1.0
8.419,6.336,2.5,3.142,-2.426,0.0,0.0,0.0,-1.0,-1.0
8.439,6.288,2.5,3.142,-2.559,0.0,0.0,0.0,-1.0,-1.0
8.459,6.239,2.5,3.142,-2.675,0.0,0.0,0.0,-1.0,-1.0
8.479,6.187,2.5,3.142,-2.764,0.0,0.0,0.0,-1.0,-1.0
8.499,6.133,2.5,3.142,-2.818,0.0,0.0,0.0,-1.0,-1.0
8.519,6.077,2.5,3.142,-2.83,0.0,0.0,0.0,-1.0,-1.0
8.539,6.02,2.5,3.142,-2.83,0.0,0.0,0.0,-1.0,-1.0
8.559,5.964,2.5,3.142,-2.83,0.0,0.0,0.0,-1.0,-1.0
8.579,5.907,2.5,3.142,-2.83,-0.0,-0.0,0.0,-1.0,-1.0
8.599,5.85,2.5,3.142,-2.83,-0.0,-0.0,0.0,-1.0,-1.0
8.619,5.794,2.5,3.142,-2.83,-0.0,-0.0,0.0,-1.0,-1.0
8.639,5.737,2.5,3.142,-2.83,-0.0,-0.0,0.0,-1.0,-1.0
8.659,5.681,2.5,3.142,-2.83,-0.0,-0.0,0.0,-1.0,-1.0
8.679,5.624,2.5,3.142,-2.83,-0.0,-0.0,0.0,-1.0,-1.0
8.699,5.568,2.5,3.142,-2.83,-0.0,-0.0,0.0,-1.0,-1.0
8.719,5.511,2.5,3.142,-2.83,-0.0,-0.0,0.0,-1.0,-1.0
8.739,5.454,2.5,3.142,-2.83,-0.0,-0.0,0.0,-1.0,-1.0
8.759,5.398,2.5,3.142,-2.83,0.0,0.0,0.0,-1.0,-1.0
8.779,5.341,2.5,3.142,-2.83,0.0,0.0,0.0,-1.0,-1.0
8.799,5.285,2.5,3.142,-2.83,0.0,0.0,0.0,-1.0,-1.0
8.819,5.228,2.5,3.142,-2.83,0.0,0.0,0.0,-1.0,-1.0
8.839,5.171,2.5,3.142,-2.83,0.0,0.0,0.0,-1.0,-1.0
8.859,5.115,2.5,3.142,-2.83,0.0,0.0,0.0,-1.0,-1.0
8.879,5.058,2.5,3.142,-2.83,0.0,0.0,0.0,-1.0,-1.0
8.899,5.002,2.5,3.142,-2.83,0.0,0.0,0.0,-1.0,-1.0
8.919,4.945,2.5,3.142,-2.83,0.0,0.0,0.0,-1.0,-1.0
8.939,4.888,2.5,3.142,-2.83,-0.0,-0.0,0.0,-1.0,-1.0
8.959,4.832,2.5,3.142,-2.83,-0.0,-0.0,0.0,-1.0,-1.0
8.979,4.775,2.5,3.142,-2.83,-0.0,-0.0,0.0,-1.0,-1.0
8.999,4.719,2.5,3.142,-2.83,-0.0,-0.0,0.0,-1.0,-1.0
9.019,4.662,2.5,3.142,-2.83,-0.0,-0.0,0.0,-1.0,-1.0
9.039,4.606,2.5,3.142,-2.83,-0.0,-0.0,0.0,-1.0,-1.0
9.059,4.549,2.5,3.142,-2.83,-0.0,-0.0,0.0,-1.0,-1.0
9.079,4.492,2.5,3.142,-2.83,-0.0,-0.0,0.0,-1.0,-1.0
9.099,4.436,2.5,3.142,-2.83,0.0,0.0,0.0,-1.0,-1.0
9.119,4.379,2.5,3.142,-2.83,0.0,0.0,0.0,-1.0,-1.0
9.139,4.323,2.5,3.142,-2.83,0.0,0.0,0.0,-1.0,-1.0
9.159,4.266,2.5,3.142,-2.83,0.0,0.0,0.0,-1.0,-1.0
9.179,4.209,2.5,3.142,-2.83,0.0,0.0,0.0,-1.0,-1.0
9.199,4.153,2.5,3.142,-2.83,0.0,0.0,0.0,-1.0,-1.0
9.219,4.096,2.5,3.142,-2.83,0.0,0.0,0.0,-1.0,-1.0
9.239,4.04,2.5,3.142,-2.83,0.0,0.0,0.0,-1.0,-1.0
9.259,3.983,2.5,3.142,-2.83,0.0,0.0,0.0,-1.0,-1.0
9.279,3.926,2.5,3.142,-2.83,-0.0,-0.0,0.0,-1.0,-1.0
9.299,3.87,2.5,3.142,-2.83,-0.0,-0.0,0.0,-1.0,-1.0
9.319,3.813,2.5,3.142,-2.83,-0.0,-0.0,0.0,-1.0,-1.0
9.339,3.757,2.5,3.142,-2.83,-0.0,-0.0,0.0,-1.0,-1.0
9.359,3.7,2.5,3.142,-2.83,-0.0,-0.0,0.0,-1.0,-1.0
9.379,3.644,2.5,3.142,-2.831,-0.0,-0.0,0.0,-1.0,-1.0
9.399,3.587,2.5,3.142,-2.845,-0.0,-0.0,0.0,-1.0,-1.0
9.419,3.53,2.5,3.142,-2.871,-0.0,-0.0,0.0,-1.0,-1.0
9.439,3.474,2.5,3.142,-2.9,-0.0,-0.0,0.0,-1.0,-1.0
9.459,3.417,2.5,3.142,-2.925,0.0,0.0,0.0,-1.0,-1.0
9.479,3.361,2.5,3.142,-2.94,0.0,0.0,0.0,-1.0,-1.0
9.499,3.304,2.5,3.142,-2.937,0.0,0.0,0.0,-1.0,-1.0
9.519,3.247,2.5,3.142,-2.909,0.0,0.0,0.0,-1.0,-1.0
9.539,3.191,2.5,3.142,-2.849,0.0,0.0,0.0,-1.0,-1.0
9.559,3.135,2.5,3.142,-2.764,0.0,0.0,0.0,-1.0,-1.0
9.579,3.08,2.5,3.142,-2.684,0.0,0.0,0.0,-1.0,-1.0
9.599,3.028,2.5,3.142,-2.607,0.0,0.0,0.0,-1.0,-1.0
9.619,2.977,2.5,3.142,-2.529,0.0,0.0,0.0,-1.0,-1.0
9.639,2.928,2.5,3.142,-2.45,-0.0,-0.0,0.0,-1.0,-1.0
9.659,2.881,2.5,3.142,-2.365,-0.0,-0.0,0.0,-1.0,-1.0
9.679,2.835,2.5,3.142,-2.272,-0.0,-0.0,0.0,-1.0,-1.0
9.699,2.791,2.5,3.142,-2.17,-0.0,-0.0,0.0,-1.0,-1.0
9.719,2.749,2.5,3.142,-2.054,-0.0,-0.0,0.0,-1.0,-1.0
9.739,2.709,2.5,3.142,-1.933,-0.0,-0.0,0.0,-1.0,-1.0
9.759,2.672,2.5,3.142,-1.812,-0.0,-0.0,0.0,-1.0,-1.0
9.779,2.637,2.5,3.142,-1.691,-0.0,-0.0,0.0,-1.0,-1.0
9.799,2.604,2.5,3.142,-1.571,-0.0,-0.0,0.0,-1.0,-1.0
9.819,2.574,2.5,3.142,-1.45,0.0,0.0,0.0,-1.0,-1.0
9.839,2.546,2.5,3.142,-1.329,0.0,0.0,0.0,-1.0,-1.0
9.859,2.521,2.5,3.142,-1.208,0.0,0.0,0.0,-1.0,-1.0
9.879,2.498,2.5,3.142,-1.087,0.0,0.0,0.0,-1.0,-1.0
9.899,2.477,2.5,3.142,-0.967,0.0,0.0,0.0,-1.0,-1.0
9.919,2.459,2.5,3.142,-0.846,0.0,0.0,0.0,-1.0,-1.0
9.939,2.443,2.5,3.142,-0.725,0.0,0.0,0.0,-1.0,-1.0
9.959,2.43,2.5,3.142,-0.604,0.0,0.0,0.0,-1.0,-1.0
9.979,2.419,2.5,3.142,-0.483,0.0,0.0,0.0,-1.0,-1.0
9.999,2.411,2.5,3.142,-0.362,0.0,0.0,0.0,-1.0,-1.0
10.019,2.405,2.5,3.142,-0.242,0.0,0.0,0.0,-1.0,-1.0
10.039,2.401,2.5,3.142,-0.121,0.0,0.0,0.0,-1.0,-1.0
10.059,2.4,2.5,3.142,-0.0,-0.0,-0.0,1.0,-1.0,-1.0
